race_source_id,date,course,subtype,horse,finish_position,or,current_base,current_same_day,sec_per_f,sec_per_f_same_day,pct,pct_same_day,race_name
836811,2025-01-01,Southwell,chase,Bold Reaction,3,109,-12.46,-,47.21,-,47.95,-,Jordan Road Surfacing Novices' Handicap Chase (GBB Race)
834740,2025-01-01,Cheltenham,chase,Tedley,3,129,-17.64,61.66,46.93,82.71,46.02,83.45,Sonic The Hedgehog 3 In Cinemas Now Novices' Limited Handicap Chase (GBB Race)
837296,2025-01-01,Exeter,chase,Bampton Star,3,100,-0.46,110.78,68.85,103.34,69.79,103.06,Happy New Year From Greendale Farm Conditional Jockeys' Handicap Chase
837296,2025-01-01,Exeter,chase,Simple Getaway,4,104,-8.96,102.28,66.21,100.71,67.24,100.65,Happy New Year From Greendale Farm Conditional Jockeys' Handicap Chase
836812,2025-01-01,Southwell,chase,Faitque De L'Isle,4,77,-0.95,-,67.51,-,69.52,-,Jordan Recycling Innovation Handicap Chase
836772,2025-01-01,Musselburgh,hurdle,Cracker Star,3,,-3.49,76.69,52.41,89.28,50.24,89.50,Henry Bocian Juvenile Hurdle (GBB Race)
836772,2025-01-01,Musselburgh,hurdle,Snow Dragon,4,,-5.99,74.19,51.26,88.13,49.04,88.37,Henry Bocian Juvenile Hurdle (GBB Race)
836772,2025-01-01,Musselburgh,hurdle,Spartan Warrior,5,105,-11.99,68.19,48.50,85.37,46.16,85.67,Henry Bocian Juvenile Hurdle (GBB Race)
836772,2025-01-01,Musselburgh,hurdle,Platin Moon,6,,-13.74,66.44,47.69,84.57,45.32,84.88,Henry Bocian Juvenile Hurdle (GBB Race)
836772,2025-01-01,Musselburgh,hurdle,Miaswell,7,,-32.74,47.44,38.95,75.83,36.18,76.32,Henry Bocian Juvenile Hurdle (GBB Race)
836800,2025-01-01,Fakenham,hurdle,Berkshire Lad,6,,-24.93,-,42.45,-,42.12,-,Book Your Skip Online At fakenhamskips.co.uk Maiden Hurdle (GBB Race)
836800,2025-01-01,Fakenham,hurdle,Aughnagomaun,7,,-33.93,-,38.30,-,37.95,-,Book Your Skip Online At fakenhamskips.co.uk Maiden Hurdle (GBB Race)
834741,2025-01-01,Cheltenham,hurdle,Pierrot Jaguen,3,,-3.63,99.84,63.23,99.94,62.13,99.95,Richmond Villages And Bupa Care Homes Maiden Hurdle (GBB Race)
834741,2025-01-01,Cheltenham,hurdle,Mount Gay Run,4,,-13.13,90.34,59.86,96.57,58.65,96.69,Richmond Villages And Bupa Care Homes Maiden Hurdle (GBB Race)
834741,2025-01-01,Cheltenham,hurdle,Night Duty,5,109,-20.13,83.34,57.37,94.09,56.10,94.29,Richmond Villages And Bupa Care Homes Maiden Hurdle (GBB Race)
836805,2025-01-01,Exeter,chase,Western General,5,119,-6.55,81.92,58.46,92.95,59.17,93.46,Passage House Inn Novices' Handicap Chase (GBB Race)
836813,2025-01-01,Southwell,chase,Stringtoyourbow,2,113,-24.67,-,53.78,-,54.97,-,Jordan Road Planning Handicap Chase
836773,2025-01-01,Musselburgh,chase,Okavango Delta,1,100,-16.82,82.07,56.44,93.32,56.87,93.78,Virgin Bet Daily Price Boosts Novices' Handicap Chase
836773,2025-01-01,Musselburgh,chase,Divas Doyen,2,85,-23.32,75.57,54.02,90.89,54.47,91.52,Virgin Bet Daily Price Boosts Novices' Handicap Chase
836773,2025-01-01,Musselburgh,chase,Winds Of Winter,3,88,-27.32,71.57,52.52,89.40,52.99,90.13,Virgin Bet Daily Price Boosts Novices' Handicap Chase
836773,2025-01-01,Musselburgh,chase,Benefit Ben,4,95,-45.32,53.57,45.81,82.69,46.35,83.88,Virgin Bet Daily Price Boosts Novices' Handicap Chase
836773,2025-01-01,Musselburgh,chase,Prospect House,5,77,-45.52,53.37,45.74,82.61,46.27,83.81,Virgin Bet Daily Price Boosts Novices' Handicap Chase
836773,2025-01-01,Musselburgh,chase,Valleyview Tommy,6,88,-70.52,28.37,36.41,73.29,37.04,75.13,Virgin Bet Daily Price Boosts Novices' Handicap Chase
836801,2025-01-01,Fakenham,hurdle,Malago Rose,1,94,-89.52,-,36.24,-,37.45,-,Betting Better With Sky Bet Mares' Novices' Limited Handicap Hurdle
836801,2025-01-01,Fakenham,hurdle,Lady's Present,2,80,-102.52,-,31.86,-,33.16,-,Betting Better With Sky Bet Mares' Novices' Limited Handicap Hurdle
836801,2025-01-01,Fakenham,hurdle,Regally Blonde,3,79,-112.52,-,28.50,-,29.86,-,Betting Better With Sky Bet Mares' Novices' Limited Handicap Hurdle
836801,2025-01-01,Fakenham,hurdle,Extra Cover,4,79,-113.02,-,28.33,-,29.69,-,Betting Better With Sky Bet Mares' Novices' Limited Handicap Hurdle
836801,2025-01-01,Fakenham,hurdle,Hurst Hill,5,91,-126.02,-,23.96,-,25.40,-,Betting Better With Sky Bet Mares' Novices' Limited Handicap Hurdle
834742,2025-01-01,Cheltenham,chase,Chantry House,1,149,-20.02,98.55,63.53,99.56,64.82,99.60,Betfair Handicap Chase (GBB Race)
834742,2025-01-01,Cheltenham,chase,Our Power,2,144,-26.52,92.05,61.56,97.58,62.92,97.80,Betfair Handicap Chase (GBB Race)
834742,2025-01-01,Cheltenham,chase,Bowtogreatness,3,132,-30.52,88.05,60.34,96.37,61.75,96.70,Betfair Handicap Chase (GBB Race)
834742,2025-01-01,Cheltenham,chase,Broadway Boy,4,150,-38.52,80.05,57.91,93.94,59.40,94.48,Betfair Handicap Chase (GBB Race)
834742,2025-01-01,Cheltenham,chase,Cloudy Glen,5,145,-58.52,60.05,51.84,87.86,53.54,88.96,Betfair Handicap Chase (GBB Race)
836806,2025-01-01,Exeter,hurdle,Gentleman Jacques,2,98,-4.08,96.84,64.43,98.92,64.68,98.99,Peter Holland Memorial Handicap Hurdle (Div 1)
836806,2025-01-01,Exeter,hurdle,Chauffeur Driven,3,94,-10.08,90.84,62.38,96.87,62.64,97.07,Peter Holland Memorial Handicap Hurdle (Div 1)
836806,2025-01-01,Exeter,hurdle,Mutley Crew,4,85,-10.58,90.34,62.20,96.70,62.47,96.91,Peter Holland Memorial Handicap Hurdle (Div 1)
836806,2025-01-01,Exeter,hurdle,Can't Say,5,101,-22.58,78.34,58.10,92.60,58.40,93.06,Peter Holland Memorial Handicap Hurdle (Div 1)
836806,2025-01-01,Exeter,hurdle,Inspector Lynley,6,81,-26.58,74.34,56.74,91.23,57.05,91.78,Peter Holland Memorial Handicap Hurdle (Div 1)
836806,2025-01-01,Exeter,hurdle,Sheeka Supreme,7,86,-29.33,71.59,55.80,90.29,56.11,90.90,Peter Holland Memorial Handicap Hurdle (Div 1)
836806,2025-01-01,Exeter,hurdle,Eileen's Milan,8,104,-38.33,62.59,52.72,87.21,53.06,88.02,Peter Holland Memorial Handicap Hurdle (Div 1)
836806,2025-01-01,Exeter,hurdle,Caitlin's Court,9,80,-45.33,55.59,50.33,84.82,50.68,85.78,Peter Holland Memorial Handicap Hurdle (Div 1)
836814,2025-01-01,Southwell,hurdle,Moon Rocket,1,,-18.53,-,61.41,-,63.79,-,Jordan Volumix Concrete Novices' Hurdle (GBB Race)
836814,2025-01-01,Southwell,hurdle,Just A Memory,2,,-26.53,-,58.81,-,61.35,-,Jordan Volumix Concrete Novices' Hurdle (GBB Race)
836814,2025-01-01,Southwell,hurdle,Silver Thorn,3,,-36.03,-,55.72,-,58.45,-,Jordan Volumix Concrete Novices' Hurdle (GBB Race)
836814,2025-01-01,Southwell,hurdle,Superior Glance,4,,-43.53,-,53.27,-,56.16,-,Jordan Volumix Concrete Novices' Hurdle (GBB Race)
836814,2025-01-01,Southwell,hurdle,Socialiser,5,,-47.78,-,51.89,-,54.86,-,Jordan Volumix Concrete Novices' Hurdle (GBB Race)
836774,2025-01-01,Musselburgh,hurdle,Bold Light,1,116,-13.68,83.22,56.74,93.61,56.90,94.02,LiveScore Bet Best Odds Daily Hogmaneigh Handicap Hurdle (GBB Race)
836774,2025-01-01,Musselburgh,hurdle,Ballygeary,2,120,-20.68,76.22,54.07,90.95,54.25,91.53,LiveScore Bet Best Odds Daily Hogmaneigh Handicap Hurdle (GBB Race)
836774,2025-01-01,Musselburgh,hurdle,Liari,3,129,-23.93,72.97,52.84,89.71,53.02,90.37,LiveScore Bet Best Odds Daily Hogmaneigh Handicap Hurdle (GBB Race)
836774,2025-01-01,Musselburgh,hurdle,Sweet Fantasy,4,128,-24.43,72.47,52.65,89.52,52.83,90.19,LiveScore Bet Best Odds Daily Hogmaneigh Handicap Hurdle (GBB Race)
836802,2025-01-01,Fakenham,chase,Boleyn Boy,4,89,-10.92,-,59.73,-,61.57,-,Racing TV Novices' Handicap Chase
836802,2025-01-01,Fakenham,chase,Fromposttopillar,5,70,-13.17,-,58.92,-,60.79,-,Racing TV Novices' Handicap Chase
836802,2025-01-01,Fakenham,chase,Hardy Buck,6,95,-15.42,-,58.10,-,60.01,-,Racing TV Novices' Handicap Chase
834739,2025-01-01,Cheltenham,chase,Marble Sands,2,144,-6.87,95.55,61.69,98.40,61.55,98.50,Betfair Exchange Handicap Chase (Premier Handicap) (GBB Race)
834739,2025-01-01,Cheltenham,chase,Seddon,3,143,-9.62,92.80,60.70,97.42,60.57,97.57,Betfair Exchange Handicap Chase (Premier Handicap) (GBB Race)
834739,2025-01-01,Cheltenham,chase,Lounge Lizard,4,135,-19.12,83.30,57.30,94.01,57.15,94.35,Betfair Exchange Handicap Chase (Premier Handicap) (GBB Race)
834739,2025-01-01,Cheltenham,chase,Midnight River,5,148,-21.37,81.05,56.49,93.21,56.34,93.59,Betfair Exchange Handicap Chase (Premier Handicap) (GBB Race)
834739,2025-01-01,Cheltenham,chase,Gemirande,6,144,-56.37,46.05,43.94,80.66,43.75,81.76,Betfair Exchange Handicap Chase (Premier Handicap) (GBB Race)
836807,2025-01-01,Exeter,hurdle,Looking For Larry,1,99,-12.58,84.09,60.95,94.48,61.23,94.82,Peter Holland Memorial Handicap Hurdle (Div 2)
836807,2025-01-01,Exeter,hurdle,William Philo,2,85,-18.58,78.09,58.87,92.40,59.17,92.87,Peter Holland Memorial Handicap Hurdle (Div 2)
836807,2025-01-01,Exeter,hurdle,Drash On Ruby,3,94,-21.58,75.09,57.83,91.36,58.13,91.89,Peter Holland Memorial Handicap Hurdle (Div 2)
836807,2025-01-01,Exeter,hurdle,Saint Cyr De Pail,4,103,-23.08,73.59,57.31,90.84,57.62,91.40,Peter Holland Memorial Handicap Hurdle (Div 2)
836807,2025-01-01,Exeter,hurdle,Blackhillsofdakota,5,91,-52.08,44.59,47.25,80.78,47.63,81.96,Peter Holland Memorial Handicap Hurdle (Div 2)
836807,2025-01-01,Exeter,hurdle,Paddys Island,6,101,-54.33,42.34,46.47,80.00,46.86,81.23,Peter Holland Memorial Handicap Hurdle (Div 2)
836807,2025-01-01,Exeter,hurdle,Instant De Bonheur,7,84,-64.33,32.34,43.01,76.53,43.41,77.98,Peter Holland Memorial Handicap Hurdle (Div 2)
836807,2025-01-01,Exeter,hurdle,Of Corse I Can,8,80,-72.83,23.84,40.06,73.59,40.49,75.21,Peter Holland Memorial Handicap Hurdle (Div 2)
836807,2025-01-01,Exeter,hurdle,Thirtyfour Thirty,9,102,-75.33,21.34,39.19,72.72,39.63,74.39,Peter Holland Memorial Handicap Hurdle (Div 2)
836815,2025-01-01,Southwell,hurdle,All The Glory,1,127,-235.34,-,-46.98,-,-43.20,-,Jordan Recycling Environmental Mares' Handicap Hurdle
836815,2025-01-01,Southwell,hurdle,Sunset Hill,2,114,-239.34,-,-48.73,-,-44.91,-,Jordan Recycling Environmental Mares' Handicap Hurdle
836815,2025-01-01,Southwell,hurdle,Eileen's Orders,3,101,-247.84,-,-52.46,-,-48.54,-,Jordan Recycling Environmental Mares' Handicap Hurdle
836815,2025-01-01,Southwell,hurdle,Uokhun,4,100,-251.59,-,-54.10,-,-50.14,-,Jordan Recycling Environmental Mares' Handicap Hurdle
836815,2025-01-01,Southwell,hurdle,Kalista Love,5,101,-252.09,-,-54.32,-,-50.35,-,Jordan Recycling Environmental Mares' Handicap Hurdle
836775,2025-01-01,Musselburgh,chase,Beau Balko,2,129,-1.98,106.65,62.44,102.45,62.81,102.27,Virgin Bet Auld Reekie Handicap Chase (GBB Race)
836775,2025-01-01,Musselburgh,chase,Half Shot,3,119,-25.98,82.65,53.60,93.61,54.06,94.08,Virgin Bet Auld Reekie Handicap Chase (GBB Race)
836775,2025-01-01,Musselburgh,chase,Indian Louis,4,110,-28.73,79.90,52.59,92.60,53.06,93.14,Virgin Bet Auld Reekie Handicap Chase (GBB Race)
836775,2025-01-01,Musselburgh,chase,High Moon,5,111,-39.73,68.90,48.54,88.55,49.05,89.39,Virgin Bet Auld Reekie Handicap Chase (GBB Race)
836803,2025-01-01,Fakenham,hurdle,An Bradan Feasa,4,118,-39.29,-,49.34,-,50.37,-,Gamble Plant Norfolk Ltd Grand Prix Handicap Hurdle
834743,2025-01-01,Cheltenham,hurdle,Strackan,1,117,-25.61,91.49,61.62,97.40,60.96,97.51,Best Odds On The Betfair Exchange Handicap Hurdle (GBB Race)
834743,2025-01-01,Cheltenham,hurdle,Idefix De Ciergues,2,116,-27.86,89.24,60.94,96.71,60.26,96.85,Best Odds On The Betfair Exchange Handicap Hurdle (GBB Race)
834743,2025-01-01,Cheltenham,hurdle,What A Johnny,3,119,-29.11,87.99,60.55,96.33,59.87,96.49,Best Odds On The Betfair Exchange Handicap Hurdle (GBB Race)
834743,2025-01-01,Cheltenham,hurdle,One Big Bang,4,127,-29.61,87.49,60.40,96.18,59.72,96.34,Best Odds On The Betfair Exchange Handicap Hurdle (GBB Race)
834743,2025-01-01,Cheltenham,hurdle,Deep Cave,5,130,-32.86,84.24,59.41,95.18,58.71,95.39,Best Odds On The Betfair Exchange Handicap Hurdle (GBB Race)
834743,2025-01-01,Cheltenham,hurdle,Catch Him Derry,6,124,-34.36,82.74,58.95,94.73,58.24,94.95,Best Odds On The Betfair Exchange Handicap Hurdle (GBB Race)
834743,2025-01-01,Cheltenham,hurdle,Twig,7,143,-35.61,81.49,58.57,94.34,57.85,94.59,Best Odds On The Betfair Exchange Handicap Hurdle (GBB Race)
834743,2025-01-01,Cheltenham,hurdle,Itchy Feet,8,139,-64.61,52.49,49.71,85.48,48.84,86.11,Best Odds On The Betfair Exchange Handicap Hurdle (GBB Race)
834743,2025-01-01,Cheltenham,hurdle,An Tailliur,9,130,-84.61,32.49,43.60,79.37,42.63,80.27,Best Odds On The Betfair Exchange Handicap Hurdle (GBB Race)
836808,2025-01-01,Exeter,hurdle,What U Wanna Do Is,4,,-14.27,62.04,49.80,83.32,49.48,84.15,Thurlestone Hotel Novices' Hurdle (GBB Race)
836808,2025-01-01,Exeter,hurdle,Tractor Jack,5,,-66.27,10.04,26.95,60.48,26.49,62.43,Thurlestone Hotel Novices' Hurdle (GBB Race)
836776,2025-01-01,Musselburgh,hurdle,Hey Mama Rock Me,2,78,-7.88,121.51,66.64,106.65,66.79,106.19,LiveScore Bet Handicap Hurdle
836776,2025-01-01,Musselburgh,hurdle,Brandy Mcqueen,3,105,-13.38,116.01,64.94,104.95,65.09,104.61,LiveScore Bet Handicap Hurdle
836776,2025-01-01,Musselburgh,hurdle,Anamanda,4,89,-21.88,107.51,62.32,102.32,62.48,102.16,LiveScore Bet Handicap Hurdle
836776,2025-01-01,Musselburgh,hurdle,Community Rebel,5,102,-25.88,103.51,61.08,101.09,61.24,101.01,LiveScore Bet Handicap Hurdle
836776,2025-01-01,Musselburgh,hurdle,Rickety Gate,6,93,-27.38,102.01,60.62,100.62,60.78,100.58,LiveScore Bet Handicap Hurdle
836776,2025-01-01,Musselburgh,hurdle,Giveupyerauldsins,7,104,-30.88,98.51,59.53,99.54,59.70,99.57,LiveScore Bet Handicap Hurdle
836782,2025-01-01,Catterick,hurdle,Robert d'Ores,5,87,-1.78,50.02,71.19,85.85,70.98,86.11,Go Racing In Yorkshire Season Ticket Handicap Hurdle
836782,2025-01-01,Catterick,hurdle,Be The Difference,6,98,-1.98,49.82,71.14,85.80,70.92,86.05,Go Racing In Yorkshire Season Ticket Handicap Hurdle
836804,2025-01-01,Fakenham,hurdle,Court Cian,1,108,-16.80,-,62.28,-,62.99,-,fakenhamracecourse.co.uk Handicap Hurdle
836804,2025-01-01,Fakenham,hurdle,Ted's Friend,2,105,-32.80,-,57.11,-,57.92,-,fakenhamracecourse.co.uk Handicap Hurdle
836804,2025-01-01,Fakenham,hurdle,Morfee,3,108,-38.80,-,55.17,-,56.02,-,fakenhamracecourse.co.uk Handicap Hurdle
836804,2025-01-01,Fakenham,hurdle,For Gina,4,106,-39.80,-,54.85,-,55.71,-,fakenhamracecourse.co.uk Handicap Hurdle
836804,2025-01-01,Fakenham,hurdle,Flemen's Tipple,5,85,-40.55,-,54.61,-,55.47,-,fakenhamracecourse.co.uk Handicap Hurdle
834744,2025-01-01,Cheltenham,hurdle,Thunder Rock,4,149,-9.47,94.38,61.30,98.01,60.14,98.08,Dornan Engineering Relkeel Hurdle (Grade 2) (GBB Race)
834744,2025-01-01,Cheltenham,hurdle,Langer Dan,5,160,-18.97,84.88,57.94,94.65,56.68,94.83,Dornan Engineering Relkeel Hurdle (Grade 2) (GBB Race)
836809,2025-01-01,Exeter,chase,Flash Gorcombe,1,103,-3.40,81.47,59.15,92.68,59.85,93.20,Exeter Racecourse For Conference & Events Handicap Chase
836809,2025-01-01,Exeter,chase,Joe Cotton,2,96,-19.40,65.47,52.83,86.36,53.64,87.32,Exeter Racecourse For Conference & Events Handicap Chase
836809,2025-01-01,Exeter,chase,Havaila,3,105,-20.90,63.97,52.24,85.77,53.06,86.77,Exeter Racecourse For Conference & Events Handicap Chase
836809,2025-01-01,Exeter,chase,Daring Plan,4,95,-37.90,46.97,45.52,79.05,46.46,80.52,Exeter Racecourse For Conference & Events Handicap Chase
834745,2025-01-01,Cheltenham,nh_flat,Rose's Dart,10,,-11.14,73.20,52.85,88.63,50.80,88.86,Raceridecheltenham 'Junior' NH Flat Race (Standard Open NH Flat Race) (Listed) (GBB Race)
834745,2025-01-01,Cheltenham,nh_flat,Walk In The West,11,,-33.14,51.20,43.52,79.30,41.06,79.71,Raceridecheltenham 'Junior' NH Flat Race (Standard Open NH Flat Race) (Listed) (GBB Race)
834745,2025-01-01,Cheltenham,nh_flat,Latopix,12,,-33.64,50.70,43.31,79.09,40.84,79.50,Raceridecheltenham 'Junior' NH Flat Race (Standard Open NH Flat Race) (Listed) (GBB Race)
834745,2025-01-01,Cheltenham,nh_flat,Daffodil,13,,-34.64,49.70,42.89,78.66,40.40,79.09,Raceridecheltenham 'Junior' NH Flat Race (Standard Open NH Flat Race) (Listed) (GBB Race)
834745,2025-01-01,Cheltenham,nh_flat,The Goose,14,,-44.64,39.70,38.64,74.42,35.97,74.93,Raceridecheltenham 'Junior' NH Flat Race (Standard Open NH Flat Race) (Listed) (GBB Race)
834745,2025-01-01,Cheltenham,nh_flat,Gregorians Star,15,,-49.64,34.70,36.52,72.30,33.76,72.85,Raceridecheltenham 'Junior' NH Flat Race (Standard Open NH Flat Race) (Listed) (GBB Race)
834745,2025-01-01,Cheltenham,nh_flat,Merely A Detail,16,,-73.64,10.70,26.34,62.12,23.13,62.88,Raceridecheltenham 'Junior' NH Flat Race (Standard Open NH Flat Race) (Listed) (GBB Race)
836810,2025-01-01,Exeter,nh_flat,Arctic Conditions,6,,-1.39,75.21,55.47,89.11,55.19,89.65,Kennford Open Maiden NH Flat Race (GBB Race)
836810,2025-01-01,Exeter,nh_flat,Flash In The Pan,7,,-21.39,55.21,46.69,80.33,46.35,81.31,Kennford Open Maiden NH Flat Race (GBB Race)
837030,2025-01-02,Huntingdon,hurdle,Voleur De Terres,13,,-8.63,9.77,54.23,61.98,52.99,61.48,Advertise Your Business At Huntingdon Racecourse Maiden Hurdle (GBB Race)
837035,2025-01-02,Huntingdon,hurdle,Near Dark,6,96,-10.52,-3.45,62.36,64.76,61.65,64.26,Season Tickets On Sale Now Mares' Handicap Hurdle
837036,2025-01-02,Huntingdon,nh_flat,Little Mukka,12,,-14.17,4.15,51.70,59.45,50.39,58.92,Purchase Hospitality At Huntingdon In 2025 NH Flat Race (Conditional/Amateurs) (GBB Race)
837304,2025-01-05,Chepstow,chase,Katate Dori,1,110,-75.85,-,47.50,-,49.13,-,Thank You For Renewing Chepstow Annual Members Conditional Jockeys' Handicap Chase
837304,2025-01-05,Chepstow,chase,Stellar Stream,2,105,-82.35,-,45.56,-,47.25,-,Thank You For Renewing Chepstow Annual Members Conditional Jockeys' Handicap Chase
837304,2025-01-05,Chepstow,chase,Fortunefavorsdbold,3,101,-82.65,-,45.47,-,47.16,-,Thank You For Renewing Chepstow Annual Members Conditional Jockeys' Handicap Chase
837304,2025-01-05,Chepstow,chase,The Big Reveal,4,85,-99.65,-,40.40,-,42.25,-,Thank You For Renewing Chepstow Annual Members Conditional Jockeys' Handicap Chase
837304,2025-01-05,Chepstow,chase,Ultra Beat,5,110,-105.65,-,38.61,-,40.51,-,Thank You For Renewing Chepstow Annual Members Conditional Jockeys' Handicap Chase
837304,2025-01-05,Chepstow,chase,Shot Boii,6,103,-110.65,-,37.11,-,39.06,-,Thank You For Renewing Chepstow Annual Members Conditional Jockeys' Handicap Chase
837304,2025-01-05,Chepstow,chase,Fairlawn Flyer,7,105,-118.15,-,34.87,-,36.89,-,Thank You For Renewing Chepstow Annual Members Conditional Jockeys' Handicap Chase
837305,2025-01-05,Chepstow,hurdle,Carismatic Soldier,1,,-2.35,-,52.67,-,51.79,-,Dunraven Windows / EBF 'National Hunt' Novices' Hurdle (GBB Race)
837305,2025-01-05,Chepstow,hurdle,Nowmelad,2,122,-3.85,-,51.97,-,51.09,-,Dunraven Windows / EBF 'National Hunt' Novices' Hurdle (GBB Race)
837305,2025-01-05,Chepstow,hurdle,Magna Victor,3,,-8.35,-,49.89,-,48.97,-,Dunraven Windows / EBF 'National Hunt' Novices' Hurdle (GBB Race)
837305,2025-01-05,Chepstow,hurdle,C'est Different,4,,-28.35,-,40.64,-,39.55,-,Dunraven Windows / EBF 'National Hunt' Novices' Hurdle (GBB Race)
837305,2025-01-05,Chepstow,hurdle,Following Chapter,5,,-35.85,-,37.17,-,36.01,-,Dunraven Windows / EBF 'National Hunt' Novices' Hurdle (GBB Race)
837305,2025-01-05,Chepstow,hurdle,Cornish Comedy,6,,-39.10,-,35.67,-,34.48,-,Dunraven Windows / EBF 'National Hunt' Novices' Hurdle (GBB Race)
837305,2025-01-05,Chepstow,hurdle,Out Out,7,,-45.10,-,32.90,-,31.66,-,Dunraven Windows / EBF 'National Hunt' Novices' Hurdle (GBB Race)
837305,2025-01-05,Chepstow,hurdle,On The Go,8,,-45.40,-,32.76,-,31.51,-,Dunraven Windows / EBF 'National Hunt' Novices' Hurdle (GBB Race)
837305,2025-01-05,Chepstow,hurdle,Head Over Hinds,9,,-50.15,-,30.56,-,29.28,-,Dunraven Windows / EBF 'National Hunt' Novices' Hurdle (GBB Race)
837305,2025-01-05,Chepstow,hurdle,Pooley's Promise,10,,-54.90,-,28.36,-,27.04,-,Dunraven Windows / EBF 'National Hunt' Novices' Hurdle (GBB Race)
837492,2025-01-06,Ayr,hurdle,Reflection Of You,5,,-9.31,-,60.51,-,62.09,-,Ayr Racing Club Only 30 EBF Mares' 'National Hunt' Novices' Hurdle (GBB Race)
837493,2025-01-06,Ayr,chase,Travail D'Orfevre,1,102,-7.15,-,64.67,-,67.21,-,Book Coral Scottish Grand National Handicap Chase
837493,2025-01-06,Ayr,chase,Monochromix,2,111,-8.90,-,64.10,-,66.67,-,Book Coral Scottish Grand National Handicap Chase
837493,2025-01-06,Ayr,chase,Prince Des Fichaux,3,111,-12.90,-,62.78,-,65.45,-,Book Coral Scottish Grand National Handicap Chase
837493,2025-01-06,Ayr,chase,Destiny Is All,4,112,-21.40,-,59.97,-,62.85,-,Book Coral Scottish Grand National Handicap Chase
837495,2025-01-06,Ayr,hurdle,Hasty Brook,7,112,-11.41,-,49.80,-,50.81,-,Dream Weddings At Western House Hotel Handicap Hurdle
837802,2025-01-08,Taunton,hurdle,Alderley Charlie,11,,-15.51,55.21,56.88,83.28,56.52,83.89,Foresters Garden Buildings Novices' Hurdle (GBB Race)
837802,2025-01-08,Taunton,hurdle,Sox's Sun,12,55,-18.51,52.21,55.76,82.16,55.39,82.81,Foresters Garden Buildings Novices' Hurdle (GBB Race)
837803,2025-01-08,Taunton,hurdle,Saccary,10,,-10.67,41.08,52.36,74.64,50.84,74.84,Meet Allaho On Saturday 18th January Maiden Hurdle (GBB Race)
837804,2025-01-08,Taunton,chase,Gris Majeur,7,108,-11.17,40.25,49.94,73.10,49.54,73.94,Summerfield Developments Novices' Handicap Chase (GBB Race)
837807,2025-01-08,Taunton,hurdle,Lady Caro,5,92,-15.45,35.01,49.04,71.31,47.41,71.53,Saturday Meeting 18th January Mares' Handicap Hurdle
837807,2025-01-08,Taunton,hurdle,Sawpit Sienna,6,83,-22.45,28.01,45.95,68.22,44.22,68.47,Saturday Meeting 18th January Mares' Handicap Hurdle
839097,2025-01-11,Ffos Las,hurdle,A Great Excuse,5,,-2.44,-,54.22,-,51.96,-,DragonBet Supporting British Racing Maiden Hurdle (GBB Race)
839097,2025-01-11,Ffos Las,hurdle,Laravie,6,,-4.44,-,53.33,-,51.02,-,DragonBet Supporting British Racing Maiden Hurdle (GBB Race)
839097,2025-01-11,Ffos Las,hurdle,Lagertha,7,,-7.69,-,51.88,-,49.50,-,DragonBet Supporting British Racing Maiden Hurdle (GBB Race)
839097,2025-01-11,Ffos Las,hurdle,Dunskay,8,,-14.19,-,48.97,-,46.45,-,DragonBet Supporting British Racing Maiden Hurdle (GBB Race)
839097,2025-01-11,Ffos Las,hurdle,Beau Gold,9,,-26.19,-,43.61,-,40.82,-,DragonBet Supporting British Racing Maiden Hurdle (GBB Race)
839097,2025-01-11,Ffos Las,hurdle,Kallow Point,10,,-37.19,-,38.69,-,35.66,-,DragonBet Supporting British Racing Maiden Hurdle (GBB Race)
838885,2025-01-11,Ffos Las,hurdle,Followango,5,108,-2.36,-,62.80,-,62.65,-,DragonBet Born From The Betting Ring Maiden Hurdle (GBB Race)
838885,2025-01-11,Ffos Las,hurdle,Royal Rambler,6,,-3.36,-,62.44,-,62.29,-,DragonBet Born From The Betting Ring Maiden Hurdle (GBB Race)
838885,2025-01-11,Ffos Las,hurdle,Tamarind Bay,7,115,-49.36,-,45.72,-,45.50,-,DragonBet Born From The Betting Ring Maiden Hurdle (GBB Race)
838885,2025-01-11,Ffos Las,hurdle,Hello Marie,8,,-57.36,-,42.82,-,42.58,-,DragonBet Born From The Betting Ring Maiden Hurdle (GBB Race)
838885,2025-01-11,Ffos Las,hurdle,Frenelope,9,,-62.11,-,41.09,-,40.85,-,DragonBet Born From The Betting Ring Maiden Hurdle (GBB Race)
838885,2025-01-11,Ffos Las,hurdle,Kiss Me Moon,10,,-74.11,-,36.73,-,36.47,-,DragonBet Born From The Betting Ring Maiden Hurdle (GBB Race)
839098,2025-01-11,Ffos Las,hurdle,Dangerous Touch,1,105,-62.28,-,37.48,-,37.23,-,DragonBet Still Best Odds Guaranteed Handicap Hurdle (Div 1)
839098,2025-01-11,Ffos Las,hurdle,The Blueberry One,2,101,-64.28,-,36.71,-,36.45,-,DragonBet Still Best Odds Guaranteed Handicap Hurdle (Div 1)
839098,2025-01-11,Ffos Las,hurdle,Korus,3,105,-65.78,-,36.13,-,35.87,-,DragonBet Still Best Odds Guaranteed Handicap Hurdle (Div 1)
839098,2025-01-11,Ffos Las,hurdle,Jukebox Joker,4,80,-68.03,-,35.27,-,35.00,-,DragonBet Still Best Odds Guaranteed Handicap Hurdle (Div 1)
839098,2025-01-11,Ffos Las,hurdle,Siberian Star,5,98,-68.23,-,35.19,-,34.93,-,DragonBet Still Best Odds Guaranteed Handicap Hurdle (Div 1)
839098,2025-01-11,Ffos Las,hurdle,Our Dylan,6,102,-68.73,-,35.00,-,34.73,-,DragonBet Still Best Odds Guaranteed Handicap Hurdle (Div 1)
839098,2025-01-11,Ffos Las,hurdle,Walkinthewoods,7,92,-69.03,-,34.88,-,34.62,-,DragonBet Still Best Odds Guaranteed Handicap Hurdle (Div 1)
839098,2025-01-11,Ffos Las,hurdle,Mini Yeats,8,82,-74.03,-,32.95,-,32.68,-,DragonBet Still Best Odds Guaranteed Handicap Hurdle (Div 1)
839098,2025-01-11,Ffos Las,hurdle,Heart Of Rome,9,85,-74.23,-,32.88,-,32.60,-,DragonBet Still Best Odds Guaranteed Handicap Hurdle (Div 1)
839098,2025-01-11,Ffos Las,hurdle,Grandmaster Flash,10,72,-108.23,-,19.78,-,19.45,-,DragonBet Still Best Odds Guaranteed Handicap Hurdle (Div 1)
839098,2025-01-11,Ffos Las,hurdle,Presenting Nelly,11,104,-114.73,-,17.27,-,16.94,-,DragonBet Still Best Odds Guaranteed Handicap Hurdle (Div 1)
838888,2025-01-11,Ffos Las,hurdle,Double Click,1,102,-17.21,-,56.17,-,55.99,-,DragonBet Still Best Odds Guaranteed Handicap Hurdle (Div 2)
838888,2025-01-11,Ffos Las,hurdle,Getaway With You,2,82,-27.21,-,52.43,-,52.24,-,DragonBet Still Best Odds Guaranteed Handicap Hurdle (Div 2)
838888,2025-01-11,Ffos Las,hurdle,Penna Rossa,3,88,-27.51,-,52.32,-,52.13,-,DragonBet Still Best Odds Guaranteed Handicap Hurdle (Div 2)
838888,2025-01-11,Ffos Las,hurdle,Limerick Leader,4,97,-30.51,-,51.20,-,51.00,-,DragonBet Still Best Odds Guaranteed Handicap Hurdle (Div 2)
838888,2025-01-11,Ffos Las,hurdle,Diamatiste,5,104,-33.76,-,49.98,-,49.78,-,DragonBet Still Best Odds Guaranteed Handicap Hurdle (Div 2)
838888,2025-01-11,Ffos Las,hurdle,Auntie Maggie,6,82,-42.76,-,46.62,-,46.40,-,DragonBet Still Best Odds Guaranteed Handicap Hurdle (Div 2)
838888,2025-01-11,Ffos Las,hurdle,Sabbathical,7,94,-45.51,-,45.59,-,45.37,-,DragonBet Still Best Odds Guaranteed Handicap Hurdle (Div 2)
838889,2025-01-11,Ffos Las,hurdle,Alan De Banks,2,112,-1.70,-,68.58,-,68.70,-,DragonBet The Independent Bookmaker Handicap Hurdle
838889,2025-01-11,Ffos Las,hurdle,Madaket,3,120,-4.95,-,67.58,-,67.70,-,DragonBet The Independent Bookmaker Handicap Hurdle
838889,2025-01-11,Ffos Las,hurdle,Rosscahill,4,120,-7.20,-,66.88,-,67.00,-,DragonBet The Independent Bookmaker Handicap Hurdle
838889,2025-01-11,Ffos Las,hurdle,West To The Bridge,5,130,-17.20,-,63.80,-,63.92,-,DragonBet The Independent Bookmaker Handicap Hurdle
838889,2025-01-11,Ffos Las,hurdle,One Big Bang,6,127,-20.70,-,62.71,-,62.85,-,DragonBet The Independent Bookmaker Handicap Hurdle
838889,2025-01-11,Ffos Las,hurdle,Balkardy,7,112,-29.20,-,60.09,-,60.23,-,DragonBet The Independent Bookmaker Handicap Hurdle
838889,2025-01-11,Ffos Las,hurdle,Mahland,8,121,-66.20,-,48.66,-,48.84,-,DragonBet The Independent Bookmaker Handicap Hurdle
839099,2025-01-11,Ffos Las,chase,Keep Running,1,123,-4.30,-,52.38,-,50.63,-,Download The DragonBet App Handicap Chase
839099,2025-01-11,Ffos Las,chase,Sir Psycho,2,135,-9.30,-,50.09,-,48.26,-,Download The DragonBet App Handicap Chase
839099,2025-01-11,Ffos Las,chase,Art Of Diplomacy,3,115,-13.30,-,48.27,-,46.37,-,Download The DragonBet App Handicap Chase
839099,2025-01-11,Ffos Las,chase,Beat Box,4,130,-29.30,-,40.96,-,38.79,-,Download The DragonBet App Handicap Chase
839099,2025-01-11,Ffos Las,chase,Ostrava Du Berlais,5,113,-29.60,-,40.82,-,38.65,-,Download The DragonBet App Handicap Chase
839099,2025-01-11,Ffos Las,chase,Salamanca Bay,6,123,-39.60,-,36.26,-,33.92,-,Download The DragonBet App Handicap Chase
839099,2025-01-11,Ffos Las,chase,Triple Trade,7,127,-44.10,-,34.20,-,31.79,-,Download The DragonBet App Handicap Chase
839099,2025-01-11,Ffos Las,chase,Hubrisko,8,134,-55.10,-,29.18,-,26.58,-,Download The DragonBet App Handicap Chase
839100,2025-01-11,Ffos Las,nh_flat,Giantsgrave,1,,-9.50,-,49.81,-,47.32,-,"DragonBet Real People, Real Bookmakers Open NH Flat Race (GBB Race)"
839100,2025-01-11,Ffos Las,nh_flat,Douglas Hyde,2,,-14.00,-,47.74,-,45.16,-,"DragonBet Real People, Real Bookmakers Open NH Flat Race (GBB Race)"
839100,2025-01-11,Ffos Las,nh_flat,Next Twist,3,,-16.50,-,46.60,-,43.96,-,"DragonBet Real People, Real Bookmakers Open NH Flat Race (GBB Race)"
839100,2025-01-11,Ffos Las,nh_flat,Pougie,4,,-23.00,-,43.62,-,40.83,-,"DragonBet Real People, Real Bookmakers Open NH Flat Race (GBB Race)"
839100,2025-01-11,Ffos Las,nh_flat,Woodythewoodpecker,5,,-25.00,-,42.70,-,39.87,-,"DragonBet Real People, Real Bookmakers Open NH Flat Race (GBB Race)"
839100,2025-01-11,Ffos Las,nh_flat,Twist Of Fatecatch,6,,-25.50,-,42.47,-,39.63,-,"DragonBet Real People, Real Bookmakers Open NH Flat Race (GBB Race)"
839100,2025-01-11,Ffos Las,nh_flat,Falcao,7,,-43.50,-,34.22,-,30.97,-,"DragonBet Real People, Real Bookmakers Open NH Flat Race (GBB Race)"
838560,2025-01-13,Exeter,hurdle,Inchagoill Lady,4,86,-0.52,53.99,67.68,85.20,68.11,85.83,Hall Down Hill Stayers' Conditional Jockeys' Training Series Handicap Hurdle
838560,2025-01-13,Exeter,hurdle,Longshanks,5,110,-3.77,50.74,66.63,84.16,67.08,84.83,Hall Down Hill Stayers' Conditional Jockeys' Training Series Handicap Hurdle
838560,2025-01-13,Exeter,hurdle,To Be Sure,6,96,-20.77,33.74,61.17,78.69,61.69,79.59,Hall Down Hill Stayers' Conditional Jockeys' Training Series Handicap Hurdle
838565,2025-01-13,Exeter,hurdle,Caspers Court,5,82,-3.35,48.06,64.77,82.30,65.02,82.94,Powderham Handicap Hurdle
838565,2025-01-13,Exeter,hurdle,Push To Pass,6,100,-3.65,47.76,64.67,82.19,64.92,82.84,Powderham Handicap Hurdle
838565,2025-01-13,Exeter,hurdle,Chauffeur Driven,7,93,-3.95,47.46,64.57,82.09,64.82,82.74,Powderham Handicap Hurdle
838565,2025-01-13,Exeter,hurdle,William Philo,8,85,-13.45,37.96,61.33,78.85,61.61,79.62,Powderham Handicap Hurdle
838565,2025-01-13,Exeter,hurdle,Bobby's Fortune,9,98,-13.65,37.76,61.26,78.79,61.54,79.56,Powderham Handicap Hurdle
838565,2025-01-13,Exeter,hurdle,Newtonian,10,82,-14.65,36.76,60.92,78.45,61.20,79.23,Powderham Handicap Hurdle
838565,2025-01-13,Exeter,hurdle,Wot You Wearing,11,95,-35.65,15.76,53.76,71.29,54.09,72.33,Powderham Handicap Hurdle
838565,2025-01-13,Exeter,hurdle,Hi Riko,12,78,-40.65,10.76,52.06,69.58,52.40,70.69,Powderham Handicap Hurdle
838565,2025-01-13,Exeter,hurdle,Stage Show,13,81,-70.65,-19.24,41.83,59.36,42.25,60.83,Powderham Handicap Hurdle
839287,2025-01-15,Hereford,hurdle,Cinderello,12,,-20.39,15.79,48.91,64.27,46.91,63.87,DragonBet Supporting British Racing Novices' Hurdle (GBB Race)
839290,2025-01-15,Hereford,hurdle,Lemoncello,5,119,-35.51,10.06,52.30,68.34,50.79,68.25,DragonBet The Independent Bookmaker Handicap Hurdle
839292,2025-01-15,Hereford,hurdle,Dartman,10,95,-0.09,32.76,57.13,71.20,55.45,70.82,DragonBet Still Best Odds Guaranteed Handicap Hurdle
838917,2025-01-15,Newbury,hurdle,Keable,1,116,-28.87,-,61.55,-,60.35,-,Grosvenor Sport Best Odds Guaranteed Handicap Hurdle
838917,2025-01-15,Newbury,hurdle,Job,2,109,-32.37,-,60.51,-,59.28,-,Grosvenor Sport Best Odds Guaranteed Handicap Hurdle
838917,2025-01-15,Newbury,hurdle,Prophesea,3,120,-37.87,-,58.86,-,57.59,-,Grosvenor Sport Best Odds Guaranteed Handicap Hurdle
838917,2025-01-15,Newbury,hurdle,Phillapa Sue,4,114,-44.87,-,56.78,-,55.43,-,Grosvenor Sport Best Odds Guaranteed Handicap Hurdle
838917,2025-01-15,Newbury,hurdle,James Jet,5,114,-46.62,-,56.25,-,54.89,-,Grosvenor Sport Best Odds Guaranteed Handicap Hurdle
838917,2025-01-15,Newbury,hurdle,Toonagh Warrior,6,115,-48.87,-,55.58,-,54.20,-,Grosvenor Sport Best Odds Guaranteed Handicap Hurdle
838917,2025-01-15,Newbury,hurdle,Geturguccion,7,108,-63.87,-,51.11,-,49.59,-,Grosvenor Sport Best Odds Guaranteed Handicap Hurdle
838917,2025-01-15,Newbury,hurdle,Fontana Ellissi,8,113,-65.87,-,50.51,-,48.97,-,Grosvenor Sport Best Odds Guaranteed Handicap Hurdle
839611,2025-01-16,Newcastle,hurdle,Violeta,7,,-34.87,-,44.98,-,43.22,-,Watch Unbridled On attheraces.com Maiden Hurdle (GBB Race) (Div 1)
839165,2025-01-16,Newcastle,hurdle,Aquitaine Boy,1,95,-1.24,-,63.60,-,62.94,-,Download The At The Races App Handicap Hurdle
839165,2025-01-16,Newcastle,hurdle,Prince Nino,2,77,-1.44,-,63.53,-,62.86,-,Download The At The Races App Handicap Hurdle
839165,2025-01-16,Newcastle,hurdle,Mister Smarty,3,86,-3.44,-,62.81,-,62.13,-,Download The At The Races App Handicap Hurdle
839165,2025-01-16,Newcastle,hurdle,Bridgetjoans,4,84,-4.94,-,62.27,-,61.58,-,Download The At The Races App Handicap Hurdle
839165,2025-01-16,Newcastle,hurdle,Call Your Bluff,5,93,-18.94,-,57.24,-,56.46,-,Download The At The Races App Handicap Hurdle
839165,2025-01-16,Newcastle,hurdle,Noble Affair,6,83,-22.44,-,55.98,-,55.18,-,Download The At The Races App Handicap Hurdle
839165,2025-01-16,Newcastle,hurdle,Agilulf,7,87,-27.44,-,54.19,-,53.35,-,Download The At The Races App Handicap Hurdle
839165,2025-01-16,Newcastle,hurdle,Faha Belle,8,92,-32.44,-,52.39,-,51.51,-,Download The At The Races App Handicap Hurdle
839165,2025-01-16,Newcastle,hurdle,On We Go,9,88,-34.69,-,51.58,-,50.69,-,Download The At The Races App Handicap Hurdle
839165,2025-01-16,Newcastle,hurdle,Penpal,10,82,-35.44,-,51.31,-,50.42,-,Download The At The Races App Handicap Hurdle
839160,2025-01-16,Wincanton,nh_flat,She That Shares,11,,-48.56,-20.68,31.68,44.50,28.75,43.43,Afternoon Tea Available For March Fixtures 'Newcomers' NH Flat Race (GBB Race)
839160,2025-01-16,Wincanton,nh_flat,Rockbeare,12,,-53.06,-25.18,29.61,42.43,26.59,41.32,Afternoon Tea Available For March Fixtures 'Newcomers' NH Flat Race (GBB Race)
839476,2025-01-18,Haydock,hurdle,Leading Choice,9,116,-6.73,52.85,64.09,84.13,63.53,84.44,Sky Bet Club Handicap Hurdle
839476,2025-01-18,Haydock,hurdle,Blue Fin,10,118,-8.73,50.85,63.42,83.46,62.84,83.78,Sky Bet Club Handicap Hurdle
839482,2025-01-18,Taunton,hurdle,Gemi Cat,8,,-11.74,-5.47,53.09,55.72,51.59,54.52,Start Your RacingTV Free Trial Now Mares' 'National Hunt' Maiden Hurdle (GBB Race)
839482,2025-01-18,Taunton,hurdle,Rubymurree,9,,-18.74,-12.47,50.15,52.78,48.56,51.50,Start Your RacingTV Free Trial Now Mares' 'National Hunt' Maiden Hurdle (GBB Race)
839482,2025-01-18,Taunton,hurdle,Pretty Punctual,10,,-28.24,-21.97,46.16,48.79,44.44,47.40,Start Your RacingTV Free Trial Now Mares' 'National Hunt' Maiden Hurdle (GBB Race)
839479,2025-01-18,Haydock,hurdle,Inox Allen,7,123,-2.50,66.79,69.56,90.14,69.51,90.46,Sky Bet Cheltenham Non-Runner No Bet Handicap Hurdle
839479,2025-01-18,Haydock,hurdle,Good Look Charm,8,120,-6.75,62.54,68.30,88.88,68.25,89.24,Sky Bet Cheltenham Non-Runner No Bet Handicap Hurdle
839780,2025-01-21,Leicester,hurdle,Call Blue,7,79,-8.86,-,59.96,-,62.15,-,Watch On Racing TV 'Hands & Heels' Mares' Handicap Hurdle (Conditional/Amateurs')
839789,2025-01-21,Ayr,hurdle,Buy Some Time,7,110,-27.47,19.65,59.87,74.70,61.82,76.51,Racing TV Handicap Hurdle
840453,2025-01-21,Leicester,chase,Karuma Grey,4,125,-3.31,-,66.15,-,68.76,-,Kube - Leicester's Premier Events Venue Handicap Chase (GBB Race)
840681,2025-01-23,Huntingdon,hurdle,Dynamic Talent,8,,-16.07,9.30,48.76,59.96,47.35,59.66,Pertemps Network Maiden Hurdle (GBB Race) (Div 1)
840680,2025-01-23,Wetherby,hurdle,Inappropriate,4,,-0.59,-,54.16,-,53.23,-,William Hill Proper Prices Juvenile Hurdle (GBB Race)
840680,2025-01-23,Wetherby,hurdle,Cruden,5,115,-1.59,-,53.70,-,52.76,-,William Hill Proper Prices Juvenile Hurdle (GBB Race)
840680,2025-01-23,Wetherby,hurdle,Scotland The Brave,6,,-7.09,-,51.20,-,50.21,-,William Hill Proper Prices Juvenile Hurdle (GBB Race)
840680,2025-01-23,Wetherby,hurdle,Livano Bello,7,,-7.14,-,51.18,-,50.18,-,William Hill Proper Prices Juvenile Hurdle (GBB Race)
840680,2025-01-23,Wetherby,hurdle,Rukaana,8,,-15.64,-,47.30,-,46.23,-,William Hill Proper Prices Juvenile Hurdle (GBB Race)
840227,2025-01-23,Wetherby,hurdle,Galidam,5,111,-5.29,-,53.07,-,52.12,-,William Hill Betting Done Properly EBF 'National Hunt' Novices' Hurdle (GBB Race)
840227,2025-01-23,Wetherby,hurdle,Jersey Stream,6,,-9.79,-,51.07,-,50.07,-,William Hill Betting Done Properly EBF 'National Hunt' Novices' Hurdle (GBB Race)
840227,2025-01-23,Wetherby,hurdle,Monticello,7,,-10.54,-,50.73,-,49.73,-,William Hill Betting Done Properly EBF 'National Hunt' Novices' Hurdle (GBB Race)
840227,2025-01-23,Wetherby,hurdle,Big Storm Brewing,8,,-31.54,-,41.37,-,40.18,-,William Hill Betting Done Properly EBF 'National Hunt' Novices' Hurdle (GBB Race)
840234,2025-01-23,Huntingdon,chase,Solid Fuel,8,76,-1.80,24.20,56.14,67.35,55.78,67.71,Pertemps Network Novices' Handicap Chase (GBB Race)
840234,2025-01-23,Huntingdon,chase,Doc McCoy,9,106,-2.00,24.00,56.06,67.26,55.69,67.62,Pertemps Network Novices' Handicap Chase (GBB Race)
840228,2025-01-23,Wetherby,chase,Arthur's Quay,6,121,-4.54,-,58.74,-,60.70,-,William Hill B.O.G. Is Back Handicap Chase (GBB Race)
840229,2025-01-23,Wetherby,hurdle,Forest Blaze,3,96,-6.90,-,58.99,-,59.74,-,William Hill Best Odds Guaranteed Handicap Hurdle
840229,2025-01-23,Wetherby,hurdle,Passengerontheship,4,84,-10.65,-,57.55,-,58.33,-,William Hill Best Odds Guaranteed Handicap Hurdle
840229,2025-01-23,Wetherby,hurdle,Elle Est Beau,5,97,-10.95,-,57.44,-,58.22,-,William Hill Best Odds Guaranteed Handicap Hurdle
840229,2025-01-23,Wetherby,hurdle,Good Bye,6,94,-15.45,-,55.71,-,56.52,-,William Hill Best Odds Guaranteed Handicap Hurdle
840229,2025-01-23,Wetherby,hurdle,Manowest,7,100,-20.20,-,53.89,-,54.73,-,William Hill Best Odds Guaranteed Handicap Hurdle
840229,2025-01-23,Wetherby,hurdle,Pottersjetamay,8,99,-29.20,-,50.43,-,51.34,-,William Hill Best Odds Guaranteed Handicap Hurdle
840229,2025-01-23,Wetherby,hurdle,Rioja Alta,9,94,-29.95,-,50.15,-,51.06,-,William Hill Best Odds Guaranteed Handicap Hurdle
840229,2025-01-23,Wetherby,hurdle,Gold Ring,10,82,-34.70,-,48.32,-,49.27,-,William Hill Best Odds Guaranteed Handicap Hurdle
840229,2025-01-23,Wetherby,hurdle,Dublin To Milan,11,95,-38.45,-,46.89,-,47.86,-,William Hill Best Odds Guaranteed Handicap Hurdle
840229,2025-01-23,Wetherby,hurdle,Montana Golden,12,90,-79.45,-,31.16,-,32.42,-,William Hill Best Odds Guaranteed Handicap Hurdle
840230,2025-01-23,Wetherby,chase,Celestial Fashion,2,89,-13.96,-,54.20,-,56.38,-,William Hill More Top Prices Mares' Handicap Chase (GBB Race)
840230,2025-01-23,Wetherby,chase,Fay Ce Que Voudras,3,96,-23.46,-,50.38,-,52.74,-,William Hill More Top Prices Mares' Handicap Chase (GBB Race)
840230,2025-01-23,Wetherby,chase,It's Maisy,4,99,-24.96,-,49.78,-,52.17,-,William Hill More Top Prices Mares' Handicap Chase (GBB Race)
840230,2025-01-23,Wetherby,chase,Disco Annie,5,112,-26.71,-,49.08,-,51.50,-,William Hill More Top Prices Mares' Handicap Chase (GBB Race)
840237,2025-01-23,Huntingdon,chase,Get Cracking,5,92,-9.96,25.75,65.51,76.71,66.23,77.62,Pertemps Novices' Handicap Chase
840231,2025-01-23,Wetherby,hurdle,The Big Breac,1,90,-157.65,-,15.85,-,14.40,-,William Hill Cheltenham Non-Runner Money Back Handicap Hurdle (Div 1)
840231,2025-01-23,Wetherby,hurdle,Wearelongterm,2,93,-159.90,-,15.12,-,13.65,-,William Hill Cheltenham Non-Runner Money Back Handicap Hurdle (Div 1)
840231,2025-01-23,Wetherby,hurdle,Boolamore Classic,3,84,-170.90,-,11.52,-,10.00,-,William Hill Cheltenham Non-Runner Money Back Handicap Hurdle (Div 1)
840231,2025-01-23,Wetherby,hurdle,Glory Hights,4,92,-173.65,-,10.63,-,9.08,-,William Hill Cheltenham Non-Runner Money Back Handicap Hurdle (Div 1)
840231,2025-01-23,Wetherby,hurdle,Entity Of Substanz,5,98,-174.15,-,10.46,-,8.92,-,William Hill Cheltenham Non-Runner Money Back Handicap Hurdle (Div 1)
840231,2025-01-23,Wetherby,hurdle,Lady's Present,6,79,-177.65,-,9.32,-,7.75,-,William Hill Cheltenham Non-Runner Money Back Handicap Hurdle (Div 1)
840231,2025-01-23,Wetherby,hurdle,Walk My Way,7,69,-179.15,-,8.83,-,7.26,-,William Hill Cheltenham Non-Runner Money Back Handicap Hurdle (Div 1)
840238,2025-01-23,Huntingdon,chase,Another Day Out,4,107,-0.08,35.51,68.51,79.71,69.17,80.50,Pertemps Network Mares' Handicap Chase (GBB Race)
840238,2025-01-23,Huntingdon,chase,Moonlit Potter,5,110,-16.08,19.51,63.47,74.67,64.24,75.67,Pertemps Network Mares' Handicap Chase (GBB Race)
840232,2025-01-23,Wetherby,hurdle,Paddy O'Mahler,1,92,-169.25,-,11.47,-,9.94,-,William Hill Cheltenham Non-Runner Money Back Handicap Hurdle (Div 2)
840232,2025-01-23,Wetherby,hurdle,Take A Hike,2,79,-174.75,-,9.66,-,8.10,-,William Hill Cheltenham Non-Runner Money Back Handicap Hurdle (Div 2)
840232,2025-01-23,Wetherby,hurdle,The Questioner,3,93,-178.75,-,8.34,-,6.76,-,William Hill Cheltenham Non-Runner Money Back Handicap Hurdle (Div 2)
840232,2025-01-23,Wetherby,hurdle,So Ladylike,4,77,-187.25,-,5.55,-,3.92,-,William Hill Cheltenham Non-Runner Money Back Handicap Hurdle (Div 2)
840232,2025-01-23,Wetherby,hurdle,Dexperado,5,91,-189.50,-,4.81,-,3.17,-,William Hill Cheltenham Non-Runner Money Back Handicap Hurdle (Div 2)
840232,2025-01-23,Wetherby,hurdle,Ballydangan,6,85,-190.50,-,4.48,-,2.83,-,William Hill Cheltenham Non-Runner Money Back Handicap Hurdle (Div 2)
840232,2025-01-23,Wetherby,hurdle,Snowrocco,7,96,-202.50,-,0.53,-,-1.18,-,William Hill Cheltenham Non-Runner Money Back Handicap Hurdle (Div 2)
840232,2025-01-23,Wetherby,hurdle,Adveram,8,100,-203.25,-,0.29,-,-1.43,-,William Hill Cheltenham Non-Runner Money Back Handicap Hurdle (Div 2)
840880,2025-01-24,Doncaster,hurdle,Call Him Now,13,86,-5.16,-,62.86,-,62.13,-,LiveScore Bet Novices' Limited Handicap Hurdle
840365,2025-01-24,Sandown,hurdle,Kentford Mallard,2,83,-0.85,-,50.38,-,52.61,-,Queen Elizabeth The Queen Mother Military Amateur Jockeys' Handicap Hurdle (Military Amateur Jockeys)
840365,2025-01-24,Sandown,hurdle,Kourosh,3,108,-1.35,-,50.13,-,52.37,-,Queen Elizabeth The Queen Mother Military Amateur Jockeys' Handicap Hurdle (Military Amateur Jockeys)
840365,2025-01-24,Sandown,hurdle,Hidor De Bersy,4,102,-41.35,-,30.45,-,33.58,-,Queen Elizabeth The Queen Mother Military Amateur Jockeys' Handicap Hurdle (Military Amateur Jockeys)
840365,2025-01-24,Sandown,hurdle,Don't Wind Me Up,5,112,-44.60,-,28.85,-,32.05,-,Queen Elizabeth The Queen Mother Military Amateur Jockeys' Handicap Hurdle (Military Amateur Jockeys)
840365,2025-01-24,Sandown,hurdle,Give Me A Boom,6,115,-54.10,-,24.18,-,27.58,-,Queen Elizabeth The Queen Mother Military Amateur Jockeys' Handicap Hurdle (Military Amateur Jockeys)
840387,2025-01-24,Doncaster,hurdle,Meetmebythesea,1,126,-10.72,-,51.86,-,49.32,-,Virgin Bet Daily Price Boosts Novices' Hurdle (GBB Race)
840387,2025-01-24,Doncaster,hurdle,Mythical Moon,2,123,-11.02,-,51.73,-,49.19,-,Virgin Bet Daily Price Boosts Novices' Hurdle (GBB Race)
840387,2025-01-24,Doncaster,hurdle,Boston Boy,3,,-14.52,-,50.21,-,47.58,-,Virgin Bet Daily Price Boosts Novices' Hurdle (GBB Race)
840387,2025-01-24,Doncaster,hurdle,Sleeping Late,4,,-17.27,-,49.01,-,46.32,-,Virgin Bet Daily Price Boosts Novices' Hurdle (GBB Race)
840387,2025-01-24,Doncaster,hurdle,Top Guy,5,,-22.77,-,46.62,-,43.81,-,Virgin Bet Daily Price Boosts Novices' Hurdle (GBB Race)
840387,2025-01-24,Doncaster,hurdle,I Ain't Your Mate,6,,-26.02,-,45.21,-,42.32,-,Virgin Bet Daily Price Boosts Novices' Hurdle (GBB Race)
840387,2025-01-24,Doncaster,hurdle,River Rider,7,,-26.52,-,44.99,-,42.09,-,Virgin Bet Daily Price Boosts Novices' Hurdle (GBB Race)
840387,2025-01-24,Doncaster,hurdle,Arkendale,8,,-51.52,-,34.12,-,30.65,-,Virgin Bet Daily Price Boosts Novices' Hurdle (GBB Race)
840388,2025-01-24,Doncaster,hurdle,Best Life,14,102,-8.01,-,69.36,-,68.42,-,Virgin Bet Daily Extra Places Handicap Hurdle
840388,2025-01-24,Doncaster,hurdle,Ah Whisht,15,105,-21.01,-,65.67,-,64.62,-,Virgin Bet Daily Extra Places Handicap Hurdle
840388,2025-01-24,Doncaster,hurdle,Tide Times,16,105,-21.51,-,65.53,-,64.48,-,Virgin Bet Daily Extra Places Handicap Hurdle
840388,2025-01-24,Doncaster,hurdle,Gandhi Maker,17,101,-40.51,-,60.14,-,58.92,-,Virgin Bet Daily Extra Places Handicap Hurdle
840367,2025-01-24,Sandown,chase,Fil D'ariane,1,107,-1.33,-,66.94,-,69.19,-,Grand Military Gold Cup (Chase For Military Amateur Jockeys)
840367,2025-01-24,Sandown,chase,Farceur Du Large,2,128,-2.58,-,66.53,-,68.81,-,Grand Military Gold Cup (Chase For Military Amateur Jockeys)
840367,2025-01-24,Sandown,chase,Black Gerry,3,127,-15.58,-,62.29,-,64.86,-,Grand Military Gold Cup (Chase For Military Amateur Jockeys)
840367,2025-01-24,Sandown,chase,Hold That Taught,4,127,-18.83,-,61.23,-,63.87,-,Grand Military Gold Cup (Chase For Military Amateur Jockeys)
840367,2025-01-24,Sandown,chase,D'jango,5,127,-32.83,-,56.66,-,59.61,-,Grand Military Gold Cup (Chase For Military Amateur Jockeys)
840367,2025-01-24,Sandown,chase,Steady The Ship,6,102,-38.83,-,54.71,-,57.79,-,Grand Military Gold Cup (Chase For Military Amateur Jockeys)
840369,2025-01-24,Sandown,hurdle,Sonification,7,114,-17.06,-,54.79,-,57.09,-,Paul Sadgrove Dads 'N' Lads Novices' Handicap Hurdle (GBB Race)
840369,2025-01-24,Sandown,hurdle,Seek Him There,8,103,-42.06,-,45.14,-,47.93,-,Paul Sadgrove Dads 'N' Lads Novices' Handicap Hurdle (GBB Race)
841067,2025-01-25,Uttoxeter,chase,Ip Up,4,116,-2.88,65.67,53.11,84.35,52.33,84.92,2025 Uttoxeter Annual Membership Now Available Mares' Handicap Chase (GBB Race)
840521,2025-01-25,Cheltenham,chase,Guard Your Dreams,7,136,-4.24,55.30,63.07,84.16,62.94,84.67,Timeform Novices' Handicap Chase (GBB Race)
840547,2025-01-25,Uttoxeter,hurdle,Tchoupinminzac,3,,-9.66,57.18,48.74,79.98,47.82,80.69,Colin Bevan 66th Birthday Maiden Hurdle (GBB Race) (Div 1)
840547,2025-01-25,Uttoxeter,hurdle,Quinn's Reward,4,,-16.66,50.18,45.47,76.71,44.49,77.53,Colin Bevan 66th Birthday Maiden Hurdle (GBB Race) (Div 1)
840547,2025-01-25,Uttoxeter,hurdle,Saccary,5,,-20.91,45.93,43.48,74.72,42.46,75.62,Colin Bevan 66th Birthday Maiden Hurdle (GBB Race) (Div 1)
840547,2025-01-25,Uttoxeter,hurdle,Delgany Deadline,6,,-26.91,39.93,40.68,71.92,39.61,72.91,Colin Bevan 66th Birthday Maiden Hurdle (GBB Race) (Div 1)
840547,2025-01-25,Uttoxeter,hurdle,Junior Des Mottes,7,,-63.91,2.93,23.38,54.62,22.00,56.23,Colin Bevan 66th Birthday Maiden Hurdle (GBB Race) (Div 1)
840523,2025-01-25,Cheltenham,chase,Ginny's Destiny,10,152,-11.14,48.63,60.78,81.87,60.64,82.45,Betfair Exchange Handicap Chase (Premier Handicap) (GBB Race)
840548,2025-01-25,Uttoxeter,hurdle,Desert Halo,4,112,-10.08,65.75,49.79,84.38,48.89,85.01,Colin Bevan 66th Birthday Maiden Hurdle (GBB Race) (Div 2)
840548,2025-01-25,Uttoxeter,hurdle,King Of Thieves,5,,-14.83,61.00,47.63,82.21,46.68,82.94,Colin Bevan 66th Birthday Maiden Hurdle (GBB Race) (Div 2)
840548,2025-01-25,Uttoxeter,hurdle,Uncertain Terms,6,,-33.83,42.00,38.96,73.55,37.86,74.62,Colin Bevan 66th Birthday Maiden Hurdle (GBB Race) (Div 2)
840548,2025-01-25,Uttoxeter,hurdle,Shes All Pride,7,,-51.83,24.00,30.75,65.34,29.50,66.75,Colin Bevan 66th Birthday Maiden Hurdle (GBB Race) (Div 2)
840548,2025-01-25,Uttoxeter,hurdle,Watching Over You,8,,-75.83,-0.00,19.81,54.39,18.36,56.25,Colin Bevan 66th Birthday Maiden Hurdle (GBB Race) (Div 2)
840524,2025-01-25,Cheltenham,chase,Tommie Beau,6,142,-13.76,70.00,66.68,91.21,67.86,91.86,Betfair Cotswold Chase (Grade 2) (GBB Race)
840549,2025-01-25,Uttoxeter,hurdle,Victoria Milano,2,114,-6.30,88.12,61.06,95.65,60.78,95.87,Duncan Goodfellow- Come On Horse Handicap Hurdle
840549,2025-01-25,Uttoxeter,hurdle,Miss Maverick,3,112,-7.55,86.87,60.61,95.19,60.32,95.43,Duncan Goodfellow- Come On Horse Handicap Hurdle
840549,2025-01-25,Uttoxeter,hurdle,New Found Fame,4,107,-16.05,78.37,57.49,92.08,57.19,92.48,Duncan Goodfellow- Come On Horse Handicap Hurdle
840549,2025-01-25,Uttoxeter,hurdle,Captain Potter,5,111,-16.10,78.32,57.48,92.06,57.17,92.46,Duncan Goodfellow- Come On Horse Handicap Hurdle
840551,2025-01-25,Uttoxeter,chase,Redbridge Rambler,4,103,-4.04,89.68,61.61,96.19,61.95,96.44,Uttoxeter Racecourse Caravan And Motorhome Site Handicap Chase (GBB Race)
840551,2025-01-25,Uttoxeter,chase,Brulure Noire,5,110,-4.54,89.18,61.42,96.01,61.76,96.27,Uttoxeter Racecourse Caravan And Motorhome Site Handicap Chase (GBB Race)
840551,2025-01-25,Uttoxeter,chase,Heroique De Maulde,6,103,-18.54,75.18,56.26,90.84,56.64,91.43,Uttoxeter Racecourse Caravan And Motorhome Site Handicap Chase (GBB Race)
840551,2025-01-25,Uttoxeter,chase,Ballybegg,7,119,-28.54,65.18,52.57,87.15,52.99,87.98,Uttoxeter Racecourse Caravan And Motorhome Site Handicap Chase (GBB Race)
840551,2025-01-25,Uttoxeter,chase,No Tackle,8,106,-43.54,50.18,47.03,81.62,47.50,82.80,Uttoxeter Racecourse Caravan And Motorhome Site Handicap Chase (GBB Race)
840552,2025-01-25,Uttoxeter,chase,Good Work,1,108,-63.63,42.04,51.62,82.86,52.59,84.05,Midlands Grand National Saturday 15th March Novices' Handicap Chase (GBB Race)
840552,2025-01-25,Uttoxeter,chase,Gold Emery,2,110,-65.38,40.29,51.10,82.34,52.08,83.57,Midlands Grand National Saturday 15th March Novices' Handicap Chase (GBB Race)
840552,2025-01-25,Uttoxeter,chase,Wal Buck's,3,114,-65.88,39.79,50.95,82.20,51.94,83.44,Midlands Grand National Saturday 15th March Novices' Handicap Chase (GBB Race)
840552,2025-01-25,Uttoxeter,chase,Atlanta Brave,4,122,-91.88,13.79,43.27,74.51,44.41,76.28,Midlands Grand National Saturday 15th March Novices' Handicap Chase (GBB Race)
840527,2025-01-25,Cheltenham,hurdle,Wade Out,7,128,-29.68,34.09,54.82,77.04,53.47,77.25,AIS Novices' Hurdle (Grade 2) (Registered As The Classic Novices' Hurdle) (GBB Race)
841068,2025-01-25,Uttoxeter,hurdle,Owl Of Athens,1,75,-8.24,75.81,59.76,91.01,59.47,91.41,QuinnBet Handicap Hurdle
841068,2025-01-25,Uttoxeter,hurdle,Ghasham,2,100,-16.24,67.81,56.79,88.03,56.48,88.57,QuinnBet Handicap Hurdle
841068,2025-01-25,Uttoxeter,hurdle,Icaque de L'Isle,3,97,-20.24,63.81,55.30,86.54,54.98,87.15,QuinnBet Handicap Hurdle
841068,2025-01-25,Uttoxeter,hurdle,Twyford's Diamond,4,99,-41.24,42.81,47.49,78.74,47.11,79.69,QuinnBet Handicap Hurdle
841068,2025-01-25,Uttoxeter,hurdle,Kalabana,5,82,-44.74,39.31,46.19,77.44,45.80,78.45,QuinnBet Handicap Hurdle
841068,2025-01-25,Uttoxeter,hurdle,Tropical Speed,6,96,-49.49,34.56,44.43,75.67,44.02,76.77,QuinnBet Handicap Hurdle
841068,2025-01-25,Uttoxeter,hurdle,Caballo Diablo,7,70,-52.49,31.56,43.31,74.56,42.90,75.70,QuinnBet Handicap Hurdle
841068,2025-01-25,Uttoxeter,hurdle,Auba Me Yang,8,92,-63.49,20.56,39.22,70.47,38.78,71.79,QuinnBet Handicap Hurdle
841068,2025-01-25,Uttoxeter,hurdle,Polly Pi,9,87,-92.49,-8.44,28.44,59.69,27.92,61.50,QuinnBet Handicap Hurdle
840541,2025-01-26,Fontwell,hurdle,Electric Mason,1,132,-25.67,74.40,50.29,89.88,50.22,90.51,BetGoodwin Novices' Hurdle (GBB Race)
840541,2025-01-26,Fontwell,hurdle,Cauvicourt,2,,-27.17,72.90,49.70,89.28,49.62,89.96,BetGoodwin Novices' Hurdle (GBB Race)
840541,2025-01-26,Fontwell,hurdle,Western Harmony,3,,-28.42,71.65,49.21,88.79,49.13,89.49,BetGoodwin Novices' Hurdle (GBB Race)
840542,2025-01-26,Fontwell,hurdle,Shuil Ceoil,1,96,-20.35,108.07,58.88,102.76,58.62,102.58,Southern Cranes & Access Ltd Handicap Hurdle
840542,2025-01-26,Fontwell,hurdle,Vendant,2,84,-20.65,107.77,58.78,102.65,58.51,102.48,Southern Cranes & Access Ltd Handicap Hurdle
840542,2025-01-26,Fontwell,hurdle,Summer In Milan,3,97,-30.65,97.77,55.36,99.24,55.08,99.29,Southern Cranes & Access Ltd Handicap Hurdle
840542,2025-01-26,Fontwell,hurdle,Hot Rod Lincoln,4,98,-40.65,87.77,51.95,95.82,51.64,96.09,Southern Cranes & Access Ltd Handicap Hurdle
840542,2025-01-26,Fontwell,hurdle,Chankaya,5,102,-42.65,85.77,51.26,95.14,50.95,95.46,Southern Cranes & Access Ltd Handicap Hurdle
840542,2025-01-26,Fontwell,hurdle,Westtara,6,99,-51.15,77.27,48.36,92.23,48.03,92.74,Southern Cranes & Access Ltd Handicap Hurdle
840542,2025-01-26,Fontwell,hurdle,Maximum Effort,7,104,-51.90,76.52,48.10,91.98,47.77,92.50,Southern Cranes & Access Ltd Handicap Hurdle
840557,2025-01-26,Sedgefield,hurdle,Ghidora,6,,-1.66,75.85,64.35,91.53,63.13,91.65,Vickers.Bet Independent Family Owned Bookmaker Mares' Novices' Hurdle (GBB Race)
840557,2025-01-26,Sedgefield,hurdle,Worth The Walk,7,,-3.41,74.10,63.73,90.92,62.49,91.04,Vickers.Bet Independent Family Owned Bookmaker Mares' Novices' Hurdle (GBB Race)
840557,2025-01-26,Sedgefield,hurdle,Phillyscope,8,,-20.41,57.10,57.77,84.95,56.33,85.16,Vickers.Bet Independent Family Owned Bookmaker Mares' Novices' Hurdle (GBB Race)
840543,2025-01-26,Fontwell,chase,Fame And Fun,1,97,-41.32,67.33,48.52,88.10,50.46,89.26,BetGoodwin Download The App Handicap Chase
840543,2025-01-26,Fontwell,chase,Elpologreg,2,69,-55.32,53.33,43.42,83.00,45.56,84.66,BetGoodwin Download The App Handicap Chase
840543,2025-01-26,Fontwell,chase,Leading Swoop,3,90,-60.32,48.33,41.59,81.18,43.80,83.01,BetGoodwin Download The App Handicap Chase
840543,2025-01-26,Fontwell,chase,Master Mikey Dee,4,69,-66.32,42.33,39.41,78.99,41.70,81.04,BetGoodwin Download The App Handicap Chase
840543,2025-01-26,Fontwell,chase,Sir Rock,5,96,-82.32,26.33,33.58,73.16,36.09,75.78,BetGoodwin Download The App Handicap Chase
840544,2025-01-26,Fontwell,hurdle,Epic West,2,120,-9.08,100.83,54.93,100.34,54.22,100.32,BetGoodwin Best New UK Bookie EBF 'National Hunt' Novices' Hurdle (GBB Race)
840544,2025-01-26,Fontwell,hurdle,Kissman,3,114,-29.08,80.83,46.67,92.08,45.82,92.55,BetGoodwin Best New UK Bookie EBF 'National Hunt' Novices' Hurdle (GBB Race)
840544,2025-01-26,Fontwell,hurdle,Well Presented,4,,-42.08,67.83,41.30,86.71,40.37,87.50,BetGoodwin Best New UK Bookie EBF 'National Hunt' Novices' Hurdle (GBB Race)
840544,2025-01-26,Fontwell,hurdle,Moon Monarch,5,,-42.83,67.08,40.99,86.40,40.05,87.21,BetGoodwin Best New UK Bookie EBF 'National Hunt' Novices' Hurdle (GBB Race)
840559,2025-01-26,Sedgefield,chase,Catch Catchfire,1,100,-16.76,45.63,66.26,84.29,67.23,85.19,Happy Birthday Rebecca Handicap Chase
840559,2025-01-26,Sedgefield,chase,Zwicky,2,103,-22.76,39.63,64.53,82.56,65.54,83.56,Happy Birthday Rebecca Handicap Chase
840559,2025-01-26,Sedgefield,chase,Basford,3,105,-24.26,38.13,64.10,82.13,65.12,83.15,Happy Birthday Rebecca Handicap Chase
840559,2025-01-26,Sedgefield,chase,Old Page,4,83,-25.01,37.38,63.88,81.91,64.91,82.94,Happy Birthday Rebecca Handicap Chase
840559,2025-01-26,Sedgefield,chase,Felton Bellevue,5,94,-33.51,28.88,61.42,79.45,62.53,80.63,Happy Birthday Rebecca Handicap Chase
840559,2025-01-26,Sedgefield,chase,C'Est Quelqu'un,6,94,-43.01,19.38,58.68,76.71,59.86,78.04,Happy Birthday Rebecca Handicap Chase
840559,2025-01-26,Sedgefield,chase,Bannside,7,69,-47.01,15.38,57.52,75.55,58.74,76.95,Happy Birthday Rebecca Handicap Chase
840559,2025-01-26,Sedgefield,chase,Eveque,8,81,-48.01,14.38,57.23,75.26,58.46,76.68,Happy Birthday Rebecca Handicap Chase
840559,2025-01-26,Sedgefield,chase,Henry Brown,9,69,-55.01,7.38,55.21,73.24,56.49,74.77,Happy Birthday Rebecca Handicap Chase
840559,2025-01-26,Sedgefield,chase,Monaghan Boy,10,80,-74.01,-11.62,49.72,67.75,51.16,69.60,Happy Birthday Rebecca Handicap Chase
840560,2025-01-26,Sedgefield,hurdle,Pacini,6,103,-11.29,32.52,54.19,72.22,51.51,71.54,Premier Flex Plus Canine Joint Supplement Handicap Hurdle
840560,2025-01-26,Sedgefield,hurdle,Restandbethankful,7,103,-13.04,30.77,53.47,71.50,50.75,70.80,Premier Flex Plus Canine Joint Supplement Handicap Hurdle
841177,2025-01-26,Fontwell,nh_flat,Hillwalk,3,,-0.31,110.23,58.79,104.20,58.14,103.95,BetGoodwin Master Trainer Chris Gordon Open NH Flat Race (GBB Race)
841177,2025-01-26,Fontwell,nh_flat,Daffodil,4,,-6.31,104.23,56.33,101.74,55.63,101.64,BetGoodwin Master Trainer Chris Gordon Open NH Flat Race (GBB Race)
841177,2025-01-26,Fontwell,nh_flat,Fox Cottage,5,,-23.31,87.23,49.34,94.76,48.54,95.07,BetGoodwin Master Trainer Chris Gordon Open NH Flat Race (GBB Race)
841177,2025-01-26,Fontwell,nh_flat,Saddlers Dream,6,,-65.31,45.23,32.09,77.50,31.01,78.84,BetGoodwin Master Trainer Chris Gordon Open NH Flat Race (GBB Race)
841177,2025-01-26,Fontwell,nh_flat,Aureus,7,,-86.31,24.23,23.46,68.88,22.25,70.73,BetGoodwin Master Trainer Chris Gordon Open NH Flat Race (GBB Race)
840709,2025-01-27,Plumpton,hurdle,River Tyne,4,95,-50.07,21.24,56.60,77.23,56.85,78.13,Southern Cranes Mares' Handicap Hurdle
841549,2025-01-28,Newcastle,nh_flat,Truly Yours,9,,-1.78,48.70,59.19,79.43,53.95,77.67,Watch Unbridled On attheraces.com Mares' Open Maiden NH Flat Race (GBB Race) (AWT) (Div 1)
840898,2025-01-28,Chepstow,hurdle,Walkinthecotswolds,1,97,-0.73,-,61.44,-,61.46,-,Fitzdares Conditional Jockeys' Novices' Handicap Hurdle
840898,2025-01-28,Chepstow,hurdle,Night Jet,2,76,-4.48,-,60.00,-,60.03,-,Fitzdares Conditional Jockeys' Novices' Handicap Hurdle
840898,2025-01-28,Chepstow,hurdle,Arctic Angel,3,86,-5.98,-,59.43,-,59.46,-,Fitzdares Conditional Jockeys' Novices' Handicap Hurdle
840898,2025-01-28,Chepstow,hurdle,Quite The Getaway,4,84,-26.98,-,51.39,-,51.42,-,Fitzdares Conditional Jockeys' Novices' Handicap Hurdle
840898,2025-01-28,Chepstow,hurdle,Wild Nephin,5,96,-33.98,-,48.71,-,48.74,-,Fitzdares Conditional Jockeys' Novices' Handicap Hurdle
840898,2025-01-28,Chepstow,hurdle,Mambo Beat,6,77,-58.98,-,39.13,-,39.18,-,Fitzdares Conditional Jockeys' Novices' Handicap Hurdle
840892,2025-01-28,Newcastle,nh_flat,Centurion's Sister,2,,-2.62,46.66,57.85,78.09,52.45,76.23,Watch Unbridled On attheraces.com Mares' Open Maiden NH Flat Race (GBB Race) (AWT) (Div 2)
840892,2025-01-28,Newcastle,nh_flat,Scavengers Reign,3,,-2.92,46.36,57.73,77.97,52.31,76.09,Watch Unbridled On attheraces.com Mares' Open Maiden NH Flat Race (GBB Race) (AWT) (Div 2)
840892,2025-01-28,Newcastle,nh_flat,Girl Of Gold,4,,-8.42,40.86,55.47,75.71,49.76,73.64,Watch Unbridled On attheraces.com Mares' Open Maiden NH Flat Race (GBB Race) (AWT) (Div 2)
840892,2025-01-28,Newcastle,nh_flat,Blakeley Rise,5,,-11.17,38.11,54.34,74.58,48.49,72.42,Watch Unbridled On attheraces.com Mares' Open Maiden NH Flat Race (GBB Race) (AWT) (Div 2)
840892,2025-01-28,Newcastle,nh_flat,Spectress,6,,-11.92,37.36,54.03,74.27,48.14,72.08,Watch Unbridled On attheraces.com Mares' Open Maiden NH Flat Race (GBB Race) (AWT) (Div 2)
840892,2025-01-28,Newcastle,nh_flat,Zeezee,7,,-14.42,34.86,53.01,73.25,46.98,70.97,Watch Unbridled On attheraces.com Mares' Open Maiden NH Flat Race (GBB Race) (AWT) (Div 2)
840892,2025-01-28,Newcastle,nh_flat,Hannigan's Power,8,,-29.42,19.86,46.85,67.09,40.03,64.28,Watch Unbridled On attheraces.com Mares' Open Maiden NH Flat Race (GBB Race) (AWT) (Div 2)
840899,2025-01-28,Chepstow,hurdle,Livingit Du Large,1,,-24.02,-,41.61,-,40.53,-,Bet Personal Bet Fitzdares / EBF Junior 'National Hunt' Hurdle (GBB Race)
840899,2025-01-28,Chepstow,hurdle,Close Combat,2,,-26.52,-,40.43,-,39.33,-,Bet Personal Bet Fitzdares / EBF Junior 'National Hunt' Hurdle (GBB Race)
840899,2025-01-28,Chepstow,hurdle,Conniemak,3,,-32.52,-,37.61,-,36.45,-,Bet Personal Bet Fitzdares / EBF Junior 'National Hunt' Hurdle (GBB Race)
840899,2025-01-28,Chepstow,hurdle,Jackson's Bay,4,,-50.52,-,29.13,-,27.82,-,Bet Personal Bet Fitzdares / EBF Junior 'National Hunt' Hurdle (GBB Race)
840899,2025-01-28,Chepstow,hurdle,Flash In The Pan,5,,-56.02,-,26.54,-,25.19,-,Bet Personal Bet Fitzdares / EBF Junior 'National Hunt' Hurdle (GBB Race)
840900,2025-01-28,Chepstow,hurdle,King Of The Road,6,117,-26.04,-,52.36,-,52.40,-,Albert Bartlett Triple Crown Series Handicap Hurdle
840900,2025-01-28,Chepstow,hurdle,Below The Radar,7,120,-26.14,-,52.32,-,52.36,-,Albert Bartlett Triple Crown Series Handicap Hurdle
840900,2025-01-28,Chepstow,hurdle,Moon Over Mexico,8,118,-47.14,-,44.39,-,44.43,-,Albert Bartlett Triple Crown Series Handicap Hurdle
840893,2025-01-28,Newcastle,hurdle,Keepkalmandkarryon,6,,-15.59,41.59,59.08,79.32,58.33,79.67,LiveScore Bet Best Odds Daily Novices' Hurdle (GBB Race)
840893,2025-01-28,Newcastle,hurdle,Dartie Bay,7,,-18.34,38.84,58.10,78.35,57.34,78.71,LiveScore Bet Best Odds Daily Novices' Hurdle (GBB Race)
840893,2025-01-28,Newcastle,hurdle,Dartmhor,8,,-19.34,37.84,57.75,77.99,56.98,78.36,LiveScore Bet Best Odds Daily Novices' Hurdle (GBB Race)
840893,2025-01-28,Newcastle,hurdle,Frontier Force,9,,-46.34,10.84,48.19,68.43,47.24,68.97,LiveScore Bet Best Odds Daily Novices' Hurdle (GBB Race)
840893,2025-01-28,Newcastle,hurdle,Pulse Of Camelot,10,,-49.59,7.59,47.04,67.28,46.07,67.83,LiveScore Bet Best Odds Daily Novices' Hurdle (GBB Race)
840901,2025-01-28,Chepstow,chase,Cabhfuilfungi,2,120,-0.50,-,53.61,-,52.75,-,Fitzdares Telephone Novices' Limited Handicap Chase (GBB Race)
840901,2025-01-28,Chepstow,chase,Booster Bob,3,126,-17.50,-,45.77,-,44.76,-,Fitzdares Telephone Novices' Limited Handicap Chase (GBB Race)
840901,2025-01-28,Chepstow,chase,Idy Wood,4,124,-81.50,-,16.22,-,14.68,-,Fitzdares Telephone Novices' Limited Handicap Chase (GBB Race)
840901,2025-01-28,Chepstow,chase,Lupus Regem,5,110,-102.50,-,6.53,-,4.80,-,Fitzdares Telephone Novices' Limited Handicap Chase (GBB Race)
840902,2025-01-28,Chepstow,chase,Jo Lescribaa,1,96,-81.96,-,40.41,-,40.66,-,Join Fitzdares At fitzdares.com Handicap Chase (GBB Race)
840902,2025-01-28,Chepstow,chase,The Midwife,2,85,-84.46,-,39.59,-,39.85,-,Join Fitzdares At fitzdares.com Handicap Chase (GBB Race)
840902,2025-01-28,Chepstow,chase,Twilight Glory,3,96,-86.71,-,38.85,-,39.11,-,Join Fitzdares At fitzdares.com Handicap Chase (GBB Race)
840902,2025-01-28,Chepstow,chase,Shot Boii,4,100,-90.71,-,37.54,-,37.81,-,Join Fitzdares At fitzdares.com Handicap Chase (GBB Race)
840902,2025-01-28,Chepstow,chase,The Big Reveal,5,82,-92.46,-,36.97,-,37.24,-,Join Fitzdares At fitzdares.com Handicap Chase (GBB Race)
840902,2025-01-28,Chepstow,chase,Bampton Star,6,99,-96.96,-,35.49,-,35.77,-,Join Fitzdares At fitzdares.com Handicap Chase (GBB Race)
840903,2025-01-28,Chepstow,hurdle,Lagertha,1,,-28.30,-,39.37,-,38.25,-,Following Fitzdares On X Mares' Novices' Hurdle (GBB Race)
840903,2025-01-28,Chepstow,hurdle,Blazeon Five,2,,-38.30,-,34.65,-,33.44,-,Following Fitzdares On X Mares' Novices' Hurdle (GBB Race)
840903,2025-01-28,Chepstow,hurdle,Volakes,3,,-39.30,-,34.18,-,32.96,-,Following Fitzdares On X Mares' Novices' Hurdle (GBB Race)
840903,2025-01-28,Chepstow,hurdle,Sophie Power,4,,-42.05,-,32.88,-,31.64,-,Following Fitzdares On X Mares' Novices' Hurdle (GBB Race)
840903,2025-01-28,Chepstow,hurdle,Northern Symphonie,5,,-48.05,-,30.04,-,28.75,-,Following Fitzdares On X Mares' Novices' Hurdle (GBB Race)
840903,2025-01-28,Chepstow,hurdle,Arctic Stream,6,,-51.55,-,28.39,-,27.07,-,Following Fitzdares On X Mares' Novices' Hurdle (GBB Race)
840903,2025-01-28,Chepstow,hurdle,Granny Hawkins,7,,-55.80,-,26.38,-,25.02,-,Following Fitzdares On X Mares' Novices' Hurdle (GBB Race)
840903,2025-01-28,Chepstow,hurdle,Kupka Vallis,8,,-58.05,-,25.32,-,23.94,-,Following Fitzdares On X Mares' Novices' Hurdle (GBB Race)
840903,2025-01-28,Chepstow,hurdle,Kate Of The Lodge,9,,-76.05,-,16.81,-,15.27,-,Following Fitzdares On X Mares' Novices' Hurdle (GBB Race)
840903,2025-01-28,Chepstow,hurdle,Kiss Me Moon,10,,-78.05,-,15.87,-,14.31,-,Following Fitzdares On X Mares' Novices' Hurdle (GBB Race)
840903,2025-01-28,Chepstow,hurdle,King's Consort,11,,-91.05,-,9.72,-,8.06,-,Following Fitzdares On X Mares' Novices' Hurdle (GBB Race)
840903,2025-01-28,Chepstow,hurdle,Varinia,12,,-100.55,-,5.24,-,3.48,-,Following Fitzdares On X Mares' Novices' Hurdle (GBB Race)
841550,2025-01-28,Chepstow,nh_flat,Emerald Breeze,4,,-1.04,-,53.76,-,52.90,-,Fitzdares Bumper Open NH Flat Race (GBB Race)
841550,2025-01-28,Chepstow,nh_flat,Harmony Heights,5,,-22.04,-,44.14,-,43.11,-,Fitzdares Bumper Open NH Flat Race (GBB Race)
841550,2025-01-28,Chepstow,nh_flat,Tuck Your Shirt In,6,,-75.04,-,19.89,-,18.41,-,Fitzdares Bumper Open NH Flat Race (GBB Race)
841550,2025-01-28,Chepstow,nh_flat,Tenbob Tommy,7,,-79.29,-,17.94,-,16.43,-,Fitzdares Bumper Open NH Flat Race (GBB Race)
841726,2025-01-30,Wincanton,hurdle,Bobbi With An I,1,,-101.66,-,29.26,-,25.68,-,ITM EBF Mares' 'National Hunt' Novices' Hurdle (GBB Race)
841726,2025-01-30,Wincanton,hurdle,Springtime Legend,2,,-101.86,-,29.19,-,25.61,-,ITM EBF Mares' 'National Hunt' Novices' Hurdle (GBB Race)
841726,2025-01-30,Wincanton,hurdle,Only Gossip,3,,-117.86,-,23.58,-,19.71,-,ITM EBF Mares' 'National Hunt' Novices' Hurdle (GBB Race)
841726,2025-01-30,Wincanton,hurdle,Chique Angel,4,,-129.86,-,19.37,-,15.29,-,ITM EBF Mares' 'National Hunt' Novices' Hurdle (GBB Race)
841726,2025-01-30,Wincanton,hurdle,Lyness Dancer,5,,-134.86,-,17.62,-,13.45,-,ITM EBF Mares' 'National Hunt' Novices' Hurdle (GBB Race)
841726,2025-01-30,Wincanton,hurdle,Ebselysees,6,,-135.86,-,17.27,-,13.08,-,ITM EBF Mares' 'National Hunt' Novices' Hurdle (GBB Race)
841726,2025-01-30,Wincanton,hurdle,Damekap,7,,-200.86,-,-5.53,-,-10.87,-,ITM EBF Mares' 'National Hunt' Novices' Hurdle (GBB Race)
841293,2025-01-30,Wincanton,chase,Bertie Wooster,3,109,-25.86,-,53.26,-,53.71,-,Visit Irish Bloodstock Sales With ITM Novices' Handicap Chase (GBB Race)
841293,2025-01-30,Wincanton,chase,Shillanavogy,4,102,-29.36,-,51.97,-,52.42,-,Visit Irish Bloodstock Sales With ITM Novices' Handicap Chase (GBB Race)
841294,2025-01-30,Wincanton,hurdle,Bradman,6,,-13.78,-,46.64,-,44.34,-,Irish Thoroughbred Marketing Novices' Hurdle (GBB Race)
841295,2025-01-30,Wincanton,hurdle,Gentleman Jacques,1,98,-2.12,-,62.30,-,61.65,-,Experience Irish Racing With ITM Handicap Hurdle
841295,2025-01-30,Wincanton,hurdle,Our Bill's Aunt,2,100,-14.12,-,57.87,-,57.15,-,Experience Irish Racing With ITM Handicap Hurdle
841295,2025-01-30,Wincanton,hurdle,Olivia Kate,3,89,-14.87,-,57.59,-,56.86,-,Experience Irish Racing With ITM Handicap Hurdle
841295,2025-01-30,Wincanton,hurdle,Moorland Rambler,4,97,-41.87,-,47.62,-,46.73,-,Experience Irish Racing With ITM Handicap Hurdle
841295,2025-01-30,Wincanton,hurdle,Alkhattaaf,5,78,-54.87,-,42.82,-,41.84,-,Experience Irish Racing With ITM Handicap Hurdle
841295,2025-01-30,Wincanton,hurdle,Bellamy's Grey,6,73,-67.87,-,38.02,-,36.96,-,Experience Irish Racing With ITM Handicap Hurdle
841295,2025-01-30,Wincanton,hurdle,Stage Show,7,79,-69.12,-,37.56,-,36.49,-,Experience Irish Racing With ITM Handicap Hurdle
841296,2025-01-30,Wincanton,chase,Montgomery,5,125,-33.12,-,59.32,-,61.55,-,Buy At Irish Bloodstock Sales Handicap Chase (GBB Race)
841727,2025-01-30,Wincanton,chase,Mr Glass,1,119,-22.32,-,61.84,-,63.93,-,Irish Thoroughbred Marketing Stewart Tory Memorial Open Hunters' Chase
841727,2025-01-30,Wincanton,chase,Go Sacre Go,2,101,-27.82,-,60.12,-,62.31,-,Irish Thoroughbred Marketing Stewart Tory Memorial Open Hunters' Chase
841727,2025-01-30,Wincanton,chase,Quintin's Man,3,129,-59.82,-,50.14,-,52.87,-,Irish Thoroughbred Marketing Stewart Tory Memorial Open Hunters' Chase
841727,2025-01-30,Wincanton,chase,King Orry,4,100,-69.32,-,47.17,-,50.07,-,Irish Thoroughbred Marketing Stewart Tory Memorial Open Hunters' Chase
841728,2025-01-30,Wincanton,nh_flat,Dellahay,5,,-2.56,-,52.02,-,49.96,-,Start Your Irish Racing Journey Mares' Open Maiden NH Flat Race (GBB Race) (Div 1)
841728,2025-01-30,Wincanton,nh_flat,Oracle Park,6,,-13.56,-,46.88,-,44.59,-,Start Your Irish Racing Journey Mares' Open Maiden NH Flat Race (GBB Race) (Div 1)
841728,2025-01-30,Wincanton,nh_flat,Adaay Dancing,7,,-16.06,-,45.71,-,43.37,-,Start Your Irish Racing Journey Mares' Open Maiden NH Flat Race (GBB Race) (Div 1)
841728,2025-01-30,Wincanton,nh_flat,That's All Folks,8,,-27.06,-,40.56,-,38.01,-,Start Your Irish Racing Journey Mares' Open Maiden NH Flat Race (GBB Race) (Div 1)
841729,2025-01-30,Wincanton,nh_flat,Never Told Me,7,,-31.03,-,38.52,-,35.88,-,Start Your Irish Racing Journey Mares' Open Maiden NH Flat Race (GBB Race) (Div 2)
841729,2025-01-30,Wincanton,nh_flat,Ebarana,8,,-34.53,-,36.88,-,34.17,-,Start Your Irish Racing Journey Mares' Open Maiden NH Flat Race (GBB Race) (Div 2)
841468,2025-01-31,Lingfield,hurdle,Just A Memory,5,,-13.46,-,63.62,-,64.82,-,Download The At The Races App Maiden Hurdle (GBB Race)
841465,2025-01-31,Catterick,chase,The Paddy Pie,1,89,-4.92,20.15,68.83,76.28,69.47,77.06,racingtv.com Handicap Chase
841465,2025-01-31,Catterick,chase,Baby Chou,2,82,-6.42,18.65,68.38,75.83,69.04,76.63,racingtv.com Handicap Chase
841465,2025-01-31,Catterick,chase,Cave Article,3,81,-6.62,18.45,68.33,75.77,68.98,76.57,racingtv.com Handicap Chase
841465,2025-01-31,Catterick,chase,Archie Brown,4,88,-15.12,9.95,65.80,73.25,66.50,74.13,racingtv.com Handicap Chase
841465,2025-01-31,Catterick,chase,Beat The Edge,5,84,-17.37,7.70,65.13,72.58,65.85,73.48,racingtv.com Handicap Chase
841465,2025-01-31,Catterick,chase,Jumbo Veste Verte,6,75,-27.37,-2.30,62.16,69.61,62.94,70.61,racingtv.com Handicap Chase
841465,2025-01-31,Catterick,chase,Williamdeconqueror,7,81,-48.37,-23.30,55.92,63.37,56.83,64.57,racingtv.com Handicap Chase
841473,2025-01-31,Lingfield,chase,Bobbi's Beauty,7,94,-3.50,-,61.63,-,63.04,-,At The Races App Expert Tips Handicap Chase
841644,2025-02-01,Sandown,hurdle,Diamonds For Luck,1,118,-9.31,-,45.53,-,47.98,-,Virgin Bet Daily Extra Places Novices' Hurdle (GBB Race)
841644,2025-02-01,Sandown,hurdle,Noble Park,2,,-13.06,-,43.66,-,46.19,-,Virgin Bet Daily Extra Places Novices' Hurdle (GBB Race)
841644,2025-02-01,Sandown,hurdle,Old Cowboy,3,,-28.06,-,36.19,-,39.05,-,Virgin Bet Daily Extra Places Novices' Hurdle (GBB Race)
841644,2025-02-01,Sandown,hurdle,Ballela Blaze,4,,-28.56,-,35.94,-,38.82,-,Virgin Bet Daily Extra Places Novices' Hurdle (GBB Race)
841660,2025-02-01,Musselburgh,hurdle,Intense Approach,1,133,213.04,-,131.45,-,131.30,-,bet365 Scottish Stayers' Novices' Hurdle (GBB Race)
841660,2025-02-01,Musselburgh,hurdle,Gale Mahler,2,127,207.54,-,129.92,-,129.78,-,bet365 Scottish Stayers' Novices' Hurdle (GBB Race)
841650,2025-02-01,Sandown,nh_flat,Vesalius,6,,-55.28,-,26.40,-,29.70,-,Virgin Bet Best Odds Daily Open NH Flat Race (GBB Race)
841650,2025-02-01,Sandown,nh_flat,Recordator,7,,-154.28,-,-20.53,-,-15.11,-,Virgin Bet Best Odds Daily Open NH Flat Race (GBB Race)
841800,2025-02-03,Carlisle,chase,Chatshow Host,6,100,-1.09,33.67,63.32,75.93,64.77,77.36,Racing TV Free Trial Mares' Handicap Chase (GBB Race)
841802,2025-02-03,Carlisle,chase,Stowaway John,12,82,-22.38,18.82,62.53,75.15,64.16,76.72,Every Race Live On Racing TV Handicap Chase
841975,2025-02-04,Taunton,hurdle,Dino Magic,7,,-1.79,-,61.67,-,61.35,-,Ross Stacey Cannot Cook Novices' Hurdle (GBB Race)
841975,2025-02-04,Taunton,hurdle,Cornish Comedy,8,,-26.79,-,52.26,-,51.86,-,Ross Stacey Cannot Cook Novices' Hurdle (GBB Race)
841976,2025-02-04,Taunton,hurdle,Manuelito,7,121,-2.97,-,55.14,-,53.71,-,Gold Cup Lunch 14th March Handicap Hurdle
841976,2025-02-04,Taunton,hurdle,Wasthatok,8,112,-3.27,-,55.01,-,53.57,-,Gold Cup Lunch 14th March Handicap Hurdle
841976,2025-02-04,Taunton,hurdle,Phoenix Risen,9,101,-7.52,-,53.16,-,51.66,-,Gold Cup Lunch 14th March Handicap Hurdle
841976,2025-02-04,Taunton,hurdle,Admiralty House,10,117,-9.27,-,52.39,-,50.87,-,Gold Cup Lunch 14th March Handicap Hurdle
841976,2025-02-04,Taunton,hurdle,Campaign Trail,11,116,-14.02,-,50.32,-,48.74,-,Gold Cup Lunch 14th March Handicap Hurdle
841976,2025-02-04,Taunton,hurdle,Mostly Sunny,12,117,-15.77,-,49.56,-,47.95,-,Gold Cup Lunch 14th March Handicap Hurdle
841978,2025-02-04,Taunton,hurdle,Tour Ovalie,1,116,-15.09,-,48.40,-,46.75,-,Racing TV Club Day Mares' Novices' Hurdle (GBB Race)
841978,2025-02-04,Taunton,hurdle,Barrabool,2,,-21.59,-,45.49,-,43.75,-,Racing TV Club Day Mares' Novices' Hurdle (GBB Race)
841978,2025-02-04,Taunton,hurdle,Anno Power,3,,-24.09,-,44.37,-,42.59,-,Racing TV Club Day Mares' Novices' Hurdle (GBB Race)
841978,2025-02-04,Taunton,hurdle,Don't Tell Rosie,4,,-27.84,-,42.69,-,40.86,-,Racing TV Club Day Mares' Novices' Hurdle (GBB Race)
841978,2025-02-04,Taunton,hurdle,Whatmakes Honey B,5,,-37.84,-,38.20,-,36.23,-,Racing TV Club Day Mares' Novices' Hurdle (GBB Race)
841978,2025-02-04,Taunton,hurdle,Janespriceless,6,,-44.84,-,35.07,-,32.99,-,Racing TV Club Day Mares' Novices' Hurdle (GBB Race)
841978,2025-02-04,Taunton,hurdle,Organic,7,,-48.84,-,33.27,-,31.14,-,Racing TV Club Day Mares' Novices' Hurdle (GBB Race)
841978,2025-02-04,Taunton,hurdle,Viva Valentina,8,,-48.94,-,33.23,-,31.09,-,Racing TV Club Day Mares' Novices' Hurdle (GBB Race)
841980,2025-02-04,Taunton,hurdle,Alderley Charlie,7,79,-0.59,-,61.44,-,61.12,-,Free Racing On Monday 10th March Handicap Hurdle (Div 1)
841980,2025-02-04,Taunton,hurdle,Gallopade,8,94,-1.09,-,61.25,-,60.92,-,Free Racing On Monday 10th March Handicap Hurdle (Div 1)
842614,2025-02-04,Taunton,hurdle,Getuptheyard,7,89,-4.42,-,60.17,-,59.84,-,Free Racing On Monday 10th March Handicap Hurdle (Div 2)
842614,2025-02-04,Taunton,hurdle,Lucky Draw,8,88,-6.42,-,59.41,-,59.07,-,Free Racing On Monday 10th March Handicap Hurdle (Div 2)
842614,2025-02-04,Taunton,hurdle,Kolisi,9,84,-13.42,-,56.74,-,56.37,-,Free Racing On Monday 10th March Handicap Hurdle (Div 2)
842614,2025-02-04,Taunton,hurdle,Ted's Friend,10,103,-18.42,-,54.83,-,54.45,-,Free Racing On Monday 10th March Handicap Hurdle (Div 2)
842614,2025-02-04,Taunton,hurdle,Impecunious,11,98,-31.42,-,49.87,-,49.45,-,Free Racing On Monday 10th March Handicap Hurdle (Div 2)
842614,2025-02-04,Taunton,hurdle,Joker Jack,12,78,-31.92,-,49.68,-,49.26,-,Free Racing On Monday 10th March Handicap Hurdle (Div 2)
842170,2025-02-05,Sedgefield,hurdle,The Questioner,10,93,-8.00,31.36,71.99,82.20,71.40,82.15,MW Paving & Groundworks Handicap Hurdle
842170,2025-02-05,Sedgefield,hurdle,On We Go,11,86,-12.00,27.36,70.95,81.16,70.34,81.11,MW Paving & Groundworks Handicap Hurdle
842170,2025-02-05,Sedgefield,hurdle,Agirlcalledchloe,12,77,-26.00,13.36,67.32,77.53,66.64,77.47,MW Paving & Groundworks Handicap Hurdle
842177,2025-02-05,Ludlow,hurdle,Clashmore Banter,7,,-0.62,52.72,67.23,84.60,66.43,84.70,Mick Rollings & Nett Leach Memorial Mares' Maiden Hurdle (GBB Race)
842178,2025-02-05,Ludlow,chase,Carpe Diem,8,92,-0.12,56.12,69.08,86.45,70.03,87.24,Join RacingTV Now Handicap Chase
842178,2025-02-05,Ludlow,chase,Higgs,9,81,-4.87,51.37,67.61,84.98,68.61,85.86,Join RacingTV Now Handicap Chase
842179,2025-02-05,Ludlow,hurdle,Arkendale,5,,-1.49,35.86,55.85,72.10,53.37,71.39,Ludlow Members Novices' Hurdle (GBB Race)
842179,2025-02-05,Ludlow,hurdle,Wick Hill,6,,-13.49,23.86,50.63,66.88,47.85,66.03,Ludlow Members Novices' Hurdle (GBB Race)
842841,2025-02-06,Huntingdon,hurdle,Tramuntana,1,94,-5.31,-,61.32,-,59.96,-,Advertise Your Business At Huntingdon Racecourse Conditional Jockeys' Handicap Hurdle
842841,2025-02-06,Huntingdon,hurdle,Jack The Savage,2,96,-6.56,-,60.86,-,59.49,-,Advertise Your Business At Huntingdon Racecourse Conditional Jockeys' Handicap Hurdle
842841,2025-02-06,Huntingdon,hurdle,Ray's The One,3,79,-9.06,-,59.95,-,58.54,-,Advertise Your Business At Huntingdon Racecourse Conditional Jockeys' Handicap Hurdle
842841,2025-02-06,Huntingdon,hurdle,Jassur Des Brosses,4,84,-11.06,-,59.21,-,57.78,-,Advertise Your Business At Huntingdon Racecourse Conditional Jockeys' Handicap Hurdle
842841,2025-02-06,Huntingdon,hurdle,Rocket Rufus,5,96,-15.31,-,57.65,-,56.16,-,Advertise Your Business At Huntingdon Racecourse Conditional Jockeys' Handicap Hurdle
842841,2025-02-06,Huntingdon,hurdle,Rhodia,6,79,-16.56,-,57.19,-,55.68,-,Advertise Your Business At Huntingdon Racecourse Conditional Jockeys' Handicap Hurdle
842841,2025-02-06,Huntingdon,hurdle,Sangiovese,7,100,-17.06,-,57.01,-,55.49,-,Advertise Your Business At Huntingdon Racecourse Conditional Jockeys' Handicap Hurdle
842841,2025-02-06,Huntingdon,hurdle,The Last Melon,8,70,-42.06,-,47.83,-,45.99,-,Advertise Your Business At Huntingdon Racecourse Conditional Jockeys' Handicap Hurdle
842404,2025-02-06,Ffos Las,hurdle,Fat Faced Columbo,4,,-17.25,98.87,60.53,99.62,61.34,99.65,Turf Services Maiden Hurdle (GBB Race)
842404,2025-02-06,Ffos Las,hurdle,Clearisthewater,5,,-51.25,64.87,49.08,88.17,50.13,89.14,Turf Services Maiden Hurdle (GBB Race)
842405,2025-02-06,Ffos Las,hurdle,Clotilda,3,122,-10.00,68.03,50.48,85.61,48.04,85.81,Turf Services EBF Mares' 'National Hunt' Novices' Hurdle (GBB Race)
842405,2025-02-06,Ffos Las,hurdle,Come On Nia,4,108,-17.00,61.03,47.33,82.46,44.73,82.70,Turf Services EBF Mares' 'National Hunt' Novices' Hurdle (GBB Race)
842406,2025-02-06,Ffos Las,chase,Shady B,1,89,-16.48,89.85,61.20,96.62,63.72,97.01,3A's Leisure Handicap Chase
842406,2025-02-06,Ffos Las,chase,Dreams Of Diamonds,2,82,-20.23,86.10,59.95,95.37,62.55,95.91,3A's Leisure Handicap Chase
842406,2025-02-06,Ffos Las,chase,Try The Money,3,73,-20.73,85.60,59.79,95.20,62.39,95.76,3A's Leisure Handicap Chase
842406,2025-02-06,Ffos Las,chase,Abbeyhill,4,80,-30.23,76.10,56.62,92.04,59.43,92.96,3A's Leisure Handicap Chase
842406,2025-02-06,Ffos Las,chase,Blackacre,5,73,-40.23,66.10,53.29,88.71,56.32,90.02,3A's Leisure Handicap Chase
842406,2025-02-06,Ffos Las,chase,I See The Sea,6,97,-40.43,65.90,53.22,88.64,56.26,89.96,3A's Leisure Handicap Chase
842406,2025-02-06,Ffos Las,chase,Hermes Du Gouet,7,100,-54.43,51.90,48.56,83.98,51.89,85.83,3A's Leisure Handicap Chase
842406,2025-02-06,Ffos Las,chase,All Under Control,8,84,-54.48,51.85,48.54,83.96,51.88,85.82,3A's Leisure Handicap Chase
842406,2025-02-06,Ffos Las,chase,Bobmahley,9,98,-68.48,37.85,43.88,79.30,47.52,81.69,3A's Leisure Handicap Chase
842428,2025-02-06,Huntingdon,hurdle,Regally Blonde,5,77,-1.43,-,71.12,-,70.86,-,Season Tickets On Sale Now Mares' Handicap Hurdle
842428,2025-02-06,Huntingdon,hurdle,Rockola,6,100,-2.68,-,70.76,-,70.50,-,Season Tickets On Sale Now Mares' Handicap Hurdle
842408,2025-02-06,Ffos Las,hurdle,Casual Observer,1,107,-18.29,75.58,55.74,90.86,55.56,91.35,Celtic Subaru Handicap Hurdle
842408,2025-02-06,Ffos Las,hurdle,Double Click,2,110,-21.29,72.58,54.61,89.74,54.43,90.29,Celtic Subaru Handicap Hurdle
842408,2025-02-06,Ffos Las,hurdle,Walkinthewoods,3,91,-33.29,60.58,50.12,85.25,49.92,86.04,Celtic Subaru Handicap Hurdle
842408,2025-02-06,Ffos Las,hurdle,Gardener,4,114,-54.29,39.58,42.27,77.39,42.03,78.61,Celtic Subaru Handicap Hurdle
842408,2025-02-06,Ffos Las,hurdle,Presenting Nelly,5,100,-56.04,37.83,41.61,76.74,41.37,77.99,Celtic Subaru Handicap Hurdle
842408,2025-02-06,Ffos Las,hurdle,Throne Hall,6,102,-64.04,29.83,38.62,73.74,38.37,75.16,Celtic Subaru Handicap Hurdle
843007,2025-02-07,Kempton,hurdle,Jena D'oudairies,4,113,-1.53,-,55.55,-,52.89,-,TrustATrader Apply Today Conditional Jockeys' Mares' Handicap Hurdle
843007,2025-02-07,Kempton,hurdle,Roaring Home,5,107,-4.28,-,54.35,-,51.61,-,TrustATrader Apply Today Conditional Jockeys' Mares' Handicap Hurdle
843007,2025-02-07,Kempton,hurdle,Endless Escape,6,117,-9.78,-,51.94,-,49.06,-,TrustATrader Apply Today Conditional Jockeys' Mares' Handicap Hurdle
843007,2025-02-07,Kempton,hurdle,Love Tree,7,112,-32.78,-,41.87,-,38.39,-,TrustATrader Apply Today Conditional Jockeys' Mares' Handicap Hurdle
842528,2025-02-07,Bangor-on-Dee,chase,Eva's Oskar,1,130,-53.43,-,51.54,-,51.96,-,John Hewitt Memorial Open Hunters' Chase
842528,2025-02-07,Bangor-on-Dee,chase,Willewonga,2,,-54.93,-,51.06,-,51.49,-,John Hewitt Memorial Open Hunters' Chase
842528,2025-02-07,Bangor-on-Dee,chase,Lord Du Mesnil,3,130,-58.18,-,50.03,-,50.47,-,John Hewitt Memorial Open Hunters' Chase
842528,2025-02-07,Bangor-on-Dee,chase,Minella Trump,4,130,-65.18,-,47.82,-,48.28,-,John Hewitt Memorial Open Hunters' Chase
842528,2025-02-07,Bangor-on-Dee,chase,D'jango,5,123,-67.18,-,47.19,-,47.65,-,John Hewitt Memorial Open Hunters' Chase
842528,2025-02-07,Bangor-on-Dee,chase,Frontal Assault,6,135,-67.48,-,47.10,-,47.56,-,John Hewitt Memorial Open Hunters' Chase
842528,2025-02-07,Bangor-on-Dee,chase,For One Night Only,7,,-74.48,-,44.89,-,45.37,-,John Hewitt Memorial Open Hunters' Chase
842535,2025-02-07,Kempton,hurdle,Indemnity,4,,-3.63,-,54.76,-,52.04,-,Racing TV Maiden Hurdle (GBB Race)
842535,2025-02-07,Kempton,hurdle,Sgian Dubh,5,,-5.63,-,53.88,-,51.12,-,Racing TV Maiden Hurdle (GBB Race)
842535,2025-02-07,Kempton,hurdle,George Darling,6,,-9.38,-,52.25,-,49.38,-,Racing TV Maiden Hurdle (GBB Race)
842535,2025-02-07,Kempton,hurdle,Graham,7,,-10.88,-,51.59,-,48.69,-,Racing TV Maiden Hurdle (GBB Race)
842535,2025-02-07,Kempton,hurdle,Busy Being Busy,8,,-14.63,-,49.96,-,46.95,-,Racing TV Maiden Hurdle (GBB Race)
842535,2025-02-07,Kempton,hurdle,Low Expectations,9,,-17.13,-,48.86,-,45.80,-,Racing TV Maiden Hurdle (GBB Race)
842535,2025-02-07,Kempton,hurdle,Now I Know,10,,-38.13,-,39.70,-,36.08,-,Racing TV Maiden Hurdle (GBB Race)
842535,2025-02-07,Kempton,hurdle,Bluenose Belle,11,,-38.43,-,39.57,-,35.94,-,Racing TV Maiden Hurdle (GBB Race)
842535,2025-02-07,Kempton,hurdle,Rocks Up Late,12,,-42.68,-,37.71,-,33.97,-,Racing TV Maiden Hurdle (GBB Race)
842529,2025-02-07,Bangor-on-Dee,chase,Lagonda,1,109,-38.27,-,56.68,-,57.06,-,Classic Additions Limited Mares' Handicap Chase (GBB Race)
842529,2025-02-07,Bangor-on-Dee,chase,Micks Jet,2,115,-39.02,-,56.45,-,56.83,-,Classic Additions Limited Mares' Handicap Chase (GBB Race)
842529,2025-02-07,Bangor-on-Dee,chase,Gold Clermont,3,108,-41.52,-,55.66,-,56.05,-,Classic Additions Limited Mares' Handicap Chase (GBB Race)
842529,2025-02-07,Bangor-on-Dee,chase,Flintara,4,110,-57.52,-,50.65,-,51.08,-,Classic Additions Limited Mares' Handicap Chase (GBB Race)
842529,2025-02-07,Bangor-on-Dee,chase,Lilting Verse,5,115,-57.82,-,50.56,-,50.99,-,Classic Additions Limited Mares' Handicap Chase (GBB Race)
842529,2025-02-07,Bangor-on-Dee,chase,Victoria Milano,6,112,-70.82,-,46.48,-,46.95,-,Classic Additions Limited Mares' Handicap Chase (GBB Race)
842536,2025-02-07,Kempton,hurdle,Slipway,1,127,-24.82,-,56.87,-,55.32,-,TrustATrader Approved And Reviewed Trades People Novices' Hurdle (GBB Race)
842536,2025-02-07,Kempton,hurdle,J J Moon,2,119,-25.02,-,56.80,-,55.25,-,TrustATrader Approved And Reviewed Trades People Novices' Hurdle (GBB Race)
842536,2025-02-07,Kempton,hurdle,Jus De Citron,3,,-44.02,-,50.23,-,48.45,-,TrustATrader Approved And Reviewed Trades People Novices' Hurdle (GBB Race)
842536,2025-02-07,Kempton,hurdle,Doctor Kildare,4,,-47.02,-,49.19,-,47.37,-,TrustATrader Approved And Reviewed Trades People Novices' Hurdle (GBB Race)
842536,2025-02-07,Kempton,hurdle,Little Big Kev,5,,-55.52,-,46.26,-,44.33,-,TrustATrader Approved And Reviewed Trades People Novices' Hurdle (GBB Race)
842536,2025-02-07,Kempton,hurdle,Juventus De Brion,6,117,-62.52,-,43.84,-,41.82,-,TrustATrader Approved And Reviewed Trades People Novices' Hurdle (GBB Race)
842536,2025-02-07,Kempton,hurdle,Minella Kaiser,7,,-109.52,-,27.60,-,25.00,-,TrustATrader Approved And Reviewed Trades People Novices' Hurdle (GBB Race)
842537,2025-02-07,Kempton,chase,Eyed,1,113,-28.47,-,60.51,-,60.07,-,TrustATrader Fully Vetted Tradespeople Novices' Handicap Chase (GBB Race)
842537,2025-02-07,Kempton,chase,Ideal Des Bordes,2,121,-29.47,-,60.20,-,59.76,-,TrustATrader Fully Vetted Tradespeople Novices' Handicap Chase (GBB Race)
842537,2025-02-07,Kempton,chase,Sea Invasion,3,113,-52.47,-,53.13,-,52.61,-,TrustATrader Fully Vetted Tradespeople Novices' Handicap Chase (GBB Race)
842537,2025-02-07,Kempton,chase,Gentleman's Relish,4,107,-53.47,-,52.83,-,52.30,-,TrustATrader Fully Vetted Tradespeople Novices' Handicap Chase (GBB Race)
842537,2025-02-07,Kempton,chase,Moulins Clermont,5,114,-56.97,-,51.75,-,51.21,-,TrustATrader Fully Vetted Tradespeople Novices' Handicap Chase (GBB Race)
842537,2025-02-07,Kempton,chase,Onethreefivenotout,6,113,-64.97,-,49.29,-,48.73,-,TrustATrader Fully Vetted Tradespeople Novices' Handicap Chase (GBB Race)
842538,2025-02-07,Kempton,hurdle,Star Of Affinity,1,106,-42.68,-,50.14,-,48.35,-,TrustATrader You Can Trust Our Traders Handicap Hurdle
842538,2025-02-07,Kempton,hurdle,The Long Point,2,107,-48.18,-,48.22,-,46.36,-,TrustATrader You Can Trust Our Traders Handicap Hurdle
842538,2025-02-07,Kempton,hurdle,Bredon Hill,3,109,-58.18,-,44.72,-,42.74,-,TrustATrader You Can Trust Our Traders Handicap Hurdle
842538,2025-02-07,Kempton,hurdle,Holokea,4,109,-59.18,-,44.37,-,42.38,-,TrustATrader You Can Trust Our Traders Handicap Hurdle
842538,2025-02-07,Kempton,hurdle,Thunderclap,5,112,-72.18,-,39.83,-,37.67,-,TrustATrader You Can Trust Our Traders Handicap Hurdle
842538,2025-02-07,Kempton,hurdle,Sirekoff,6,109,-72.93,-,39.57,-,37.40,-,TrustATrader You Can Trust Our Traders Handicap Hurdle
842538,2025-02-07,Kempton,hurdle,Sun Joy,7,106,-94.93,-,31.88,-,29.44,-,TrustATrader You Can Trust Our Traders Handicap Hurdle
842538,2025-02-07,Kempton,hurdle,Storm Dennis,8,106,-100.93,-,29.79,-,27.27,-,TrustATrader You Can Trust Our Traders Handicap Hurdle
842538,2025-02-07,Kempton,hurdle,Hawk Stone,9,102,-101.13,-,29.72,-,27.19,-,TrustATrader You Can Trust Our Traders Handicap Hurdle
842532,2025-02-07,Bangor-on-Dee,hurdle,El Jefe,10,110,-1.99,-,56.84,-,55.18,-,RW Hough & Son Handicap Hurdle
842533,2025-02-07,Bangor-on-Dee,hurdle,Coastal Rock,1,109,-24.29,-,60.37,-,59.93,-,Wrexham Lager UK's Oldest Lager Brewery Novices' Handicap Hurdle (GBB Race)
842533,2025-02-07,Bangor-on-Dee,hurdle,Visual Impact,2,110,-28.79,-,58.94,-,58.48,-,Wrexham Lager UK's Oldest Lager Brewery Novices' Handicap Hurdle (GBB Race)
842533,2025-02-07,Bangor-on-Dee,hurdle,Fresh Speculation,3,106,-29.79,-,58.62,-,58.16,-,Wrexham Lager UK's Oldest Lager Brewery Novices' Handicap Hurdle (GBB Race)
842533,2025-02-07,Bangor-on-Dee,hurdle,Miami Steve,4,102,-33.79,-,57.35,-,56.87,-,Wrexham Lager UK's Oldest Lager Brewery Novices' Handicap Hurdle (GBB Race)
843008,2025-02-07,Kempton,nh_flat,Frontier Prince,1,,-44.73,-,33.14,-,29.13,-,Racing TV Open Maiden NH Flat Race (GBB Race) (Div 1)
843008,2025-02-07,Kempton,nh_flat,Kadastral,2,,-46.73,-,32.22,-,28.16,-,Racing TV Open Maiden NH Flat Race (GBB Race) (Div 1)
843008,2025-02-07,Kempton,nh_flat,Etna Bianco,3,,-51.48,-,30.03,-,25.83,-,Racing TV Open Maiden NH Flat Race (GBB Race) (Div 1)
843008,2025-02-07,Kempton,nh_flat,Vol Royale,4,,-52.23,-,29.68,-,25.46,-,Racing TV Open Maiden NH Flat Race (GBB Race) (Div 1)
843008,2025-02-07,Kempton,nh_flat,Bebe And Bean,5,,-54.48,-,28.64,-,24.36,-,Racing TV Open Maiden NH Flat Race (GBB Race) (Div 1)
843008,2025-02-07,Kempton,nh_flat,Oh My Guinness,6,,-78.48,-,17.55,-,12.61,-,Racing TV Open Maiden NH Flat Race (GBB Race) (Div 1)
843008,2025-02-07,Kempton,nh_flat,Harksman,7,,-80.23,-,16.74,-,11.75,-,Racing TV Open Maiden NH Flat Race (GBB Race) (Div 1)
843008,2025-02-07,Kempton,nh_flat,Monansunu,8,,-87.23,-,13.51,-,8.32,-,Racing TV Open Maiden NH Flat Race (GBB Race) (Div 1)
842534,2025-02-07,Bangor-on-Dee,hurdle,Chosen Bae,1,68,-7.09,-,60.55,-,59.09,-,Wrexham Lager Mares' Novices' Handicap Hurdle
842534,2025-02-07,Bangor-on-Dee,hurdle,Miss Pearl,2,79,-7.19,-,60.51,-,59.05,-,Wrexham Lager Mares' Novices' Handicap Hurdle
842534,2025-02-07,Bangor-on-Dee,hurdle,Walkinthecotswolds,3,97,-16.69,-,57.01,-,55.43,-,Wrexham Lager Mares' Novices' Handicap Hurdle
842534,2025-02-07,Bangor-on-Dee,hurdle,Auntie Maggie,4,79,-17.19,-,56.83,-,55.23,-,Wrexham Lager Mares' Novices' Handicap Hurdle
842534,2025-02-07,Bangor-on-Dee,hurdle,Prairie Queen,5,77,-21.44,-,55.26,-,53.61,-,Wrexham Lager Mares' Novices' Handicap Hurdle
842534,2025-02-07,Bangor-on-Dee,hurdle,Barra Blue,6,89,-21.64,-,55.19,-,53.53,-,Wrexham Lager Mares' Novices' Handicap Hurdle
842534,2025-02-07,Bangor-on-Dee,hurdle,Wrappedinrubies,7,98,-22.39,-,54.91,-,53.25,-,Wrexham Lager Mares' Novices' Handicap Hurdle
842534,2025-02-07,Bangor-on-Dee,hurdle,Edmond,8,93,-23.14,-,54.64,-,52.96,-,Wrexham Lager Mares' Novices' Handicap Hurdle
842534,2025-02-07,Bangor-on-Dee,hurdle,Nancy Till,9,69,-60.14,-,41.01,-,38.83,-,Wrexham Lager Mares' Novices' Handicap Hurdle
842534,2025-02-07,Bangor-on-Dee,hurdle,Flora Paget,10,89,-85.14,-,31.80,-,29.28,-,Wrexham Lager Mares' Novices' Handicap Hurdle
843009,2025-02-07,Kempton,nh_flat,Bold Action,1,,-1.97,-,54.55,-,51.82,-,Racing TV Open Maiden NH Flat Race (GBB Race) (Div 2)
843009,2025-02-07,Kempton,nh_flat,Old Park Star,2,,-5.97,-,52.77,-,49.93,-,Racing TV Open Maiden NH Flat Race (GBB Race) (Div 2)
843009,2025-02-07,Kempton,nh_flat,Edward Sexton,3,,-6.27,-,52.63,-,49.79,-,Racing TV Open Maiden NH Flat Race (GBB Race) (Div 2)
843009,2025-02-07,Kempton,nh_flat,Surrey Lord,4,,-7.77,-,51.96,-,49.08,-,Racing TV Open Maiden NH Flat Race (GBB Race) (Div 2)
843009,2025-02-07,Kempton,nh_flat,Choice Runner,5,,-14.77,-,48.84,-,45.77,-,Racing TV Open Maiden NH Flat Race (GBB Race) (Div 2)
843009,2025-02-07,Kempton,nh_flat,Amazing Cleni,6,,-23.27,-,45.05,-,41.76,-,Racing TV Open Maiden NH Flat Race (GBB Race) (Div 2)
843009,2025-02-07,Kempton,nh_flat,Commanche Princess,7,,-24.27,-,44.61,-,41.29,-,Racing TV Open Maiden NH Flat Race (GBB Race) (Div 2)
843009,2025-02-07,Kempton,nh_flat,Howzatjack,8,,-47.27,-,34.36,-,30.42,-,Racing TV Open Maiden NH Flat Race (GBB Race) (Div 2)
842695,2025-02-08,Uttoxeter,hurdle,Saint Palais,1,135,-28.46,-,59.19,-,58.82,-,QuinnBet Novices' Hurdle (GBB Race)
842695,2025-02-08,Uttoxeter,hurdle,Newton Tornado,2,121,-28.96,-,59.04,-,58.66,-,QuinnBet Novices' Hurdle (GBB Race)
842695,2025-02-08,Uttoxeter,hurdle,Histrionic,3,,-32.46,-,57.92,-,57.54,-,QuinnBet Novices' Hurdle (GBB Race)
842695,2025-02-08,Uttoxeter,hurdle,Special John,4,,-70.46,-,45.85,-,45.36,-,QuinnBet Novices' Hurdle (GBB Race)
842695,2025-02-08,Uttoxeter,hurdle,Great Name That,5,115,-84.46,-,41.41,-,40.87,-,QuinnBet Novices' Hurdle (GBB Race)
842696,2025-02-08,Uttoxeter,hurdle,D Day Arvalenreeva,4,,-7.61,-,49.66,-,48.75,-,Midlands Grand National Saturday 15th March Mares' Novices' Hurdle (GBB Race)
842696,2025-02-08,Uttoxeter,hurdle,Seas The Day,5,,-15.61,-,45.92,-,44.94,-,Midlands Grand National Saturday 15th March Mares' Novices' Hurdle (GBB Race)
842696,2025-02-08,Uttoxeter,hurdle,Manala,6,,-15.71,-,45.87,-,44.89,-,Midlands Grand National Saturday 15th March Mares' Novices' Hurdle (GBB Race)
842696,2025-02-08,Uttoxeter,hurdle,Dartmouth Rose,7,,-22.21,-,42.83,-,41.80,-,Midlands Grand National Saturday 15th March Mares' Novices' Hurdle (GBB Race)
842696,2025-02-08,Uttoxeter,hurdle,Voleur De Terres,8,,-33.21,-,37.68,-,36.56,-,Midlands Grand National Saturday 15th March Mares' Novices' Hurdle (GBB Race)
842696,2025-02-08,Uttoxeter,hurdle,Paradise Park,9,,-49.21,-,30.20,-,28.94,-,Midlands Grand National Saturday 15th March Mares' Novices' Hurdle (GBB Race)
842697,2025-02-08,Uttoxeter,chase,Lucky Lugger,1,103,-1.35,-,52.84,-,52.05,-,Chris Langley Is Getting Married Novices' Handicap Chase (GBB Race)
842697,2025-02-08,Uttoxeter,chase,Another Lord,2,93,-12.35,-,47.72,-,46.85,-,Chris Langley Is Getting Married Novices' Handicap Chase (GBB Race)
842697,2025-02-08,Uttoxeter,chase,Flamelco,3,111,-12.65,-,47.58,-,46.71,-,Chris Langley Is Getting Married Novices' Handicap Chase (GBB Race)
842697,2025-02-08,Uttoxeter,chase,What A Time,4,88,-109.65,-,2.44,-,0.81,-,Chris Langley Is Getting Married Novices' Handicap Chase (GBB Race)
842699,2025-02-08,Uttoxeter,hurdle,Rock Hurley,4,102,-13.21,-,58.38,-,58.07,-,QuinnBet Daily Free Bet Handicap Hurdle
842699,2025-02-08,Uttoxeter,hurdle,Hourvari,5,122,-41.21,-,48.08,-,47.71,-,QuinnBet Daily Free Bet Handicap Hurdle
842700,2025-02-08,Uttoxeter,chase,Hot Rod Lincoln,1,91,-73.14,-,43.41,-,44.85,-,Uttoxeter Racecourse Caravan And Motorhome Site Handicap Chase
842700,2025-02-08,Uttoxeter,chase,Dunworley,2,80,-76.14,-,42.43,-,43.90,-,Uttoxeter Racecourse Caravan And Motorhome Site Handicap Chase
842700,2025-02-08,Uttoxeter,chase,Lyrical Genius,3,100,-78.39,-,41.69,-,43.18,-,Uttoxeter Racecourse Caravan And Motorhome Site Handicap Chase
842700,2025-02-08,Uttoxeter,chase,Ronnies Reflection,4,85,-88.39,-,38.42,-,40.00,-,Uttoxeter Racecourse Caravan And Motorhome Site Handicap Chase
842700,2025-02-08,Uttoxeter,chase,Mister Barclay,5,98,-105.39,-,32.87,-,34.58,-,Uttoxeter Racecourse Caravan And Motorhome Site Handicap Chase
842700,2025-02-08,Uttoxeter,chase,Hobb's Delight,6,96,-106.39,-,32.54,-,34.26,-,Uttoxeter Racecourse Caravan And Motorhome Site Handicap Chase
842701,2025-02-08,Uttoxeter,hurdle,Tarbuck,1,99,-32.82,-,49.82,-,49.46,-,quinnbet.com Novices' Handicap Hurdle
842701,2025-02-08,Uttoxeter,hurdle,Red Cadillac,2,94,-36.57,-,48.40,-,48.03,-,quinnbet.com Novices' Handicap Hurdle
842701,2025-02-08,Uttoxeter,hurdle,Uokhun,3,98,-38.82,-,47.55,-,47.17,-,quinnbet.com Novices' Handicap Hurdle
842701,2025-02-08,Uttoxeter,hurdle,Churchman,4,85,-50.82,-,43.02,-,42.61,-,quinnbet.com Novices' Handicap Hurdle
842701,2025-02-08,Uttoxeter,hurdle,Leading The Way,5,63,-53.32,-,42.08,-,41.66,-,quinnbet.com Novices' Handicap Hurdle
842701,2025-02-08,Uttoxeter,hurdle,Kalabana,6,80,-67.32,-,36.79,-,36.33,-,quinnbet.com Novices' Handicap Hurdle
842701,2025-02-08,Uttoxeter,hurdle,Mon Kaplais,7,100,-115.32,-,18.65,-,18.06,-,quinnbet.com Novices' Handicap Hurdle
842715,2025-02-09,Chepstow,hurdle,Ben Solo,2,119,-5.53,72.14,51.31,87.14,50.41,87.69,Let's Bet Personal With Fitzdares Novices' Hurdle (GBB Race)
842715,2025-02-09,Chepstow,hurdle,Benignitas,3,,-28.53,49.14,40.70,76.53,39.60,77.52,Let's Bet Personal With Fitzdares Novices' Hurdle (GBB Race)
842715,2025-02-09,Chepstow,hurdle,Luna De Castana,4,,-31.78,45.89,39.20,75.03,38.07,76.09,Let's Bet Personal With Fitzdares Novices' Hurdle (GBB Race)
842715,2025-02-09,Chepstow,hurdle,Midnight View,5,,-32.53,45.14,38.85,74.69,37.72,75.76,Let's Bet Personal With Fitzdares Novices' Hurdle (GBB Race)
842715,2025-02-09,Chepstow,hurdle,Stinginhisstep,6,,-38.53,39.14,36.08,71.92,34.90,73.10,Let's Bet Personal With Fitzdares Novices' Hurdle (GBB Race)
842715,2025-02-09,Chepstow,hurdle,Chateau Du Lys,7,,-40.03,37.64,35.39,71.23,34.20,72.44,Let's Bet Personal With Fitzdares Novices' Hurdle (GBB Race)
842715,2025-02-09,Chepstow,hurdle,Clever Relation,8,,-41.53,36.14,34.70,70.53,33.49,71.78,Let's Bet Personal With Fitzdares Novices' Hurdle (GBB Race)
842715,2025-02-09,Chepstow,hurdle,Mini Fortune,9,,-50.53,27.14,30.55,66.38,29.26,67.80,Let's Bet Personal With Fitzdares Novices' Hurdle (GBB Race)
842722,2025-02-09,Exeter,hurdle,Reel Orange,6,,-13.98,1.71,56.98,62.90,56.00,62.45,TrustATrader Approved And Reviewed Trades People EBF 'National Hunt' Novices' Hurdle (GBB Race)
842716,2025-02-09,Chepstow,hurdle,Mad At Midnight,9,,-12.72,95.36,57.38,98.25,57.41,98.36,Fitzdares Telephone & Text Betting 'National Hunt' Maiden Hurdle (GBB Race)
842716,2025-02-09,Chepstow,hurdle,Pure Blue,10,,-26.72,81.36,52.08,92.95,52.12,93.43,Fitzdares Telephone & Text Betting 'National Hunt' Maiden Hurdle (GBB Race)
842716,2025-02-09,Chepstow,hurdle,Junior Des Mottes,11,,-49.72,58.36,43.39,84.26,43.43,85.31,Fitzdares Telephone & Text Betting 'National Hunt' Maiden Hurdle (GBB Race)
842716,2025-02-09,Chepstow,hurdle,Victor Haze,12,,-50.47,57.61,43.10,83.97,43.14,85.05,Fitzdares Telephone & Text Betting 'National Hunt' Maiden Hurdle (GBB Race)
842716,2025-02-09,Chepstow,hurdle,Noble Recall,13,,-75.47,32.61,33.65,74.52,33.70,76.23,Fitzdares Telephone & Text Betting 'National Hunt' Maiden Hurdle (GBB Race)
842717,2025-02-09,Chepstow,hurdle,Getaway Theatre,1,107,-36.52,75.71,56.41,92.24,56.60,92.73,Call Fitzdares On 020 7851 5407 Mares' Handicap Hurdle
842717,2025-02-09,Chepstow,hurdle,The Lord Maid,2,125,-37.77,74.46,56.01,91.84,56.20,92.35,Call Fitzdares On 020 7851 5407 Mares' Handicap Hurdle
842717,2025-02-09,Chepstow,hurdle,Love Of Neymore,3,113,-38.27,73.96,55.85,91.68,56.04,92.20,Call Fitzdares On 020 7851 5407 Mares' Handicap Hurdle
842717,2025-02-09,Chepstow,hurdle,Phillapa Sue,4,113,-40.77,71.46,55.05,90.89,55.24,91.46,Call Fitzdares On 020 7851 5407 Mares' Handicap Hurdle
842717,2025-02-09,Chepstow,hurdle,Jalisco Star,5,109,-41.77,70.46,54.73,90.57,54.93,91.16,Call Fitzdares On 020 7851 5407 Mares' Handicap Hurdle
842717,2025-02-09,Chepstow,hurdle,Felicie Du Maquis,6,119,-45.77,66.46,53.46,89.29,53.65,89.96,Call Fitzdares On 020 7851 5407 Mares' Handicap Hurdle
842718,2025-02-09,Chepstow,chase,Heros De Romay,4,117,-2.25,107.16,61.81,102.68,61.39,102.52,Text Fitzdares On 07492 882213 Novices' Limited Handicap Chase (GBB Race)
842719,2025-02-09,Chepstow,chase,The Midwife,1,86,-20.54,101.28,61.85,100.40,62.01,100.38,Ivythwaite Lodge Kerry Stevens Memorial Handicap Chase (GBB Race)
842719,2025-02-09,Chepstow,chase,Innisfree Lass,2,102,-29.04,92.78,59.16,97.71,59.33,97.87,Ivythwaite Lodge Kerry Stevens Memorial Handicap Chase (GBB Race)
842719,2025-02-09,Chepstow,chase,Itsnoteasy,3,108,-42.04,79.78,55.05,93.60,55.24,94.03,Ivythwaite Lodge Kerry Stevens Memorial Handicap Chase (GBB Race)
842719,2025-02-09,Chepstow,chase,Phantom Getaway,4,110,-65.04,56.78,47.77,86.32,47.99,87.23,Ivythwaite Lodge Kerry Stevens Memorial Handicap Chase (GBB Race)
842720,2025-02-09,Chepstow,hurdle,Decorated,4,100,-5.27,102.36,60.03,100.90,60.06,100.84,Download The Fitzdares App Now Handicap Hurdle
842720,2025-02-09,Chepstow,hurdle,Babatunde,5,95,-6.77,100.86,59.46,100.33,59.49,100.31,Download The Fitzdares App Now Handicap Hurdle
842720,2025-02-09,Chepstow,hurdle,Wonderweasle,6,87,-11.27,96.36,57.75,98.62,57.78,98.71,Download The Fitzdares App Now Handicap Hurdle
842720,2025-02-09,Chepstow,hurdle,L'empire Vert,7,98,-20.77,86.86,54.14,95.01,54.18,95.35,Download The Fitzdares App Now Handicap Hurdle
842720,2025-02-09,Chepstow,hurdle,Jukebox Joker,8,80,-65.78,41.86,37.05,77.92,37.10,79.40,Download The Fitzdares App Now Handicap Hurdle
842732,2025-02-09,Exeter,chase,Time To Bite,7,92,-2.52,12.92,60.70,66.62,61.37,67.52,TrustATrader Fully Vetted Tradespeople Handicap Chase (GBB Race)
842721,2025-02-09,Chepstow,hurdle,Lightonthewing,1,84,-69.02,41.20,45.05,80.88,45.28,82.07,Join Fitzdares At www.fitzdares.com Handicap Hurdle
842721,2025-02-09,Chepstow,hurdle,River Voyage,2,88,-70.52,39.70,44.56,80.39,44.80,81.62,Join Fitzdares At www.fitzdares.com Handicap Hurdle
842721,2025-02-09,Chepstow,hurdle,Pipers Cross,3,99,-84.52,25.70,40.01,75.84,40.26,77.35,Join Fitzdares At www.fitzdares.com Handicap Hurdle
842721,2025-02-09,Chepstow,hurdle,I'm A Starman,4,100,-85.77,24.45,39.60,75.44,39.86,76.97,Join Fitzdares At www.fitzdares.com Handicap Hurdle
842721,2025-02-09,Chepstow,hurdle,Pride Of Paris,5,98,-86.52,23.70,39.36,75.19,39.62,76.74,Join Fitzdares At www.fitzdares.com Handicap Hurdle
842721,2025-02-09,Chepstow,hurdle,Thirtyfour Thirty,6,99,-91.27,18.95,37.81,73.65,38.08,75.29,Join Fitzdares At www.fitzdares.com Handicap Hurdle
842721,2025-02-09,Chepstow,hurdle,Livy's Lad,7,83,-110.27,-0.05,31.64,67.47,31.93,69.50,Join Fitzdares At www.fitzdares.com Handicap Hurdle
842721,2025-02-09,Chepstow,hurdle,Chauffeur Driven,8,91,-114.77,-4.55,30.17,66.01,30.47,68.13,Join Fitzdares At www.fitzdares.com Handicap Hurdle
842721,2025-02-09,Chepstow,hurdle,William Philo,9,83,-136.77,-26.55,23.02,58.85,23.35,61.42,Join Fitzdares At www.fitzdares.com Handicap Hurdle
842721,2025-02-09,Chepstow,hurdle,Sporty Jim,10,94,-140.02,-29.80,21.96,57.80,22.30,60.43,Join Fitzdares At www.fitzdares.com Handicap Hurdle
842734,2025-02-09,Exeter,nh_flat,Ilostasock,7,,-25.66,4.27,47.86,60.28,47.56,60.90,TrustATrader You Can Trust Our Traders Open Maiden NH Flat Race (GBB Race)
842734,2025-02-09,Exeter,nh_flat,She That Shares,8,,-92.66,-62.73,20.07,32.48,19.60,33.53,TrustATrader You Can Trust Our Traders Open Maiden NH Flat Race (GBB Race)
842865,2025-02-10,Plumpton,hurdle,San Pedro,1,99,-15.61,72.12,65.61,91.71,65.81,92.11,Chris Simpson From Plumpton To Pontefract Conditional Jockeys' Handicap Hurdle
842865,2025-02-10,Plumpton,hurdle,Malago Rose,2,100,-16.11,71.62,65.46,91.56,65.66,91.97,Chris Simpson From Plumpton To Pontefract Conditional Jockeys' Handicap Hurdle
842865,2025-02-10,Plumpton,hurdle,Lumi Plugin,3,107,-17.61,70.12,65.02,91.11,65.22,91.54,Chris Simpson From Plumpton To Pontefract Conditional Jockeys' Handicap Hurdle
842865,2025-02-10,Plumpton,hurdle,Vendant,4,88,-23.61,64.12,63.23,89.33,63.44,89.85,Chris Simpson From Plumpton To Pontefract Conditional Jockeys' Handicap Hurdle
842865,2025-02-10,Plumpton,hurdle,Pure Theatre,5,100,-29.61,58.12,61.45,87.54,61.67,88.15,Chris Simpson From Plumpton To Pontefract Conditional Jockeys' Handicap Hurdle
842865,2025-02-10,Plumpton,hurdle,Grove Road,6,108,-34.36,53.37,60.04,86.13,60.26,86.80,Chris Simpson From Plumpton To Pontefract Conditional Jockeys' Handicap Hurdle
842866,2025-02-10,Plumpton,hurdle,Fox Cottage,7,,-2.25,56.61,54.67,80.76,52.87,80.90,BetGoodwin And Realistic Games Maiden Hurdle (GBB Race)
842868,2025-02-10,Plumpton,hurdle,Sparkling Duke,4,96,-1.34,77.23,64.55,92.03,63.96,92.28,BetGoodwin And Every Matrix Handicap Hurdle
842868,2025-02-10,Plumpton,hurdle,Jeu D'opale,5,107,-2.84,75.73,64.02,91.51,63.43,91.77,BetGoodwin And Every Matrix Handicap Hurdle
842863,2025-02-10,Catterick,hurdle,Cougar,9,114,-9.87,11.12,60.44,68.00,59.39,67.59,racingtv.com Handicap Hurdle
842864,2025-02-10,Catterick,nh_flat,Fearless Dragon,5,,-69.38,-52.33,24.92,32.48,21.98,30.78,RacingTV Open NH Flat Race (GBB Race)
843020,2025-02-11,Lingfield,hurdle,Presenting Doy,1,,-17.05,-,54.46,-,54.84,-,Watch Unbridled On attheraces.com Mares' Maiden Hurdle (GBB Race)
843020,2025-02-11,Lingfield,hurdle,Miss Ireland,2,,-17.10,-,54.44,-,54.83,-,Watch Unbridled On attheraces.com Mares' Maiden Hurdle (GBB Race)
843020,2025-02-11,Lingfield,hurdle,Wednesday Addams,3,102,-23.60,-,51.91,-,52.32,-,Watch Unbridled On attheraces.com Mares' Maiden Hurdle (GBB Race)
843020,2025-02-11,Lingfield,hurdle,Taxus Baccata,4,,-29.60,-,49.57,-,50.00,-,Watch Unbridled On attheraces.com Mares' Maiden Hurdle (GBB Race)
843020,2025-02-11,Lingfield,hurdle,Miss Kassiopi,5,98,-63.60,-,36.34,-,36.89,-,Watch Unbridled On attheraces.com Mares' Maiden Hurdle (GBB Race)
843021,2025-02-11,Lingfield,hurdle,Gorcombe And Wise,8,,-0.15,-,53.79,-,54.69,-,Best Odds Guaranteed At greatbet.co.uk Novices' Hurdle (GBB Race)
843023,2025-02-11,Lingfield,hurdle,Icaque de L'Isle,1,97,-52.56,-,47.96,-,49.69,-,Sky Sports Racing Sky 415 Novices' Handicap Hurdle
843023,2025-02-11,Lingfield,hurdle,Jukebox D'eddy,2,78,-55.06,-,47.11,-,48.86,-,Sky Sports Racing Sky 415 Novices' Handicap Hurdle
843023,2025-02-11,Lingfield,hurdle,Williamdeconqueror,3,79,-137.06,-,19.13,-,21.82,-,Sky Sports Racing Sky 415 Novices' Handicap Hurdle
843238,2025-02-12,Hereford,hurdle,Dessie Haze,7,,-18.58,22.50,67.03,78.45,66.91,78.80,Star Sports We Believe In Bookmaking Maiden Hurdle (GBB Race)
843241,2025-02-12,Hereford,chase,Mystic Man,7,89,-1.92,31.43,65.08,76.51,64.74,76.74,starsports.bet Handicap Chase
843241,2025-02-12,Hereford,chase,Old Painless,8,100,-2.42,30.93,64.91,76.34,64.57,76.58,starsports.bet Handicap Chase
843241,2025-02-12,Hereford,chase,Chestnut Pete,9,100,-22.42,10.93,58.06,69.48,57.65,69.79,starsports.bet Handicap Chase
843241,2025-02-12,Hereford,chase,Arctic Footprint,10,76,-22.62,10.73,57.99,69.42,57.58,69.72,starsports.bet Handicap Chase
843733,2025-02-12,Wetherby,hurdle,Prince Nino,6,80,-3.31,-,61.31,-,62.02,-,Follow RacingTV On X 'Hands And Heels' Handicap Hurdle (Conditional/Amateurs)
843733,2025-02-12,Wetherby,hurdle,Windsor Wife,7,52,-25.31,-,53.08,-,53.94,-,Follow RacingTV On X 'Hands And Heels' Handicap Hurdle (Conditional/Amateurs)
843466,2025-02-13,Newcastle,hurdle,Double Digits,7,,-11.34,57.65,61.18,85.23,60.46,85.57,Ramz Al Sharq Equine Products UK Maiden Hurdle (GBB Race)
843466,2025-02-13,Newcastle,hurdle,Dartmhor,8,,-17.84,51.15,58.91,82.96,58.16,83.36,Ramz Al Sharq Equine Products UK Maiden Hurdle (GBB Race)
843466,2025-02-13,Newcastle,hurdle,Famous Liss,9,107,-42.84,26.15,50.19,74.25,49.28,74.85,Ramz Al Sharq Equine Products UK Maiden Hurdle (GBB Race)
843453,2025-02-13,Leicester,chase,Thirsty Farmer,4,76,-18.33,66.17,60.16,88.61,62.62,89.79,Every Race Live On Racing TV Handicap Chase
843469,2025-02-13,Newcastle,chase,Coqolino,5,118,-10.70,45.11,59.30,79.82,59.88,80.79,LiveScore Bet Best Odds Daily Novices' Handicap Chase (GBB Race)
843448,2025-02-13,Sandown,chase,Farceur Du Large,5,125,-50.74,-,51.58,-,54.87,-,Team Forces Royal Artillery Gold Cup (Chase For Military Amateurs)
843470,2025-02-13,Newcastle,hurdle,Aquitaine Boy,2,99,-4.49,53.05,62.74,83.26,62.06,83.55,Virgin Bet Daily Price Boosts Handicap Hurdle
843470,2025-02-13,Newcastle,hurdle,Aire Spray,3,101,-6.24,51.30,62.11,82.64,61.42,82.94,Virgin Bet Daily Price Boosts Handicap Hurdle
843470,2025-02-13,Newcastle,hurdle,Galahad Threepwood,4,105,-8.49,49.05,61.31,81.83,60.60,82.15,Virgin Bet Daily Price Boosts Handicap Hurdle
843470,2025-02-13,Newcastle,hurdle,Authorized Mission,5,103,-11.24,46.30,60.33,80.85,59.60,81.18,Virgin Bet Daily Price Boosts Handicap Hurdle
843470,2025-02-13,Newcastle,hurdle,Kilmore Rock,6,105,-11.99,45.55,60.06,80.59,59.33,80.92,Virgin Bet Daily Price Boosts Handicap Hurdle
843470,2025-02-13,Newcastle,hurdle,Tees Comp's Clive,7,94,-18.49,39.05,57.75,78.27,56.97,78.64,Virgin Bet Daily Price Boosts Handicap Hurdle
843470,2025-02-13,Newcastle,hurdle,Our Sam,8,112,-26.49,31.05,54.89,75.41,54.07,75.84,Virgin Bet Daily Price Boosts Handicap Hurdle
843470,2025-02-13,Newcastle,hurdle,My Friend Yeats,9,106,-56.49,1.05,44.20,64.72,43.17,65.33,Virgin Bet Daily Price Boosts Handicap Hurdle
843900,2025-02-13,Leicester,chase,Yellow Jacket,6,80,-8.05,44.37,48.61,73.54,50.02,75.31,Leicester Racecourse - Ideal Self-Hire Wedding Venue Handicap Chase
843900,2025-02-13,Leicester,chase,Orbys River,7,84,-8.35,44.07,48.47,73.40,49.88,75.17,Leicester Racecourse - Ideal Self-Hire Wedding Venue Handicap Chase
843900,2025-02-13,Leicester,chase,My Portia,8,85,-32.35,20.07,37.06,61.99,38.78,64.52,Leicester Racecourse - Ideal Self-Hire Wedding Venue Handicap Chase
843451,2025-02-13,Sandown,hurdle,Either Way,5,103,-2.02,-,60.92,-,62.91,-,Find & Strike Novices' Handicap Hurdle (GBB Race)
843596,2025-02-14,Kelso,hurdle,Foster'sisland,8,119,-17.34,72.30,62.30,91.10,62.45,91.56,Albert Bartlett Triple Crown Series Conditional Jockeys' Handicap Hurdle
843596,2025-02-14,Kelso,hurdle,Sonification,9,112,-19.34,70.30,61.65,90.46,61.81,90.95,Albert Bartlett Triple Crown Series Conditional Jockeys' Handicap Hurdle
843596,2025-02-14,Kelso,hurdle,Nordic Tiger,10,118,-21.09,68.55,61.09,89.89,61.25,90.41,Albert Bartlett Triple Crown Series Conditional Jockeys' Handicap Hurdle
843596,2025-02-14,Kelso,hurdle,Shantou Sunset,11,104,-27.59,62.05,59.00,87.81,59.17,88.43,Albert Bartlett Triple Crown Series Conditional Jockeys' Handicap Hurdle
843597,2025-02-14,Kelso,hurdle,Seeyainthesuninn,6,,-5.29,54.16,53.68,79.83,52.43,80.21,Johnston Smillie Novices' Hurdle (GBB Race)
843597,2025-02-14,Kelso,hurdle,Jersey Stream,7,,-11.79,47.66,50.82,76.97,49.49,77.41,Johnston Smillie Novices' Hurdle (GBB Race)
843599,2025-02-14,Kelso,chase,Imagine,3,142,-21.64,56.28,59.13,85.31,58.74,85.82,Racing's Best Ratings With Timeform Handicap Chase (GBB Race)
843599,2025-02-14,Kelso,chase,Prairie Wolf,4,137,-44.64,33.28,51.40,77.58,50.94,78.37,Racing's Best Ratings With Timeform Handicap Chase (GBB Race)
843600,2025-02-14,Kelso,chase,Dare To Shout,2,133,-7.70,74.56,65.76,91.91,66.23,92.37,"Every Horse, Every Race, At timeform.com Novices' Limited Handicap Chase (GBB Race)"
843600,2025-02-14,Kelso,chase,Grand Albert,3,130,-50.70,31.56,52.08,78.24,52.75,79.46,"Every Horse, Every Race, At timeform.com Novices' Limited Handicap Chase (GBB Race)"
843601,2025-02-14,Kelso,chase,Escapeandevade,2,125,-5.52,62.67,55.42,84.23,55.23,84.92,Racing TV Profits Returned To Racing Handicap Chase (GBB Race)
843602,2025-02-14,Kelso,nh_flat,Japetus,2,,-0.18,57.81,54.81,80.97,53.59,81.33,Racing TV Open Maiden NH Flat Race (GBB Race)
843602,2025-02-14,Kelso,nh_flat,Imperfectlyperfect,3,,-1.93,56.06,54.02,80.18,52.78,80.55,Racing TV Open Maiden NH Flat Race (GBB Race)
843602,2025-02-14,Kelso,nh_flat,Kool Raoul,4,,-2.43,55.56,53.80,79.95,52.55,80.33,Racing TV Open Maiden NH Flat Race (GBB Race)
843602,2025-02-14,Kelso,nh_flat,Miss Friday Lions,5,,-4.18,53.81,53.01,79.16,51.74,79.55,Racing TV Open Maiden NH Flat Race (GBB Race)
843602,2025-02-14,Kelso,nh_flat,Lester Mail,6,,-4.48,53.51,52.87,79.03,51.60,79.42,Racing TV Open Maiden NH Flat Race (GBB Race)
843602,2025-02-14,Kelso,nh_flat,Wild Reiver,7,,-28.48,29.51,42.05,68.20,40.48,68.80,Racing TV Open Maiden NH Flat Race (GBB Race)
843753,2025-02-15,Wincanton,hurdle,King Of The Lake,1,102,-92.23,-,32.97,-,29.58,-,BetMGM Premier League Darts Conditional Jockeys' Handicap Hurdle
843753,2025-02-15,Wincanton,hurdle,Les's Jersey Royal,2,88,-118.23,-,23.91,-,20.06,-,BetMGM Premier League Darts Conditional Jockeys' Handicap Hurdle
843753,2025-02-15,Wincanton,hurdle,Diesel Line,3,86,-136.23,-,17.63,-,13.46,-,BetMGM Premier League Darts Conditional Jockeys' Handicap Hurdle
843753,2025-02-15,Wincanton,hurdle,Tea And Chats,4,99,-138.73,-,16.76,-,12.55,-,BetMGM Premier League Darts Conditional Jockeys' Handicap Hurdle
843753,2025-02-15,Wincanton,hurdle,Moor End,5,96,-139.23,-,16.58,-,12.37,-,BetMGM Premier League Darts Conditional Jockeys' Handicap Hurdle
843753,2025-02-15,Wincanton,hurdle,Slide Rule,6,105,-140.23,-,16.24,-,12.00,-,BetMGM Premier League Darts Conditional Jockeys' Handicap Hurdle
843753,2025-02-15,Wincanton,hurdle,Kap De Triomphe,7,96,-141.48,-,15.80,-,11.54,-,BetMGM Premier League Darts Conditional Jockeys' Handicap Hurdle
843788,2025-02-15,Ascot,chase,Peaky Boy,3,140,-27.96,-,61.93,-,61.75,-,Ebony Horse Club Reynoldstown Novices' Chase (Grade 2) (GBB Race)
843755,2025-02-15,Wincanton,chase,Good Friday Fairy,1,102,-19.43,-,55.05,-,55.48,-,No One's As Vegas As BetMGM Handicap Chase (GBB Race)
843755,2025-02-15,Wincanton,chase,Thunder N Lightnin,2,103,-35.43,-,49.03,-,49.51,-,No One's As Vegas As BetMGM Handicap Chase (GBB Race)
843755,2025-02-15,Wincanton,chase,Bertie Wooster,3,106,-35.73,-,48.91,-,49.40,-,No One's As Vegas As BetMGM Handicap Chase (GBB Race)
843755,2025-02-15,Wincanton,chase,Constant Friday,4,88,-55.73,-,41.38,-,41.94,-,No One's As Vegas As BetMGM Handicap Chase (GBB Race)
843755,2025-02-15,Wincanton,chase,Givehimthehonour,5,104,-64.23,-,38.19,-,38.77,-,No One's As Vegas As BetMGM Handicap Chase (GBB Race)
843756,2025-02-15,Wincanton,hurdle,The Sainted Canary,1,,-17.64,-,42.99,-,40.54,-,BetMGM King Of The Golden Oche 'National Hunt' Maiden Hurdle (GBB Race)
843756,2025-02-15,Wincanton,hurdle,Good For You,2,,-19.14,-,42.27,-,39.78,-,BetMGM King Of The Golden Oche 'National Hunt' Maiden Hurdle (GBB Race)
843756,2025-02-15,Wincanton,hurdle,Lions Peak,3,,-21.39,-,41.18,-,38.65,-,BetMGM King Of The Golden Oche 'National Hunt' Maiden Hurdle (GBB Race)
843756,2025-02-15,Wincanton,hurdle,I Ain't Your Mate,4,,-26.89,-,38.51,-,35.87,-,BetMGM King Of The Golden Oche 'National Hunt' Maiden Hurdle (GBB Race)
843756,2025-02-15,Wincanton,hurdle,Star Artist,5,,-33.39,-,35.36,-,32.58,-,BetMGM King Of The Golden Oche 'National Hunt' Maiden Hurdle (GBB Race)
843756,2025-02-15,Wincanton,hurdle,Away For The Night,6,,-37.39,-,33.42,-,30.56,-,BetMGM King Of The Golden Oche 'National Hunt' Maiden Hurdle (GBB Race)
843756,2025-02-15,Wincanton,hurdle,Melleray Hill,7,,-44.89,-,29.79,-,26.77,-,BetMGM King Of The Golden Oche 'National Hunt' Maiden Hurdle (GBB Race)
843756,2025-02-15,Wincanton,hurdle,Moon Monarch,8,,-46.64,-,28.94,-,25.88,-,BetMGM King Of The Golden Oche 'National Hunt' Maiden Hurdle (GBB Race)
843756,2025-02-15,Wincanton,hurdle,Pougie,9,,-52.14,-,26.27,-,23.10,-,BetMGM King Of The Golden Oche 'National Hunt' Maiden Hurdle (GBB Race)
843756,2025-02-15,Wincanton,hurdle,Forlano,10,,-52.44,-,26.13,-,22.95,-,BetMGM King Of The Golden Oche 'National Hunt' Maiden Hurdle (GBB Race)
843756,2025-02-15,Wincanton,hurdle,Well Presented,11,,-59.94,-,22.49,-,19.16,-,BetMGM King Of The Golden Oche 'National Hunt' Maiden Hurdle (GBB Race)
843756,2025-02-15,Wincanton,hurdle,Cometh The Hour,12,,-63.94,-,20.56,-,17.14,-,BetMGM King Of The Golden Oche 'National Hunt' Maiden Hurdle (GBB Race)
843756,2025-02-15,Wincanton,hurdle,Seventeenothree,13,,-63.99,-,20.53,-,17.11,-,BetMGM King Of The Golden Oche 'National Hunt' Maiden Hurdle (GBB Race)
843756,2025-02-15,Wincanton,hurdle,Gore Point,14,,-67.99,-,18.59,-,15.09,-,BetMGM King Of The Golden Oche 'National Hunt' Maiden Hurdle (GBB Race)
843757,2025-02-15,Wincanton,chase,Western General,1,117,-7.96,-,49.27,-,47.59,-,BetMGM Who Wants A Nine-Darter Handicap Chase (GBB Race)
843757,2025-02-15,Wincanton,chase,Risk De Pluie,2,114,-17.96,-,44.57,-,42.73,-,BetMGM Who Wants A Nine-Darter Handicap Chase (GBB Race)
843757,2025-02-15,Wincanton,chase,Hatos,3,98,-25.46,-,41.04,-,39.09,-,BetMGM Who Wants A Nine-Darter Handicap Chase (GBB Race)
843757,2025-02-15,Wincanton,chase,Fast Buck,4,107,-26.71,-,40.45,-,38.48,-,BetMGM Who Wants A Nine-Darter Handicap Chase (GBB Race)
843757,2025-02-15,Wincanton,chase,Famoso,5,110,-64.71,-,22.60,-,20.04,-,BetMGM Who Wants A Nine-Darter Handicap Chase (GBB Race)
843764,2025-02-15,Haydock,hurdle,Gold Cup Bailly,6,131,-33.45,-30.35,60.54,61.46,60.48,61.46,Albert Bartlett Prestige Novices' Hurdle (Grade 2) (GBB Race)
843758,2025-02-15,Wincanton,chase,Saladins Son,1,115,-20.73,-,62.36,-,64.42,-,Bet 10 Get 40 With BetMGM Handicap Chase (GBB Race)
843758,2025-02-15,Wincanton,chase,The Wrekin,2,105,-26.73,-,60.49,-,62.66,-,Bet 10 Get 40 With BetMGM Handicap Chase (GBB Race)
843758,2025-02-15,Wincanton,chase,Enjoy Your Life,3,117,-47.73,-,53.95,-,56.47,-,Bet 10 Get 40 With BetMGM Handicap Chase (GBB Race)
843759,2025-02-15,Wincanton,hurdle,Badbury Rings,1,101,-94.85,-,39.70,-,39.10,-,Gamble Responsibly At BetMGM Novices' Handicap Hurdle (GBB Race)
843759,2025-02-15,Wincanton,hurdle,Briefly,2,103,-95.35,-,39.55,-,38.95,-,Gamble Responsibly At BetMGM Novices' Handicap Hurdle (GBB Race)
843759,2025-02-15,Wincanton,hurdle,Patanita,3,105,-107.35,-,35.83,-,35.20,-,Gamble Responsibly At BetMGM Novices' Handicap Hurdle (GBB Race)
843759,2025-02-15,Wincanton,hurdle,Thruthelookinglass,4,107,-108.10,-,35.60,-,34.96,-,Gamble Responsibly At BetMGM Novices' Handicap Hurdle (GBB Race)
843759,2025-02-15,Wincanton,hurdle,Copshill Lad,5,109,-113.60,-,33.90,-,33.25,-,Gamble Responsibly At BetMGM Novices' Handicap Hurdle (GBB Race)
843793,2025-02-15,Ascot,nh_flat,Compromising,10,,-22.27,-,49.30,-,45.62,-,Betfair Mares' Open NH Flat Race (GBB Race)
843766,2025-02-16,Musselburgh,hurdle,Supreme George,5,107,-0.56,-,55.12,-,53.08,-,Agriculture And Equine Courses At SRUC Maiden Hurdle (GBB Race)
843766,2025-02-16,Musselburgh,hurdle,Cosmic Jet,6,,-3.56,-,53.78,-,51.68,-,Agriculture And Equine Courses At SRUC Maiden Hurdle (GBB Race)
843766,2025-02-16,Musselburgh,hurdle,King Gold Boy,7,,-4.06,-,53.56,-,51.45,-,Agriculture And Equine Courses At SRUC Maiden Hurdle (GBB Race)
844082,2025-02-18,Taunton,hurdle,Ask Me Another,4,98,-3.37,-,60.43,-,60.09,-,South West Rail Solutions Ltd Novices' Handicap Hurdle
844082,2025-02-18,Taunton,hurdle,Yorgunnabeplucky,5,91,-20.37,-,53.92,-,53.53,-,South West Rail Solutions Ltd Novices' Handicap Hurdle
844082,2025-02-18,Taunton,hurdle,Stage Show,6,78,-22.62,-,53.06,-,52.66,-,South West Rail Solutions Ltd Novices' Handicap Hurdle
844082,2025-02-18,Taunton,hurdle,Lady Showtime,7,93,-40.62,-,46.17,-,45.72,-,South West Rail Solutions Ltd Novices' Handicap Hurdle
844083,2025-02-18,Taunton,hurdle,Cornish Storm,1,112,-24.38,-,43.82,-,42.02,-,SWRS Ltd Maiden Hurdle (GBB Race)
844083,2025-02-18,Taunton,hurdle,Blacksamssenorita,2,,-26.63,-,42.80,-,40.98,-,SWRS Ltd Maiden Hurdle (GBB Race)
844083,2025-02-18,Taunton,hurdle,Public Enemy,3,,-32.13,-,40.32,-,38.41,-,SWRS Ltd Maiden Hurdle (GBB Race)
844083,2025-02-18,Taunton,hurdle,Desert Halo,4,108,-38.13,-,37.61,-,35.61,-,SWRS Ltd Maiden Hurdle (GBB Race)
844083,2025-02-18,Taunton,hurdle,Organic,5,,-46.13,-,33.99,-,31.89,-,SWRS Ltd Maiden Hurdle (GBB Race)
844083,2025-02-18,Taunton,hurdle,Whatmakes Honey B,6,,-46.23,-,33.95,-,31.84,-,SWRS Ltd Maiden Hurdle (GBB Race)
844083,2025-02-18,Taunton,hurdle,I Like Ike,7,,-67.23,-,24.46,-,22.05,-,SWRS Ltd Maiden Hurdle (GBB Race)
844083,2025-02-18,Taunton,hurdle,Bradman,8,,-68.98,-,23.67,-,21.23,-,SWRS Ltd Maiden Hurdle (GBB Race)
844084,2025-02-18,Taunton,hurdle,Catch On Me,7,,-0.70,-,61.88,-,61.56,-,South West Rail Solutions Ltd Maiden Hurdle (GBB Race)
844084,2025-02-18,Taunton,hurdle,Tongaknoxie,8,,-12.70,-,57.34,-,56.98,-,South West Rail Solutions Ltd Maiden Hurdle (GBB Race)
844084,2025-02-18,Taunton,hurdle,Bells Of Ufford,9,,-22.70,-,53.55,-,53.17,-,South West Rail Solutions Ltd Maiden Hurdle (GBB Race)
844084,2025-02-18,Taunton,hurdle,Briery Bee,10,,-42.70,-,45.98,-,45.53,-,South West Rail Solutions Ltd Maiden Hurdle (GBB Race)
844078,2025-02-18,Market Rasen,hurdle,Red Trail,6,102,-16.70,-,58.20,-,58.77,-,Visit racingtv.com Mares' Handicap Hurdle
844079,2025-02-18,Market Rasen,hurdle,East Eagle,5,85,-10.57,-,64.66,-,65.31,-,Bet At racingtv.com Handicap Hurdle
844079,2025-02-18,Market Rasen,hurdle,On Springs,6,106,-46.57,-,53.15,-,54.02,-,Bet At racingtv.com Handicap Hurdle
844080,2025-02-18,Market Rasen,chase,Bread And Butter,4,103,-12.57,-,56.42,-,56.85,-,Get Daily Tips At racingtv.com Handicap Chase
844813,2025-02-19,Doncaster,hurdle,So Ladylike,13,75,-9.50,-10.46,68.71,68.44,67.76,67.47,Virgin Bet Daily Price Boosts Handicap Hurdle
844639,2025-02-20,Huntingdon,hurdle,Carlton,7,,-2.58,-,54.01,-,52.74,-,Advertise Your Business At Huntingdon Maiden Hurdle (GBB Race)
844639,2025-02-20,Huntingdon,hurdle,Slemish,8,,-21.58,-,45.49,-,43.99,-,Advertise Your Business At Huntingdon Maiden Hurdle (GBB Race)
844639,2025-02-20,Huntingdon,hurdle,Rocks Up Late,9,,-22.08,-,45.27,-,43.75,-,Advertise Your Business At Huntingdon Maiden Hurdle (GBB Race)
844639,2025-02-20,Huntingdon,hurdle,Lady Fortune,10,,-30.08,-,41.68,-,40.07,-,Advertise Your Business At Huntingdon Maiden Hurdle (GBB Race)
844646,2025-02-20,Lingfield,hurdle,Cracker Muddle,4,,-8.92,-,50.79,-,51.75,-,Visit Sri Lanka Mares' Novices' Hurdle (GBB Race)
844640,2025-02-20,Huntingdon,chase,Berliet Express,6,69,-4.01,-,61.39,-,62.15,-,Huntingdon Racecourse Fixtures On Sale Now Handicap Chase
844640,2025-02-20,Huntingdon,chase,McGrath From Clune,7,100,-26.01,-,53.22,-,54.14,-,Huntingdon Racecourse Fixtures On Sale Now Handicap Chase
844641,2025-02-20,Huntingdon,hurdle,Jubilant,1,108,-38.28,-,59.10,-,58.73,-,Visit Huntingdon For Your Next Conference Handicap Hurdle
844641,2025-02-20,Huntingdon,hurdle,Gustoso,2,107,-45.28,-,57.03,-,56.64,-,Visit Huntingdon For Your Next Conference Handicap Hurdle
844641,2025-02-20,Huntingdon,hurdle,Tigerbythetail,3,115,-48.28,-,56.14,-,55.74,-,Visit Huntingdon For Your Next Conference Handicap Hurdle
844641,2025-02-20,Huntingdon,hurdle,Punxsutawney Phil,4,107,-65.28,-,51.11,-,50.67,-,Visit Huntingdon For Your Next Conference Handicap Hurdle
844648,2025-02-20,Lingfield,hurdle,Washington Singer,2,,-6.55,-,59.08,-,59.42,-,"Sri Lanka, The Jewel Of Asia Maiden Hurdle (GBB Race)"
844648,2025-02-20,Lingfield,hurdle,Cauvicourt,3,,-6.85,-,58.96,-,59.31,-,"Sri Lanka, The Jewel Of Asia Maiden Hurdle (GBB Race)"
844648,2025-02-20,Lingfield,hurdle,Drayton Flyer,4,,-7.15,-,58.84,-,59.19,-,"Sri Lanka, The Jewel Of Asia Maiden Hurdle (GBB Race)"
844648,2025-02-20,Lingfield,hurdle,Golan Loop,5,112,-16.65,-,55.20,-,55.58,-,"Sri Lanka, The Jewel Of Asia Maiden Hurdle (GBB Race)"
844648,2025-02-20,Lingfield,hurdle,Blue Bellamy,6,,-21.40,-,53.37,-,53.77,-,"Sri Lanka, The Jewel Of Asia Maiden Hurdle (GBB Race)"
844648,2025-02-20,Lingfield,hurdle,Graham,7,,-50.40,-,42.23,-,42.72,-,"Sri Lanka, The Jewel Of Asia Maiden Hurdle (GBB Race)"
844648,2025-02-20,Lingfield,hurdle,Dark Mystery,8,,-81.40,-,30.33,-,30.92,-,"Sri Lanka, The Jewel Of Asia Maiden Hurdle (GBB Race)"
844648,2025-02-20,Lingfield,hurdle,Bollin Thou,9,,-81.50,-,30.29,-,30.88,-,"Sri Lanka, The Jewel Of Asia Maiden Hurdle (GBB Race)"
844642,2025-02-20,Huntingdon,hurdle,Dramatic Encore,1,,-9.39,-,61.25,-,60.53,-,2025 Annual Badges On Sale Now EBF Mares' 'National Hunt' Maiden Hurdle (GBB Race)
844642,2025-02-20,Huntingdon,hurdle,Sea Presenting,2,109,-12.14,-,60.28,-,59.54,-,2025 Annual Badges On Sale Now EBF Mares' 'National Hunt' Maiden Hurdle (GBB Race)
844642,2025-02-20,Huntingdon,hurdle,Betty's Tiara,3,110,-17.14,-,58.51,-,57.73,-,2025 Annual Badges On Sale Now EBF Mares' 'National Hunt' Maiden Hurdle (GBB Race)
844642,2025-02-20,Huntingdon,hurdle,Pismo Beach,4,,-17.64,-,58.33,-,57.55,-,2025 Annual Badges On Sale Now EBF Mares' 'National Hunt' Maiden Hurdle (GBB Race)
844642,2025-02-20,Huntingdon,hurdle,Smile Back,5,,-26.64,-,55.14,-,54.31,-,2025 Annual Badges On Sale Now EBF Mares' 'National Hunt' Maiden Hurdle (GBB Race)
844642,2025-02-20,Huntingdon,hurdle,Hello Cello,6,,-26.74,-,55.11,-,54.27,-,2025 Annual Badges On Sale Now EBF Mares' 'National Hunt' Maiden Hurdle (GBB Race)
844642,2025-02-20,Huntingdon,hurdle,Ramalamadingdong,7,,-39.74,-,50.50,-,49.58,-,2025 Annual Badges On Sale Now EBF Mares' 'National Hunt' Maiden Hurdle (GBB Race)
844642,2025-02-20,Huntingdon,hurdle,Shorten Sassy,8,,-40.24,-,50.33,-,49.40,-,2025 Annual Badges On Sale Now EBF Mares' 'National Hunt' Maiden Hurdle (GBB Race)
844642,2025-02-20,Huntingdon,hurdle,Land Girl's Luck,9,,-48.24,-,47.49,-,46.51,-,2025 Annual Badges On Sale Now EBF Mares' 'National Hunt' Maiden Hurdle (GBB Race)
844642,2025-02-20,Huntingdon,hurdle,Only Gossip,10,92,-50.24,-,46.78,-,45.79,-,2025 Annual Badges On Sale Now EBF Mares' 'National Hunt' Maiden Hurdle (GBB Race)
844642,2025-02-20,Huntingdon,hurdle,Varinia,11,,-72.24,-,38.99,-,37.85,-,2025 Annual Badges On Sale Now EBF Mares' 'National Hunt' Maiden Hurdle (GBB Race)
844642,2025-02-20,Huntingdon,hurdle,Fortune Dancer,12,,-75.24,-,37.93,-,36.77,-,2025 Annual Badges On Sale Now EBF Mares' 'National Hunt' Maiden Hurdle (GBB Race)
844643,2025-02-20,Huntingdon,hurdle,Ballela Blaze,8,93,-8.91,-,50.04,-,48.66,-,Join The 20 Club At Huntingdon Novices' Limited Handicap Hurdle
844650,2025-02-20,Lingfield,hurdle,Has Troke,1,98,-18.40,-,60.39,-,61.70,-,Sri Lanka Awaits You Handicap Hurdle
844650,2025-02-20,Lingfield,hurdle,Weaver's Answer,2,95,-19.15,-,60.14,-,61.46,-,Sri Lanka Awaits You Handicap Hurdle
844650,2025-02-20,Lingfield,hurdle,Three Zambezi's,3,82,-58.15,-,47.09,-,48.84,-,Sri Lanka Awaits You Handicap Hurdle
844645,2025-02-20,Huntingdon,hurdle,Alexandra Larose,1,88,304.05,-,162.58,-,164.42,-,Purchase Hospitality At Huntingdon Conditional Jockeys' Mares' Novices' Limited Handicap Hurdle
844645,2025-02-20,Huntingdon,hurdle,Love True,2,93,299.30,-,161.12,-,162.92,-,Purchase Hospitality At Huntingdon Conditional Jockeys' Mares' Novices' Limited Handicap Hurdle
844645,2025-02-20,Huntingdon,hurdle,Jailbird,3,81,282.30,-,155.91,-,157.55,-,Purchase Hospitality At Huntingdon Conditional Jockeys' Mares' Novices' Limited Handicap Hurdle
844645,2025-02-20,Huntingdon,hurdle,Seasmoke,4,87,275.80,-,153.91,-,155.50,-,Purchase Hospitality At Huntingdon Conditional Jockeys' Mares' Novices' Limited Handicap Hurdle
844645,2025-02-20,Huntingdon,hurdle,Briery Butterfly,5,91,272.30,-,152.84,-,154.39,-,Purchase Hospitality At Huntingdon Conditional Jockeys' Mares' Novices' Limited Handicap Hurdle
844645,2025-02-20,Huntingdon,hurdle,Queen Of Steel,6,81,270.55,-,152.30,-,153.84,-,Purchase Hospitality At Huntingdon Conditional Jockeys' Mares' Novices' Limited Handicap Hurdle
844645,2025-02-20,Huntingdon,hurdle,A Little Something,7,91,260.55,-,149.24,-,150.69,-,Purchase Hospitality At Huntingdon Conditional Jockeys' Mares' Novices' Limited Handicap Hurdle
844645,2025-02-20,Huntingdon,hurdle,Malinka,8,93,254.05,-,147.24,-,148.63,-,Purchase Hospitality At Huntingdon Conditional Jockeys' Mares' Novices' Limited Handicap Hurdle
844652,2025-02-20,Lingfield,hurdle,Orange Diamond,5,91,-1.39,-,52.60,-,53.52,-,Sri Lanka The Teardrop Island Handicap Hurdle
845189,2025-02-21,Warwick,hurdle,Barricane,1,103,-91.20,-,46.03,-,43.68,-,JCB 'Hands And Heels' Handicap Hurdle (Conditional/Amateur Riders)
845189,2025-02-21,Warwick,hurdle,Keppel Queen,2,102,-92.20,-,45.75,-,43.39,-,JCB 'Hands And Heels' Handicap Hurdle (Conditional/Amateur Riders)
845189,2025-02-21,Warwick,hurdle,Siberian Star,3,98,-101.20,-,43.21,-,40.74,-,JCB 'Hands And Heels' Handicap Hurdle (Conditional/Amateur Riders)
845189,2025-02-21,Warwick,hurdle,Myfanwy's Magic,4,104,-102.95,-,42.72,-,40.22,-,JCB 'Hands And Heels' Handicap Hurdle (Conditional/Amateur Riders)
845189,2025-02-21,Warwick,hurdle,Kazontherazz,5,101,-104.45,-,42.29,-,39.78,-,JCB 'Hands And Heels' Handicap Hurdle (Conditional/Amateur Riders)
845189,2025-02-21,Warwick,hurdle,Prince Cleni,6,80,-106.70,-,41.66,-,39.12,-,JCB 'Hands And Heels' Handicap Hurdle (Conditional/Amateur Riders)
845189,2025-02-21,Warwick,hurdle,Elfride,7,72,-109.45,-,40.88,-,38.31,-,JCB 'Hands And Heels' Handicap Hurdle (Conditional/Amateur Riders)
845189,2025-02-21,Warwick,hurdle,Lucky So And So,8,104,-109.50,-,40.87,-,38.29,-,JCB 'Hands And Heels' Handicap Hurdle (Conditional/Amateur Riders)
845189,2025-02-21,Warwick,hurdle,Just Four Fame,9,80,-113.00,-,39.88,-,37.26,-,JCB 'Hands And Heels' Handicap Hurdle (Conditional/Amateur Riders)
845189,2025-02-21,Warwick,hurdle,Fantomas,10,81,-121.00,-,37.62,-,34.91,-,JCB 'Hands And Heels' Handicap Hurdle (Conditional/Amateur Riders)
845189,2025-02-21,Warwick,hurdle,Newtonian,11,80,-134.00,-,33.95,-,31.08,-,JCB 'Hands And Heels' Handicap Hurdle (Conditional/Amateur Riders)
844653,2025-02-21,Exeter,hurdle,Close Combat,1,,-22.08,100.36,44.52,100.16,44.17,100.15,South West Rail Solutions Ltd Novices' Hurdle (GBB Race)
844653,2025-02-21,Exeter,hurdle,Mythical Moon,2,121,-22.58,99.86,44.29,99.94,43.94,99.94,South West Rail Solutions Ltd Novices' Hurdle (GBB Race)
844653,2025-02-21,Exeter,hurdle,Ambion View,3,123,-33.58,88.86,39.29,94.94,38.91,95.36,South West Rail Solutions Ltd Novices' Hurdle (GBB Race)
844653,2025-02-21,Exeter,hurdle,Zainy Champ,4,,-58.58,63.86,27.93,83.58,27.47,84.94,South West Rail Solutions Ltd Novices' Hurdle (GBB Race)
844653,2025-02-21,Exeter,hurdle,Berkshire Lad,5,,-86.58,35.86,15.21,70.85,14.67,73.27,South West Rail Solutions Ltd Novices' Hurdle (GBB Race)
844653,2025-02-21,Exeter,hurdle,Stinginhisstep,6,,-94.08,28.36,11.80,67.44,11.24,70.14,South West Rail Solutions Ltd Novices' Hurdle (GBB Race)
845190,2025-02-21,Warwick,hurdle,Prophesea,1,120,-6.92,-,60.16,-,57.87,-,EBF 'National Hunt' Novices' Hurdle (GBB Race)
845190,2025-02-21,Warwick,hurdle,Disco Davis,2,114,-10.92,-,58.67,-,56.30,-,EBF 'National Hunt' Novices' Hurdle (GBB Race)
845190,2025-02-21,Warwick,hurdle,Carismatic Soldier,3,115,-25.92,-,53.09,-,50.39,-,EBF 'National Hunt' Novices' Hurdle (GBB Race)
845190,2025-02-21,Warwick,hurdle,Bear Market,4,,-28.17,-,52.25,-,49.50,-,EBF 'National Hunt' Novices' Hurdle (GBB Race)
845190,2025-02-21,Warwick,hurdle,Delgany Deadline,5,,-49.17,-,44.42,-,41.23,-,EBF 'National Hunt' Novices' Hurdle (GBB Race)
845190,2025-02-21,Warwick,hurdle,Tuscany,6,,-53.67,-,42.75,-,39.45,-,EBF 'National Hunt' Novices' Hurdle (GBB Race)
845190,2025-02-21,Warwick,hurdle,Absolutely Certain,7,,-78.67,-,33.43,-,29.60,-,EBF 'National Hunt' Novices' Hurdle (GBB Race)
844654,2025-02-21,Exeter,chase,Largy Poet,1,132,-66.84,107.36,46.00,102.38,47.63,102.11,South West Rail Solutions Ltd Novices' Limited Handicap Chase (GBB Race)
844654,2025-02-21,Exeter,chase,Stans The Man,2,118,-76.84,97.36,42.76,99.15,44.49,99.24,South West Rail Solutions Ltd Novices' Limited Handicap Chase (GBB Race)
844654,2025-02-21,Exeter,chase,Alcedo,3,122,-81.34,92.86,41.31,97.69,43.08,97.95,South West Rail Solutions Ltd Novices' Limited Handicap Chase (GBB Race)
844655,2025-02-21,Exeter,chase,Don't Rightly Know,1,137,-76.09,92.17,42.71,97.45,44.45,97.74,South West Rail Solutions Ltd Mares' Chase (Listed) (GBB Race)
844655,2025-02-21,Exeter,chase,Malina Girl,2,142,-77.84,90.42,42.14,96.88,43.89,97.23,South West Rail Solutions Ltd Mares' Chase (Listed) (GBB Race)
844655,2025-02-21,Exeter,chase,La Malmason,3,143,-80.09,88.17,41.41,96.15,43.18,96.58,South West Rail Solutions Ltd Mares' Chase (Listed) (GBB Race)
844655,2025-02-21,Exeter,chase,Lady Balko,4,135,-91.09,77.17,37.83,92.57,39.71,93.41,South West Rail Solutions Ltd Mares' Chase (Listed) (GBB Race)
844655,2025-02-21,Exeter,chase,Ilovethenightlife,5,126,-99.59,68.67,35.07,89.81,37.03,90.95,South West Rail Solutions Ltd Mares' Chase (Listed) (GBB Race)
845192,2025-02-21,Warwick,hurdle,Another Fine Mess,1,100,-3.18,-,54.08,-,51.20,-,Aston Villa Foundation Handicap Hurdle
845192,2025-02-21,Warwick,hurdle,Kourosh,2,105,-3.93,-,53.74,-,50.85,-,Aston Villa Foundation Handicap Hurdle
845192,2025-02-21,Warwick,hurdle,Casi Crudo,3,105,-6.18,-,52.74,-,49.78,-,Aston Villa Foundation Handicap Hurdle
845192,2025-02-21,Warwick,hurdle,Culligran,4,89,-10.18,-,50.96,-,47.89,-,Aston Villa Foundation Handicap Hurdle
845192,2025-02-21,Warwick,hurdle,Chicago Storm,5,108,-11.68,-,50.29,-,47.18,-,Aston Villa Foundation Handicap Hurdle
845192,2025-02-21,Warwick,hurdle,Risk D'Argent,6,103,-21.68,-,45.84,-,42.45,-,Aston Villa Foundation Handicap Hurdle
845192,2025-02-21,Warwick,hurdle,Majestic Mia,7,87,-23.68,-,44.95,-,41.51,-,Aston Villa Foundation Handicap Hurdle
845192,2025-02-21,Warwick,hurdle,Lightning Flash,8,106,-24.93,-,44.40,-,40.92,-,Aston Villa Foundation Handicap Hurdle
845192,2025-02-21,Warwick,hurdle,Jafimgoso,9,103,-26.68,-,43.62,-,40.09,-,Aston Villa Foundation Handicap Hurdle
845192,2025-02-21,Warwick,hurdle,Ted's Friend,10,102,-33.68,-,40.50,-,36.78,-,Aston Villa Foundation Handicap Hurdle
845192,2025-02-21,Warwick,hurdle,Cawthorne Banker,11,93,-44.68,-,35.60,-,31.58,-,Aston Villa Foundation Handicap Hurdle
845192,2025-02-21,Warwick,hurdle,Seraphic,12,93,-47.93,-,34.16,-,30.04,-,Aston Villa Foundation Handicap Hurdle
844656,2025-02-21,Exeter,chase,Art Decco,1,126,-39.59,176.94,63.65,120.03,66.43,116.97,"Nick Ansell, Devon National Handicap Chase (GBB Race)"
844656,2025-02-21,Exeter,chase,Neo King,2,106,-40.34,176.19,63.46,119.84,66.25,116.80,"Nick Ansell, Devon National Handicap Chase (GBB Race)"
844656,2025-02-21,Exeter,chase,Jacks Parrot,3,119,-40.64,175.89,63.38,119.76,66.17,116.74,"Nick Ansell, Devon National Handicap Chase (GBB Race)"
844656,2025-02-21,Exeter,chase,Planned Paradise,4,112,-44.14,172.39,62.47,118.85,65.33,115.97,"Nick Ansell, Devon National Handicap Chase (GBB Race)"
844656,2025-02-21,Exeter,chase,Gold Clermont,5,110,-80.14,136.39,53.09,109.48,56.67,108.03,"Nick Ansell, Devon National Handicap Chase (GBB Race)"
845193,2025-02-21,Warwick,hurdle,Ghasham,3,102,-0.37,-,62.95,-,60.82,-,JCB Hydradig Handicap Hurdle
845193,2025-02-21,Warwick,hurdle,Either Or,4,110,-27.37,-,52.99,-,50.28,-,JCB Hydradig Handicap Hurdle
845193,2025-02-21,Warwick,hurdle,Saint Cyr De Pail,5,102,-33.87,-,50.59,-,47.75,-,JCB Hydradig Handicap Hurdle
845193,2025-02-21,Warwick,hurdle,Iontach Cheval,6,95,-35.12,-,50.13,-,47.26,-,JCB Hydradig Handicap Hurdle
845184,2025-02-21,Exeter,hurdle,Ascending Lark,1,117,-29.19,90.58,40.95,95.69,40.58,96.05,South West Rail Solutions Ltd Mares' Handicap Hurdle
845184,2025-02-21,Exeter,hurdle,Shantwopointfive,2,114,-31.69,88.08,39.81,94.55,39.43,95.00,South West Rail Solutions Ltd Mares' Handicap Hurdle
845184,2025-02-21,Exeter,hurdle,Presenting Nelly,3,97,-95.69,24.08,10.56,65.30,9.99,68.13,South West Rail Solutions Ltd Mares' Handicap Hurdle
845185,2025-02-21,Exeter,hurdle,Diamatiste,1,103,-62.91,90.17,41.75,96.49,42.16,96.81,South West Rail Solutions Ltd Handicap Hurdle
845185,2025-02-21,Exeter,hurdle,Chauffeur Driven,2,91,-69.91,83.17,39.24,93.98,39.68,94.54,South West Rail Solutions Ltd Handicap Hurdle
845185,2025-02-21,Exeter,hurdle,Cooleenymore,3,102,-70.41,82.67,39.06,93.80,39.50,94.38,South West Rail Solutions Ltd Handicap Hurdle
845185,2025-02-21,Exeter,hurdle,Native Moon,4,100,-78.91,74.17,36.02,90.76,36.48,91.62,South West Rail Solutions Ltd Handicap Hurdle
845185,2025-02-21,Exeter,hurdle,Kingston Gent,5,103,-85.91,67.17,33.52,88.26,34.00,89.35,South West Rail Solutions Ltd Handicap Hurdle
845185,2025-02-21,Exeter,hurdle,Speiriuil,6,103,-95.41,57.67,30.12,84.86,30.62,86.27,South West Rail Solutions Ltd Handicap Hurdle
845195,2025-02-21,Warwick,nh_flat,Lady Genever,5,,-7.75,-,53.77,-,50.88,-,Join Racing TV Now Mares' Open NH Flat Race (GBB Race)
845195,2025-02-21,Warwick,nh_flat,Stylish Composer,6,,-8.75,-,53.34,-,50.42,-,Join Racing TV Now Mares' Open NH Flat Race (GBB Race)
845195,2025-02-21,Warwick,nh_flat,Blacksambelle,7,,-39.75,-,40.04,-,36.29,-,Join Racing TV Now Mares' Open NH Flat Race (GBB Race)
845195,2025-02-21,Warwick,nh_flat,Rightofway,8,,-41.75,-,39.18,-,35.37,-,Join Racing TV Now Mares' Open NH Flat Race (GBB Race)
844659,2025-02-21,Exeter,nh_flat,Claim The Throne,1,,-9.42,115.90,50.77,107.15,50.46,106.55,South West Rail Solutions Ltd Open NH Flat Race (GBB Race)
844659,2025-02-21,Exeter,nh_flat,Walk Tall,2,,-9.92,115.40,50.55,106.93,50.23,106.35,South West Rail Solutions Ltd Open NH Flat Race (GBB Race)
844659,2025-02-21,Exeter,nh_flat,Uptown Dandy,3,,-10.12,115.20,50.46,106.84,50.14,106.27,South West Rail Solutions Ltd Open NH Flat Race (GBB Race)
844659,2025-02-21,Exeter,nh_flat,The Blue Room,4,,-10.62,114.70,50.23,106.61,49.91,106.06,South West Rail Solutions Ltd Open NH Flat Race (GBB Race)
844659,2025-02-21,Exeter,nh_flat,Pop's Folly,5,,-21.62,103.70,45.28,101.67,44.93,101.53,South West Rail Solutions Ltd Open NH Flat Race (GBB Race)
844659,2025-02-21,Exeter,nh_flat,Idaho Bridge,6,,-23.37,101.95,44.49,100.88,44.14,100.80,South West Rail Solutions Ltd Open NH Flat Race (GBB Race)
844659,2025-02-21,Exeter,nh_flat,It's Top,7,,-30.87,94.45,41.12,97.50,40.74,97.71,South West Rail Solutions Ltd Open NH Flat Race (GBB Race)
844659,2025-02-21,Exeter,nh_flat,Gimarias,8,,-35.37,89.95,39.09,95.48,38.71,95.86,South West Rail Solutions Ltd Open NH Flat Race (GBB Race)
844659,2025-02-21,Exeter,nh_flat,Miss Tiara,9,,-36.37,88.95,38.64,95.03,38.25,95.45,South West Rail Solutions Ltd Open NH Flat Race (GBB Race)
844659,2025-02-21,Exeter,nh_flat,Rouban,10,,-128.37,-3.05,-2.75,53.64,-3.40,57.53,South West Rail Solutions Ltd Open NH Flat Race (GBB Race)
844659,2025-02-21,Exeter,nh_flat,Aceofadiamond,11,,-128.57,-3.25,-2.84,53.55,-3.49,57.45,South West Rail Solutions Ltd Open NH Flat Race (GBB Race)
844854,2025-02-22,Kempton,hurdle,Pyramid Place,9,136,-8.37,54.78,63.49,84.77,62.18,84.80,Ladbrokes 'Big-Value You Can Bet On' Handicap Hurdle
844854,2025-02-22,Kempton,hurdle,Tapley,10,123,-16.37,46.78,60.80,82.07,59.39,82.11,Ladbrokes 'Big-Value You Can Bet On' Handicap Hurdle
844854,2025-02-22,Kempton,hurdle,Monviel,11,123,-23.87,39.28,58.27,79.55,56.77,79.59,Ladbrokes 'Big-Value You Can Bet On' Handicap Hurdle
844881,2025-02-22,Chepstow,hurdle,Clearisthewater,6,,-5.97,68.05,60.58,88.11,60.61,88.67,Pertemps Network Maiden Hurdle (GBB Race)
844881,2025-02-22,Chepstow,hurdle,Pure Blue,7,,-6.47,67.55,60.40,87.93,60.43,88.49,Pertemps Network Maiden Hurdle (GBB Race)
844881,2025-02-22,Chepstow,hurdle,Tyrrhenus,8,,-9.22,64.80,59.37,86.91,59.40,87.51,Pertemps Network Maiden Hurdle (GBB Race)
844881,2025-02-22,Chepstow,hurdle,Woodythewoodpecker,9,,-20.22,53.80,55.28,82.81,55.32,83.61,Pertemps Network Maiden Hurdle (GBB Race)
844881,2025-02-22,Chepstow,hurdle,Nil Vert,10,,-45.22,28.80,45.98,73.51,46.02,74.74,Pertemps Network Maiden Hurdle (GBB Race)
844855,2025-02-22,Kempton,chase,Ashdale Bob,5,143,-4.45,59.84,63.50,85.96,63.17,86.38,Ladbrokes Pendil Novices' Chase (Grade 2) (GBB Race)
844882,2025-02-22,Chepstow,chase,Passing Kate,1,101,-5.26,59.54,60.02,84.63,59.59,85.11,Pertemps Network Novices' Handicap Chase (GBB Race)
844882,2025-02-22,Chepstow,chase,Royal Jewel,2,119,-6.76,58.04,59.45,84.06,59.01,84.56,Pertemps Network Novices' Handicap Chase (GBB Race)
844882,2025-02-22,Chepstow,chase,Red Nika,3,114,-28.76,36.04,51.09,75.71,50.57,76.46,Pertemps Network Novices' Handicap Chase (GBB Race)
844856,2025-02-22,Kempton,hurdle,Sauvignon,4,133,-10.10,38.79,52.09,73.37,49.22,72.83,Ladbrokes Adonis Juvenile Hurdle (Grade 2) (GBB Race)
844856,2025-02-22,Kempton,hurdle,Opec,5,125,-22.10,26.79,46.87,68.14,43.68,67.51,Ladbrokes Adonis Juvenile Hurdle (Grade 2) (GBB Race)
844883,2025-02-22,Chepstow,hurdle,Ballymagroarty Boy,7,115,-0.50,86.99,68.87,95.97,69.00,96.17,Pertemps Network Handicap Hurdle (Pertemps Hurdle Series Qualifier) (GBB Race)
844883,2025-02-22,Chepstow,hurdle,Guard The Moon,8,128,-1.50,85.99,68.56,95.66,68.69,95.87,Pertemps Network Handicap Hurdle (Pertemps Hurdle Series Qualifier) (GBB Race)
844883,2025-02-22,Chepstow,hurdle,Icare Allen,9,124,-7.50,79.99,66.70,93.80,66.84,94.11,Pertemps Network Handicap Hurdle (Pertemps Hurdle Series Qualifier) (GBB Race)
844876,2025-02-22,Newcastle,hurdle,Violeta,9,,-17.26,-41.07,52.14,42.42,50.61,39.52,Sign Lead Your Horse To Water Maiden Hurdle (GBB Race)
844876,2025-02-22,Newcastle,hurdle,Freedom Day,10,,-39.26,-63.07,43.16,33.44,41.34,30.09,Sign Lead Your Horse To Water Maiden Hurdle (GBB Race)
844857,2025-02-22,Kempton,hurdle,Starcrossed Lover,6,129,-22.65,30.37,48.03,70.50,44.91,69.97,Ladbrokes Dovecote Novices' Hurdle (Grade 2) (GBB Race)
844884,2025-02-22,Chepstow,chase,Sans Bruit,4,134,-13.90,40.87,48.81,73.43,47.87,74.07,Pertemps Network Handicap Chase (GBB Race)
842844,2025-02-22,Kempton,chase,Guard Your Dreams,4,134,-1.27,71.74,69.77,91.56,69.43,91.78,Ladbrokes Trophy Handicap Chase (Premier Handicap) (GBB Race)
842844,2025-02-22,Kempton,chase,Deeper Blue,5,130,-7.27,65.74,67.98,89.77,67.62,90.04,Ladbrokes Trophy Handicap Chase (Premier Handicap) (GBB Race)
842844,2025-02-22,Kempton,chase,Beachcomber,6,136,-12.02,60.99,66.56,88.35,66.19,88.66,Ladbrokes Trophy Handicap Chase (Premier Handicap) (GBB Race)
844886,2025-02-22,Chepstow,hurdle,Regally Blonde,8,74,-4.54,60.59,60.49,85.10,60.52,85.72,Pertemps Network EMEA Novices' Limited Handicap Hurdle
844886,2025-02-22,Chepstow,hurdle,Noplacetobe,9,84,-5.04,60.09,60.30,84.91,60.33,85.54,Pertemps Network EMEA Novices' Limited Handicap Hurdle
844886,2025-02-22,Chepstow,hurdle,Bredon Hill Dart,10,86,-23.04,42.09,53.50,78.11,53.53,79.02,Pertemps Network EMEA Novices' Limited Handicap Hurdle
844887,2025-02-22,Chepstow,nh_flat,Sam Silver,6,,-4.45,57.42,53.52,81.05,52.66,81.60,Dean Stonehouse Memorial Open Maiden NH Flat Race (GBB Race)
844847,2025-02-23,Fontwell,hurdle,Lord Maher,3,,-2.34,-,58.08,-,57.41,-,Star Sports We Believe In Bookmaking EBF 'National Hunt' Novices' Hurdle (GBB Race)
844847,2025-02-23,Fontwell,hurdle,Champagne Chic,4,,-16.34,-,52.34,-,51.58,-,Star Sports We Believe In Bookmaking EBF 'National Hunt' Novices' Hurdle (GBB Race)
844869,2025-02-23,Hereford,hurdle,Home And Dry,4,100,-6.16,106.45,64.14,102.18,64.48,102.03,Star Sports We Believe In Bookmaking Conditional Jockeys' Novices' Handicap Hurdle
844848,2025-02-23,Fontwell,chase,Wellwillya,1,76,-10.55,-,60.47,-,61.96,-,Download The Star Sports App Handicap Chase
844848,2025-02-23,Fontwell,chase,Leading Swoop,2,89,-14.55,-,59.04,-,60.59,-,Download The Star Sports App Handicap Chase
844848,2025-02-23,Fontwell,chase,Elpologreg,3,69,-24.05,-,55.64,-,57.32,-,Download The Star Sports App Handicap Chase
844848,2025-02-23,Fontwell,chase,Valirann Gold,4,88,-25.80,-,55.01,-,56.71,-,Download The Star Sports App Handicap Chase
844848,2025-02-23,Fontwell,chase,No Drama,5,72,-29.80,-,53.58,-,55.34,-,Download The Star Sports App Handicap Chase
844848,2025-02-23,Fontwell,chase,Celtic Ned,6,96,-35.30,-,51.62,-,53.45,-,Download The Star Sports App Handicap Chase
844848,2025-02-23,Fontwell,chase,Doc McCoy,7,100,-37.80,-,50.72,-,52.59,-,Download The Star Sports App Handicap Chase
844848,2025-02-23,Fontwell,chase,Rock On Rita,8,78,-45.80,-,47.86,-,49.83,-,Download The Star Sports App Handicap Chase
844848,2025-02-23,Fontwell,chase,Master Mikey Dee,9,68,-58.80,-,43.21,-,45.36,-,Download The Star Sports App Handicap Chase
844849,2025-02-23,Fontwell,hurdle,Punta Del Este,5,134,-1.96,-,62.17,-,62.11,-,Star Sports National Spirit Hurdle (Grade 2) (GBB Race)
844871,2025-02-23,Hereford,hurdle,Mad Maxios,4,,-15.57,65.80,48.75,84.83,46.74,85.20,Download The Star Sports App EBF Junior 'National Hunt' Hurdle (GBB Race)
844850,2025-02-23,Fontwell,hurdle,Shengai Enki,1,108,-9.71,-,62.75,-,62.51,-,Barry Dennis Trophy Handicap Hurdle
844850,2025-02-23,Fontwell,hurdle,Monjules,2,110,-12.21,-,61.91,-,61.66,-,Barry Dennis Trophy Handicap Hurdle
844850,2025-02-23,Fontwell,hurdle,Batwomen,3,114,-34.21,-,54.44,-,54.14,-,Barry Dennis Trophy Handicap Hurdle
844850,2025-02-23,Fontwell,hurdle,Kalif D'airy,4,107,-34.51,-,54.34,-,54.04,-,Barry Dennis Trophy Handicap Hurdle
844850,2025-02-23,Fontwell,hurdle,Rockadenn,5,116,-34.81,-,54.23,-,53.94,-,Barry Dennis Trophy Handicap Hurdle
844872,2025-02-23,Hereford,chase,Champagnesuperover,1,117,-14.83,112.60,65.73,103.76,66.36,103.47,Star Sports Veterans' Handicap Chase
844872,2025-02-23,Hereford,chase,Lagonda,2,114,-17.58,109.85,64.90,102.94,65.55,102.71,Star Sports Veterans' Handicap Chase
844872,2025-02-23,Hereford,chase,Christopher Wood,3,115,-27.08,100.35,62.07,100.10,62.77,100.10,Star Sports Veterans' Handicap Chase
844872,2025-02-23,Hereford,chase,Almazhar Garde,4,117,-39.08,88.35,58.49,96.52,59.25,96.79,Star Sports Veterans' Handicap Chase
844872,2025-02-23,Hereford,chase,Grillon De Monty,5,97,-48.08,79.35,55.80,93.84,56.61,94.32,Star Sports Veterans' Handicap Chase
844851,2025-02-23,Fontwell,hurdle,Je Suis Sacre,1,78,-34.55,-,53.64,-,53.34,-,starsports.bet Handicap Hurdle
844851,2025-02-23,Fontwell,hurdle,Ami Bondhu,2,96,-47.55,-,49.16,-,48.83,-,starsports.bet Handicap Hurdle
844851,2025-02-23,Fontwell,hurdle,Atlantic Power,3,75,-53.05,-,47.26,-,46.92,-,starsports.bet Handicap Hurdle
844851,2025-02-23,Fontwell,hurdle,Millies Mite,4,77,-107.05,-,28.66,-,28.20,-,starsports.bet Handicap Hurdle
844851,2025-02-23,Fontwell,hurdle,Military Tycoon,5,84,-143.05,-,16.25,-,15.71,-,starsports.bet Handicap Hurdle
844873,2025-02-23,Hereford,hurdle,Jackie Diamond,3,,-24.11,57.58,45.18,81.26,43.03,81.72,starsports.bet Mares' Maiden Hurdle (GBB Race)
844873,2025-02-23,Hereford,hurdle,Mini Fortune,4,,-50.11,31.58,33.70,69.78,31.10,70.52,starsports.bet Mares' Maiden Hurdle (GBB Race)
844852,2025-02-23,Fontwell,chase,Record High,1,95,-123.09,-,31.19,-,33.07,-,John & Harold Hartwell Memorial Novices' Handicap Chase
844852,2025-02-23,Fontwell,chase,Jukebox D'eddy,2,73,-129.09,-,29.34,-,31.27,-,John & Harold Hartwell Memorial Novices' Handicap Chase
844852,2025-02-23,Fontwell,chase,Dear Ralphy,3,100,-145.09,-,24.40,-,26.47,-,John & Harold Hartwell Memorial Novices' Handicap Chase
844852,2025-02-23,Fontwell,chase,Abbeyhill,4,78,-158.09,-,20.39,-,22.57,-,John & Harold Hartwell Memorial Novices' Handicap Chase
845454,2025-02-23,Hereford,chase,Pawpaw,1,86,-31.66,88.19,60.36,96.44,61.09,96.71,Call Star Sports On 08000 521 321 Handicap Chase
845454,2025-02-23,Hereford,chase,Micro Millions,2,97,-45.66,74.19,56.15,92.23,56.95,92.81,Call Star Sports On 08000 521 321 Handicap Chase
845454,2025-02-23,Hereford,chase,Jo Lescribaa,3,104,-64.66,55.19,50.43,86.51,51.34,87.52,Call Star Sports On 08000 521 321 Handicap Chase
844853,2025-02-23,Fontwell,nh_flat,Khalife Des Obeaux,6,,-82.00,-,26.02,-,24.85,-,starsportsbet.co.uk Open Maiden NH Flat Race (GBB Race)
844853,2025-02-23,Fontwell,nh_flat,Mistress Fox,7,,-82.30,-,25.90,-,24.73,-,starsportsbet.co.uk Open Maiden NH Flat Race (GBB Race)
844874,2025-02-23,Hereford,nh_flat,Our Super Six,5,,-12.46,73.94,50.49,88.53,48.55,88.84,starsportsbet.co.uk 'Junior' NH Flat Race (GBB Race)
844874,2025-02-23,Hereford,nh_flat,Deauville Lady,6,,-13.71,72.69,49.94,87.98,47.98,88.31,starsportsbet.co.uk 'Junior' NH Flat Race (GBB Race)
844874,2025-02-23,Hereford,nh_flat,Pearl Smoke,7,,-32.71,53.69,41.57,79.61,39.29,80.17,starsportsbet.co.uk 'Junior' NH Flat Race (GBB Race)
845198,2025-02-25,Leicester,chase,Everyonesacritic,1,84,-13.19,96.65,55.70,98.69,57.87,98.84,RSA Novices' Handicap Chase
845198,2025-02-25,Leicester,chase,Dark Mix,2,95,-13.94,95.90,55.40,98.40,57.59,98.58,RSA Novices' Handicap Chase
845198,2025-02-25,Leicester,chase,Fine Investment,3,85,-15.44,94.40,54.82,97.81,57.04,98.06,RSA Novices' Handicap Chase
845198,2025-02-25,Leicester,chase,River Run Free,4,87,-16.69,93.15,54.33,97.32,56.57,97.62,RSA Novices' Handicap Chase
845198,2025-02-25,Leicester,chase,Ultra Viers,5,87,-62.69,47.15,36.32,79.31,39.45,81.64,RSA Novices' Handicap Chase
845199,2025-02-25,Leicester,chase,Ronnies Reflection,1,84,-17.30,108.13,58.99,102.84,61.52,102.49,Brian Brookes 'Still Got It!' Handicap Chase
845199,2025-02-25,Leicester,chase,Nine Nine Nine,2,86,-17.80,107.63,58.82,102.67,61.36,102.34,Brian Brookes 'Still Got It!' Handicap Chase
845199,2025-02-25,Leicester,chase,Jumper Madrik,3,94,-22.30,103.13,57.24,101.09,59.88,100.96,Brian Brookes 'Still Got It!' Handicap Chase
845199,2025-02-25,Leicester,chase,Coal Fire,4,86,-56.30,69.13,45.35,89.21,48.73,90.55,Brian Brookes 'Still Got It!' Handicap Chase
845200,2025-02-25,Leicester,chase,Shesupincourt,1,80,-12.11,97.80,56.15,99.14,58.30,99.24,Belvoir Mares' Handicap Chase
845200,2025-02-25,Leicester,chase,Overabottleofred,2,97,-26.11,83.80,50.67,93.66,53.09,94.38,Belvoir Mares' Handicap Chase
845200,2025-02-25,Leicester,chase,Lady Pretender,3,95,-67.11,42.80,34.63,77.63,37.85,80.14,Belvoir Mares' Handicap Chase
845200,2025-02-25,Leicester,chase,Tilly Toughnut,4,97,-75.61,34.30,31.31,74.30,34.68,77.19,Belvoir Mares' Handicap Chase
845206,2025-02-25,Catterick,hurdle,Spaceport,9,,-12.30,12.71,49.88,61.04,47.92,60.32,Racing TV Club Day Maiden Hurdle (GBB Race)
845201,2025-02-25,Leicester,chase,Do Your Job,3,120,-2.94,87.78,50.24,94.09,51.60,94.65,Berkeley Insurance Group Handicap Chase (GBB Race)
845202,2025-02-25,Leicester,chase,Pyleigh Court,1,112,-21.41,87.85,52.22,95.22,54.57,95.75,Quorn Maiden Hunters' Chase
845202,2025-02-25,Leicester,chase,Wallace Olinger,2,,-36.41,72.85,46.32,89.31,48.96,90.51,Quorn Maiden Hunters' Chase
845202,2025-02-25,Leicester,chase,For One Night Only,3,,-57.41,51.85,38.06,81.05,41.10,83.18,Quorn Maiden Hunters' Chase
845202,2025-02-25,Leicester,chase,Fine Dining,4,,-70.41,38.85,32.94,75.94,36.24,78.64,Quorn Maiden Hunters' Chase
845203,2025-02-25,Leicester,chase,Autonomous Cloud,2,124,-7.36,119.39,62.86,106.71,65.15,105.87,Cottesmore Open Hunters' Chase
845203,2025-02-25,Leicester,chase,Bothwell Bridge,3,109,-8.11,118.64,62.60,106.45,64.91,105.65,Cottesmore Open Hunters' Chase
845203,2025-02-25,Leicester,chase,D'jango,4,123,-48.11,78.64,48.76,92.61,51.92,93.53,Cottesmore Open Hunters' Chase
845372,2025-02-26,Bangor-on-Dee,chase,Casa No Mento,1,134,-56.99,-,31.29,-,29.11,-,Weatherbys Cheltenham Festival Betting Guide Novices' Chase (GBB Race)
845372,2025-02-26,Bangor-on-Dee,chase,Cabhfuilfungi,2,123,-72.99,-,24.29,-,21.88,-,Weatherbys Cheltenham Festival Betting Guide Novices' Chase (GBB Race)
845372,2025-02-26,Bangor-on-Dee,chase,Ostend,3,117,-75.74,-,23.09,-,20.64,-,Weatherbys Cheltenham Festival Betting Guide Novices' Chase (GBB Race)
845378,2025-02-26,Wetherby,hurdle,Bobby J,5,,-51.86,-,42.71,-,43.76,-,RacingTV 100% Profits Returned To Racing Novices' Hurdle (GBB Race)
845370,2025-02-26,Bangor-on-Dee,chase,Eric Carmen,1,71,-92.20,-,13.49,-,10.74,-,Weatherbys nhstallions.co.uk Novices' Handicap Chase
845370,2025-02-26,Bangor-on-Dee,chase,Jackpot Cash,2,92,-93.95,-,12.70,-,9.93,-,Weatherbys nhstallions.co.uk Novices' Handicap Chase
845370,2025-02-26,Bangor-on-Dee,chase,Jaitroplaclasse,3,100,-95.20,-,12.14,-,9.35,-,Weatherbys nhstallions.co.uk Novices' Handicap Chase
845370,2025-02-26,Bangor-on-Dee,chase,Night Jet,4,83,-108.20,-,6.29,-,3.31,-,Weatherbys nhstallions.co.uk Novices' Handicap Chase
845370,2025-02-26,Bangor-on-Dee,chase,Royal Deeside,5,93,-121.20,-,0.44,-,-2.73,-,Weatherbys nhstallions.co.uk Novices' Handicap Chase
845371,2025-02-26,Bangor-on-Dee,chase,Big City Roller,1,115,-105.38,-,21.45,-,19.69,-,Bangor-On-Dee Occasion Package Handicap Chase (GBB Race)
845371,2025-02-26,Bangor-on-Dee,chase,Imperial Alex,2,118,-131.38,-,11.51,-,9.52,-,Bangor-On-Dee Occasion Package Handicap Chase (GBB Race)
845371,2025-02-26,Bangor-on-Dee,chase,Ballybegg,3,115,-177.38,-,-6.08,-,-8.47,-,Bangor-On-Dee Occasion Package Handicap Chase (GBB Race)
845373,2025-02-26,Bangor-on-Dee,hurdle,I've Madeupmymind,1,102,-19.18,-,47.38,-,45.36,-,Irish Thoroughbred Marketing Mares' Maiden Hurdle (GBB Race)
845373,2025-02-26,Bangor-on-Dee,hurdle,High As Hope,2,,-35.18,-,40.32,-,38.02,-,Irish Thoroughbred Marketing Mares' Maiden Hurdle (GBB Race)
845373,2025-02-26,Bangor-on-Dee,hurdle,Scar Bridge,3,,-66.18,-,26.63,-,23.81,-,Irish Thoroughbred Marketing Mares' Maiden Hurdle (GBB Race)
845373,2025-02-26,Bangor-on-Dee,hurdle,Getaways Gift,4,,-72.18,-,23.98,-,21.06,-,Irish Thoroughbred Marketing Mares' Maiden Hurdle (GBB Race)
845381,2025-02-26,Wetherby,hurdle,Outer Banks,1,106,-63.96,-,49.20,-,48.32,-,Join Racing TV Now Handicap Hurdle
845381,2025-02-26,Wetherby,hurdle,Shared,2,114,-76.96,-,45.17,-,44.22,-,Join Racing TV Now Handicap Hurdle
845381,2025-02-26,Wetherby,hurdle,Benassi,3,120,-80.71,-,44.01,-,43.04,-,Join Racing TV Now Handicap Hurdle
845381,2025-02-26,Wetherby,hurdle,Curley Finger,4,124,-82.46,-,43.47,-,42.49,-,Join Racing TV Now Handicap Hurdle
845381,2025-02-26,Wetherby,hurdle,Hajey,5,117,-83.71,-,43.08,-,42.10,-,Join Racing TV Now Handicap Hurdle
845381,2025-02-26,Wetherby,hurdle,Sam's Choice,6,118,-84.01,-,42.98,-,42.00,-,Join Racing TV Now Handicap Hurdle
845381,2025-02-26,Wetherby,hurdle,Hurricane Highway,7,122,-98.01,-,38.65,-,37.59,-,Join Racing TV Now Handicap Hurdle
845374,2025-02-26,Bangor-on-Dee,hurdle,Kingbel Du Lion,1,,-71.36,-,34.06,-,31.63,-,Watch Sky Sports Racing Maiden Hurdle (GBB Race)
845374,2025-02-26,Bangor-on-Dee,hurdle,Winchmore Hill,2,110,-83.36,-,29.45,-,26.84,-,Watch Sky Sports Racing Maiden Hurdle (GBB Race)
845374,2025-02-26,Bangor-on-Dee,hurdle,Steal The Moves,3,,-118.36,-,15.98,-,12.87,-,Watch Sky Sports Racing Maiden Hurdle (GBB Race)
845382,2025-02-26,Wetherby,chase,Thatsy,4,80,-1.26,-,67.56,-,69.55,-,Bet Now At racingtv.com Handicap Chase
845382,2025-02-26,Wetherby,chase,Time Was,5,85,-15.26,-,63.07,-,65.34,-,Bet Now At racingtv.com Handicap Chase
845945,2025-02-26,Bangor-on-Dee,hurdle,Richardson,1,79,-38.14,-,48.04,-,46.12,-,Hope House Children's Hospices Cross Lanes Handicap Hurdle
845945,2025-02-26,Bangor-on-Dee,hurdle,Rock Hurley,2,100,-46.14,-,45.03,-,43.00,-,Hope House Children's Hospices Cross Lanes Handicap Hurdle
845945,2025-02-26,Bangor-on-Dee,hurdle,Tan Law,3,90,-48.89,-,44.00,-,41.93,-,Hope House Children's Hospices Cross Lanes Handicap Hurdle
845383,2025-02-26,Wetherby,hurdle,Could Be Trouble,9,109,-12.92,-,57.89,-,58.66,-,Racing TV For The Cheltenham Festival Mares' Handicap Hurdle
845383,2025-02-26,Wetherby,hurdle,Wednesday Addams,10,101,-17.17,-,56.31,-,57.11,-,Racing TV For The Cheltenham Festival Mares' Handicap Hurdle
845376,2025-02-26,Bangor-on-Dee,hurdle,Henrysbrotherjack,1,90,-153.14,-,13.02,-,12.05,-,Bangor Point To Point 9th March Conditional Jockeys' Handicap Hurdle
845376,2025-02-26,Bangor-on-Dee,hurdle,Goguenard,2,81,-156.64,-,11.81,-,10.83,-,Bangor Point To Point 9th March Conditional Jockeys' Handicap Hurdle
845376,2025-02-26,Bangor-on-Dee,hurdle,Superior Glance,3,93,-157.39,-,11.56,-,10.57,-,Bangor Point To Point 9th March Conditional Jockeys' Handicap Hurdle
845376,2025-02-26,Bangor-on-Dee,hurdle,Getaway With You,4,81,-159.64,-,10.78,-,9.79,-,Bangor Point To Point 9th March Conditional Jockeys' Handicap Hurdle
845376,2025-02-26,Bangor-on-Dee,hurdle,Farmer Jimmy,5,98,-166.64,-,8.38,-,7.36,-,Bangor Point To Point 9th March Conditional Jockeys' Handicap Hurdle
845575,2025-02-27,Taunton,hurdle,Cornish Comedy,2,,-18.48,-,53.95,-,53.57,-,Weatherbys Cheltenham Festival Betting Guide Novices' Hurdle (GBB Race)
845575,2025-02-27,Taunton,hurdle,Manala,3,,-18.98,-,53.76,-,53.37,-,Weatherbys Cheltenham Festival Betting Guide Novices' Hurdle (GBB Race)
845576,2025-02-27,Taunton,hurdle,Colonel Whizz,4,94,-17.40,-,54.73,-,54.35,-,Royal Bath & West Show Novices' Limited Handicap Hurdle
845576,2025-02-27,Taunton,hurdle,Missy Mole,5,76,-24.40,-,52.03,-,51.63,-,Royal Bath & West Show Novices' Limited Handicap Hurdle
845576,2025-02-27,Taunton,hurdle,Break Heart Hill,6,76,-32.40,-,48.95,-,48.52,-,Royal Bath & West Show Novices' Limited Handicap Hurdle
845576,2025-02-27,Taunton,hurdle,Raby Mere,7,88,-39.40,-,46.25,-,45.80,-,Royal Bath & West Show Novices' Limited Handicap Hurdle
845595,2025-02-27,Ludlow,hurdle,Monticello,11,,-2.84,41.66,55.27,74.63,52.75,74.12,Good Life Plus Free Prize Draws Novices' Hurdle (GBB Race)
845596,2025-02-27,Ludlow,chase,Felton Bellevue,3,93,-4.13,57.17,67.13,86.48,68.14,87.31,Good Life Plus Win A Car Handicap Chase
845596,2025-02-27,Ludlow,chase,Higgs,4,77,-19.13,42.17,62.39,81.74,63.55,82.87,Good Life Plus Win A Car Handicap Chase
845596,2025-02-27,Ludlow,chase,Whynotnowroy,5,85,-31.13,30.17,58.60,77.96,59.88,79.31,Good Life Plus Win A Car Handicap Chase
845578,2025-02-27,Taunton,hurdle,Badbury Rings,1,110,-57.04,-,50.91,-,50.20,-,weatherbysshop.co.uk Handicap Hurdle
845578,2025-02-27,Taunton,hurdle,Drash On Ruby,2,93,-57.54,-,50.76,-,50.04,-,weatherbysshop.co.uk Handicap Hurdle
845578,2025-02-27,Taunton,hurdle,Valens Bruyee,3,107,-61.29,-,49.59,-,48.85,-,weatherbysshop.co.uk Handicap Hurdle
845578,2025-02-27,Taunton,hurdle,Sirekoff,4,106,-71.29,-,46.46,-,45.68,-,weatherbysshop.co.uk Handicap Hurdle
845578,2025-02-27,Taunton,hurdle,Salley Gardens,5,112,-71.79,-,46.30,-,45.52,-,weatherbysshop.co.uk Handicap Hurdle
845578,2025-02-27,Taunton,hurdle,Longshanks,6,109,-86.79,-,41.61,-,40.76,-,weatherbysshop.co.uk Handicap Hurdle
845578,2025-02-27,Taunton,hurdle,Looking For Larry,7,106,-87.29,-,41.46,-,40.61,-,weatherbysshop.co.uk Handicap Hurdle
845580,2025-02-27,Taunton,nh_flat,Purple Owl,5,,-2.23,-,55.50,-,54.07,-,Free Racing On Monday 10th March Open NH Flat Race (GBB Race)
845580,2025-02-27,Taunton,nh_flat,Olivia's Secret,6,,-54.23,-,32.86,-,30.71,-,Free Racing On Monday 10th March Open NH Flat Race (GBB Race)
845600,2025-02-27,Ludlow,hurdle,Diskatek,9,100,-8.42,35.60,52.33,71.68,49.64,71.12,Good Life Plus Free Membership Conditional Jockeys' Handicap Hurdle
845779,2025-02-28,Newbury,hurdle,Colonial Empire,6,109,-1.21,56.76,64.84,84.98,64.34,85.29,Howden Supporting West Berkshire Mencap Conditional Jockeys' Handicap Hurdle
845779,2025-02-28,Newbury,hurdle,French Symphony,7,106,-26.21,31.76,56.16,76.29,55.54,76.78,Howden Supporting West Berkshire Mencap Conditional Jockeys' Handicap Hurdle
845773,2025-02-28,Ffos Las,hurdle,Dexterity,1,,-35.56,119.51,48.70,107.38,48.49,106.72,DragonBet Born From The Betting Ring Maiden Hurdle (GBB Race)
845773,2025-02-28,Ffos Las,hurdle,Followango,2,106,-43.06,112.01,45.86,104.54,45.64,104.14,DragonBet Born From The Betting Ring Maiden Hurdle (GBB Race)
845773,2025-02-28,Ffos Las,hurdle,Fat Faced Columbo,3,,-77.06,78.01,32.99,91.68,32.72,92.42,DragonBet Born From The Betting Ring Maiden Hurdle (GBB Race)
845773,2025-02-28,Ffos Las,hurdle,Ferando,4,,-83.06,72.01,30.72,89.41,30.44,90.35,DragonBet Born From The Betting Ring Maiden Hurdle (GBB Race)
845773,2025-02-28,Ffos Las,hurdle,Girls Best Friend,5,,-92.56,62.51,27.12,85.81,26.83,87.08,DragonBet Born From The Betting Ring Maiden Hurdle (GBB Race)
845773,2025-02-28,Ffos Las,hurdle,Jack's Jury,6,,-148.56,6.51,5.93,64.62,5.55,67.77,DragonBet Born From The Betting Ring Maiden Hurdle (GBB Race)
845773,2025-02-28,Ffos Las,hurdle,Nil Vert,7,,-161.56,-6.49,1.01,59.70,0.61,63.29,DragonBet Born From The Betting Ring Maiden Hurdle (GBB Race)
845774,2025-02-28,Ffos Las,hurdle,River Voyage,1,91,-113.04,50.51,29.93,83.72,30.19,85.16,dragonbet.co.uk Novices' Handicap Hurdle
845774,2025-02-28,Ffos Las,hurdle,Blackacre,2,79,-136.04,27.51,22.37,76.16,22.65,78.27,dragonbet.co.uk Novices' Handicap Hurdle
845774,2025-02-28,Ffos Las,hurdle,Nedzor,3,89,-137.79,25.76,21.80,75.58,22.07,77.74,dragonbet.co.uk Novices' Handicap Hurdle
845774,2025-02-28,Ffos Las,hurdle,Edmond,4,90,-164.79,-1.24,12.92,66.70,13.23,69.65,dragonbet.co.uk Novices' Handicap Hurdle
845774,2025-02-28,Ffos Las,hurdle,Tillaway,5,96,-167.54,-3.99,12.01,65.80,12.33,68.82,dragonbet.co.uk Novices' Handicap Hurdle
845775,2025-02-28,Ffos Las,chase,Esperti,1,75,-57.86,114.38,46.21,104.90,49.70,104.18,DragonBet Proud To Be Welsh Novices' Handicap Chase
845775,2025-02-28,Ffos Las,chase,Dreams Of Diamonds,2,84,-59.36,112.88,45.70,104.39,49.22,103.75,DragonBet Proud To Be Welsh Novices' Handicap Chase
845775,2025-02-28,Ffos Las,chase,Jikala,3,84,-70.36,101.88,41.95,100.64,45.72,100.55,DragonBet Proud To Be Welsh Novices' Handicap Chase
845775,2025-02-28,Ffos Las,chase,The Big Reveal,4,81,-70.86,101.38,41.78,100.47,45.56,100.40,DragonBet Proud To Be Welsh Novices' Handicap Chase
845782,2025-02-28,Newbury,hurdle,Lightning Maqueen,5,,-36.63,24.53,52.89,73.98,52.22,74.55,Watch Weekend Winners Powered By BetVictor 'National Hunt' Novices' Hurdle (GBB Race)
845776,2025-02-28,Ffos Las,chase,John W Creasy,1,87,-45.91,83.85,39.52,93.30,42.20,94.13,Bespoke Horse Racing Odds At DragonBet Handicap Chase
845776,2025-02-28,Ffos Las,chase,Walkinthewoods,2,94,-46.01,83.75,39.47,93.26,42.16,94.09,Bespoke Horse Racing Odds At DragonBet Handicap Chase
845776,2025-02-28,Ffos Las,chase,Fame And Fun,3,104,-52.01,77.75,36.99,90.77,39.78,91.91,Bespoke Horse Racing Odds At DragonBet Handicap Chase
845776,2025-02-28,Ffos Las,chase,Monbari,4,101,-52.51,77.25,36.78,90.57,39.59,91.73,Bespoke Horse Racing Odds At DragonBet Handicap Chase
845776,2025-02-28,Ffos Las,chase,Mystic Man,5,86,-90.51,39.25,21.03,74.81,24.53,77.91,Bespoke Horse Racing Odds At DragonBet Handicap Chase
845777,2025-02-28,Ffos Las,hurdle,Moorland Rambler,1,95,-53.26,87.21,41.31,95.10,41.07,95.50,Best Odds Guaranteed At DragonBet Handicap Hurdle
845777,2025-02-28,Ffos Las,hurdle,El Bandido Pancho,2,74,-55.76,84.71,40.36,94.14,40.11,94.62,Best Odds Guaranteed At DragonBet Handicap Hurdle
845777,2025-02-28,Ffos Las,hurdle,Leech,3,95,-67.76,72.71,35.76,89.55,35.50,90.41,Best Odds Guaranteed At DragonBet Handicap Hurdle
845777,2025-02-28,Ffos Las,hurdle,Twp Stori,4,87,-71.76,68.71,34.23,88.02,33.96,89.00,Best Odds Guaranteed At DragonBet Handicap Hurdle
845777,2025-02-28,Ffos Las,hurdle,Coup De Gold,5,81,-76.51,63.96,32.41,86.20,32.14,87.33,Best Odds Guaranteed At DragonBet Handicap Hurdle
845777,2025-02-28,Ffos Las,hurdle,Luna De Castana,6,99,-116.51,23.96,17.09,70.88,16.76,73.27,Best Odds Guaranteed At DragonBet Handicap Hurdle
845784,2025-02-28,Newbury,hurdle,Wonderful Eagle,1,120,-48.54,18.24,55.21,75.35,53.82,75.46,One Up On Football Now At BetVictor Handicap Hurdle
845784,2025-02-28,Newbury,hurdle,Gamesters Guy,2,130,-51.29,15.49,54.38,74.52,52.96,74.64,One Up On Football Now At BetVictor Handicap Hurdle
845784,2025-02-28,Newbury,hurdle,Shutupshirley,3,112,-58.79,7.99,52.12,72.26,50.63,72.39,One Up On Football Now At BetVictor Handicap Hurdle
845784,2025-02-28,Newbury,hurdle,Magical King,4,125,-62.29,4.49,51.06,71.20,49.54,71.34,One Up On Football Now At BetVictor Handicap Hurdle
845784,2025-02-28,Newbury,hurdle,Saint Palais,5,130,-62.39,4.39,51.03,71.17,49.51,71.31,One Up On Football Now At BetVictor Handicap Hurdle
845784,2025-02-28,Newbury,hurdle,Itseemslikeit,6,118,-77.39,-10.61,46.51,66.65,44.85,66.81,One Up On Football Now At BetVictor Handicap Hurdle
845784,2025-02-28,Newbury,hurdle,Ramo,7,123,-79.14,-12.36,45.98,66.12,44.30,66.28,One Up On Football Now At BetVictor Handicap Hurdle
845784,2025-02-28,Newbury,hurdle,Press Your Luck,8,127,-82.39,-15.61,45.00,65.14,43.29,65.31,One Up On Football Now At BetVictor Handicap Hurdle
845778,2025-02-28,Ffos Las,nh_flat,Kosac D'oudairies,1,,-7.06,121.22,51.02,109.71,48.60,109.20,Download The DragonBet App Open Maiden NH Flat Race (GBB Race)
845778,2025-02-28,Ffos Las,nh_flat,The Hawkstonian,2,,-19.06,109.22,45.53,104.22,42.84,104.00,Download The DragonBet App Open Maiden NH Flat Race (GBB Race)
845778,2025-02-28,Ffos Las,nh_flat,Thorgath,3,,-25.56,102.72,42.56,101.25,39.72,101.18,Download The DragonBet App Open Maiden NH Flat Race (GBB Race)
845996,2025-03-01,Newbury,chase,Cloudy Glen,8,140,-4.13,-,71.13,-,71.21,-,BetVictor Super Boost Has Arrived Veterans' Handicap Chase
845999,2025-03-01,Newbury,hurdle,Kel Raffles,5,121,-2.44,-,55.99,-,55.06,-,Lengthen The Odds At BetVictor Handicap Hurdle
846001,2025-03-01,Newbury,hurdle,Eaton Anne,7,116,-7.38,-,62.33,-,61.79,-,Football Betbuilder Boosts At BetVictor Handicap Hurdle
846001,2025-03-01,Newbury,hurdle,Ninth Loch,8,120,-7.68,-,62.22,-,61.69,-,Football Betbuilder Boosts At BetVictor Handicap Hurdle
846001,2025-03-01,Newbury,hurdle,Taita Hills,9,118,-38.68,-,51.34,-,50.66,-,Football Betbuilder Boosts At BetVictor Handicap Hurdle
846001,2025-03-01,Newbury,hurdle,Lemoncello,10,117,-40.93,-,50.56,-,49.86,-,Football Betbuilder Boosts At BetVictor Handicap Hurdle
845983,2025-03-02,Huntingdon,hurdle,Big Bert,2,,-10.97,-,61.05,-,60.32,-,Vic Sweeney 80th Birthday Maiden Hurdle (GBB Race)
845983,2025-03-02,Huntingdon,hurdle,Tchoupinminzac,3,105,-12.47,-,60.52,-,59.78,-,Vic Sweeney 80th Birthday Maiden Hurdle (GBB Race)
845983,2025-03-02,Huntingdon,hurdle,Apieceovfortune,4,,-29.47,-,54.55,-,53.70,-,Vic Sweeney 80th Birthday Maiden Hurdle (GBB Race)
845983,2025-03-02,Huntingdon,hurdle,Dublin City,5,,-37.97,-,51.57,-,50.67,-,Vic Sweeney 80th Birthday Maiden Hurdle (GBB Race)
845985,2025-03-02,Huntingdon,hurdle,Mister Barclay,4,97,-7.66,-,68.90,-,68.61,-,Wellingborough Old Grammarians Racing Tour Handicap Hurdle
845985,2025-03-02,Huntingdon,hurdle,Tiny Tantrum,5,78,-10.66,-,68.03,-,67.74,-,Wellingborough Old Grammarians Racing Tour Handicap Hurdle
845985,2025-03-02,Huntingdon,hurdle,Jassur Des Brosses,6,83,-25.66,-,63.69,-,63.36,-,Wellingborough Old Grammarians Racing Tour Handicap Hurdle
846131,2025-03-03,Southwell,chase,Steady The Ship,7,99,-12.80,21.98,64.41,75.39,66.61,77.31,Watch Unbridled On attheraces.com Open Hunters' Chase
846729,2025-03-06,Fontwell,hurdle,Saccary,8,,-5.71,53.41,57.85,81.42,57.18,81.88,BetGoodwin New UK Bookie Maiden Hurdle (GBB Race)
846729,2025-03-06,Fontwell,hurdle,Flimsy Nosebag,9,,-11.21,47.91,55.65,79.23,54.95,79.74,BetGoodwin New UK Bookie Maiden Hurdle (GBB Race)
846742,2025-03-06,Wincanton,chase,Lightonthewing,3,89,-11.83,89.60,66.06,96.84,67.92,97.16,Gore Browne IM Conditional Jockeys' Handicap Chase
846742,2025-03-06,Wincanton,chase,Bellamy's Grey,4,67,-45.83,55.60,55.74,86.52,58.16,87.88,Gore Browne IM Conditional Jockeys' Handicap Chase
846742,2025-03-06,Wincanton,chase,Hey Bud,5,77,-56.83,44.60,52.40,83.19,55.01,84.87,Gore Browne IM Conditional Jockeys' Handicap Chase
846730,2025-03-06,Fontwell,chase,Next Left,6,119,-5.91,38.66,59.53,76.56,59.91,77.44,BetGoodwin Handicap Chase (GBB Race)
846743,2025-03-06,Wincanton,hurdle,Melleray Hill,7,,-7.54,50.32,50.04,76.92,47.90,77.05,Women Investors Network Mares' Novices' Hurdle (GBB Race)
846743,2025-03-06,Wincanton,hurdle,Seventeenothree,8,,-32.54,25.32,38.43,65.31,35.78,65.49,Women Investors Network Mares' Novices' Hurdle (GBB Race)
846743,2025-03-06,Wincanton,hurdle,L'inoubliable,9,,-44.54,13.32,32.86,59.73,29.97,59.95,Women Investors Network Mares' Novices' Hurdle (GBB Race)
846743,2025-03-06,Wincanton,hurdle,Getaways Gift,10,,-48.54,9.32,31.00,57.87,28.03,58.10,Women Investors Network Mares' Novices' Hurdle (GBB Race)
846743,2025-03-06,Wincanton,hurdle,Dawn's Desire,11,,-49.04,8.82,30.76,57.64,27.79,57.87,Women Investors Network Mares' Novices' Hurdle (GBB Race)
846731,2025-03-06,Fontwell,hurdle,Barra Blue,5,87,-48.59,10.21,56.96,73.99,58.15,75.42,BetGoodwin Download The App Mares' Handicap Hurdle
846744,2025-03-06,Wincanton,chase,Universal Secret,4,83,-1.93,56.16,52.84,79.72,51.69,80.17,Julia's House Hospice Novices' Handicap Chase (GBB Race)
846744,2025-03-06,Wincanton,chase,Fox Wallace,5,64,-26.93,31.16,41.28,68.15,39.84,68.86,Julia's House Hospice Novices' Handicap Chase (GBB Race)
846732,2025-03-06,Fontwell,hurdle,Kingston Bresil,9,103,-29.78,33.25,51.46,75.04,51.39,75.98,BetGoodwin Free Bet Nose Losers Handicap Hurdle
846745,2025-03-06,Wincanton,hurdle,Thankyouandplease,4,,-3.57,81.74,62.63,93.41,61.99,93.65,Salisbury Hospice Novices' Hurdle (GBB Race)
846745,2025-03-06,Wincanton,hurdle,The Italian Fox,5,,-16.57,68.74,57.94,88.72,57.22,89.12,Salisbury Hospice Novices' Hurdle (GBB Race)
846733,2025-03-06,Fontwell,chase,Constant Friday,3,85,-9.98,30.32,53.52,70.55,54.31,71.87,BetGoodwin Best Odds Guaranteed Handicap Chase (GBB Race)
846733,2025-03-06,Fontwell,chase,Jolyjump,4,103,-17.48,22.82,50.35,67.39,51.20,68.85,BetGoodwin Best Odds Guaranteed Handicap Chase (GBB Race)
846733,2025-03-06,Fontwell,chase,Pleasure Garden,5,74,-20.73,19.57,48.98,66.01,49.85,67.53,BetGoodwin Best Odds Guaranteed Handicap Chase (GBB Race)
846733,2025-03-06,Fontwell,chase,Koenigsstern,6,110,-37.73,2.57,41.80,58.83,42.79,60.67,BetGoodwin Best Odds Guaranteed Handicap Chase (GBB Race)
846746,2025-03-06,Wincanton,chase,Enjoy Your Life,2,115,-5.72,96.63,68.20,98.99,69.94,99.09,Horatio's Garden Handicap Chase (GBB Race)
846734,2025-03-06,Fontwell,nh_flat,Itaintmebabe,5,,-53.32,6.19,39.26,62.84,38.30,63.75,BetGoodwin Ambassador Phil The Power Taylor Open NH Flat Race (GBB Race)
846747,2025-03-06,Wincanton,hurdle,Jongleur D'etoiles,1,92,-10.61,80.22,67.27,94.15,66.95,94.35,Wiltshire & Bath Air Ambulance Handicap Hurdle
846747,2025-03-06,Wincanton,hurdle,Toonagh Warrior,2,111,-13.86,76.97,66.31,93.18,65.97,93.43,Wiltshire & Bath Air Ambulance Handicap Hurdle
846747,2025-03-06,Wincanton,hurdle,Jolie Baie,3,102,-14.36,76.47,66.16,93.04,65.82,93.28,Wiltshire & Bath Air Ambulance Handicap Hurdle
846747,2025-03-06,Wincanton,hurdle,Saunton Surf,4,107,-19.11,71.72,64.75,91.63,64.41,91.93,Wiltshire & Bath Air Ambulance Handicap Hurdle
846747,2025-03-06,Wincanton,hurdle,Howaya Now,5,112,-31.11,59.72,61.20,88.08,60.82,88.50,Wiltshire & Bath Air Ambulance Handicap Hurdle
846747,2025-03-06,Wincanton,hurdle,Jack Sprat,6,108,-46.11,44.72,56.76,83.64,56.34,84.22,Wiltshire & Bath Air Ambulance Handicap Hurdle
846748,2025-03-06,Wincanton,hurdle,Mind Hunter,8,74,-0.33,60.01,53.56,81.49,51.56,81.62,Gore Browne IM Handicap Hurdle
846748,2025-03-06,Wincanton,hurdle,Stage Show,9,76,-1.58,58.76,52.98,80.91,50.96,81.05,Gore Browne IM Handicap Hurdle
846883,2025-03-07,Ayr,hurdle,Inta,3,,-10.89,72.17,58.50,89.59,60.16,90.49,weatherbysshop.co.uk EBF Mares' 'National Hunt' Novices' Hurdle (GBB Race)
846883,2025-03-07,Ayr,hurdle,Madame Bluebelle,4,,-37.89,45.17,48.40,79.48,50.46,81.27,weatherbysshop.co.uk EBF Mares' 'National Hunt' Novices' Hurdle (GBB Race)
846884,2025-03-07,Ayr,hurdle,Cloudsareclearing,5,,-0.45,70.31,54.50,86.55,55.42,87.50,Weatherbys nhstallions.co.uk Maiden Hurdle (GBB Race)
846885,2025-03-07,Ayr,hurdle,Carnet De Stage,10,92,-2.20,67.22,52.82,84.87,53.77,85.94,Weatherbys Scientific Handicap Hurdle
846886,2025-03-07,Ayr,hurdle,Maillot Blanc,5,98,-17.80,65.15,55.86,86.94,57.63,88.08,Albert Bartlett Triple Crown Series Handicap Hurdle
846886,2025-03-07,Ayr,hurdle,El Jefe,6,108,-38.80,44.15,48.00,79.08,50.07,80.90,Albert Bartlett Triple Crown Series Handicap Hurdle
846887,2025-03-07,Ayr,chase,Leading Force,5,103,-16.22,65.61,55.86,86.94,58.29,88.26,Weatherbys Cheltenham Festival Guide Handicap Chase (GBB Race)
846888,2025-03-07,Ayr,chase,Euchan Falls,2,79,-2.38,95.45,66.46,98.51,68.87,98.68,Book The Coral Scottish Grand National Handicap Chase
846888,2025-03-07,Ayr,chase,Hold The Note,3,92,-21.38,76.45,60.24,92.29,63.09,93.19,Book The Coral Scottish Grand National Handicap Chase
847047,2025-03-08,Ayr,hurdle,Wholly Boley,3,,-25.47,62.85,53.20,86.14,55.07,87.39,Virgin Bet Novices' Hurdle (GBB Race)
847047,2025-03-08,Ayr,hurdle,Jehol De Thaix,4,,-33.47,54.85,50.21,83.16,52.21,84.67,Virgin Bet Novices' Hurdle (GBB Race)
847063,2025-03-08,Hereford,chase,Mackenberg,5,129,-8.44,9.03,54.11,61.50,51.65,59.98,DragonBet Backing Our Opinion At Cheltenham Handicap Chase (GBB Race)
847064,2025-03-08,Hereford,hurdle,Majestic Bo,9,,-26.59,-3.80,55.66,63.64,54.25,63.02,Pricing By Real Bookmakers At DragonBet Maiden Hurdle (GBB Race)
847064,2025-03-08,Hereford,hurdle,King Troy,10,,-83.59,-60.80,35.70,43.68,33.66,42.71,Pricing By Real Bookmakers At DragonBet Maiden Hurdle (GBB Race)
847049,2025-03-08,Ayr,hurdle,Sunset Hill,3,115,-0.68,89.50,63.94,96.24,65.50,96.59,LiveScore Bet Mares' Handicap Hurdle
847049,2025-03-08,Ayr,hurdle,Lavida Adiva,4,120,-2.43,87.75,63.31,95.61,64.90,96.02,LiveScore Bet Mares' Handicap Hurdle
847049,2025-03-08,Ayr,hurdle,Santa Clarita,5,92,-2.73,87.45,63.20,95.51,64.79,95.92,LiveScore Bet Mares' Handicap Hurdle
847049,2025-03-08,Ayr,hurdle,Sunday Soldier,6,121,-25.73,64.45,54.97,87.27,56.91,88.44,LiveScore Bet Mares' Handicap Hurdle
847085,2025-03-08,Sandown,chase,Hoe Joly Smoke,1,127,215.66,-,134.79,-,131.55,-,Best Odds On The Betfair Exchange Handicap Chase (GBB Race)
847085,2025-03-08,Sandown,chase,Java Point,2,127,215.36,-,134.70,-,131.47,-,Best Odds On The Betfair Exchange Handicap Chase (GBB Race)
847085,2025-03-08,Sandown,chase,Goshen,3,137,214.86,-,134.55,-,131.33,-,Best Odds On The Betfair Exchange Handicap Chase (GBB Race)
847085,2025-03-08,Sandown,chase,Excello,4,132,214.66,-,134.49,-,131.28,-,Best Odds On The Betfair Exchange Handicap Chase (GBB Race)
847051,2025-03-08,Ayr,chase,Cave Court,4,132,-3.90,76.66,60.46,91.12,62.64,92.01,Virgin Bet Cheltenham Festival Money Back Handicap Chase (GBB Race)
847051,2025-03-08,Ayr,chase,Artic Row,5,115,-5.65,74.91,59.80,90.45,62.01,91.41,Virgin Bet Cheltenham Festival Money Back Handicap Chase (GBB Race)
847067,2025-03-08,Hereford,hurdle,Minneigh Mozze,7,74,-19.31,-1.79,49.64,57.04,47.67,55.94,Hereford RDA Handicap Hurdle
847067,2025-03-08,Hereford,hurdle,For You Buzz,8,92,-49.31,-31.79,36.98,44.37,34.51,42.96,Hereford RDA Handicap Hurdle
847052,2025-03-08,Ayr,hurdle,Monsieur Le Fuzz,1,98,-16.70,79.07,62.64,93.30,64.46,93.93,Virgin Bet Daily Price Boosts Novices' Handicap Hurdle
847052,2025-03-08,Ayr,hurdle,Glory Hights,2,90,-16.90,78.87,62.58,93.24,64.40,93.87,Virgin Bet Daily Price Boosts Novices' Handicap Hurdle
847052,2025-03-08,Ayr,hurdle,Rob Roy Macgregor,3,86,-21.90,73.87,60.98,91.63,62.87,92.43,Virgin Bet Daily Price Boosts Novices' Handicap Hurdle
847052,2025-03-08,Ayr,hurdle,Fathers Advice,4,72,-32.90,62.87,57.46,88.11,59.52,89.24,Virgin Bet Daily Price Boosts Novices' Handicap Hurdle
847052,2025-03-08,Ayr,hurdle,Boolamore Classic,5,84,-34.15,61.62,57.06,87.71,59.14,88.87,Virgin Bet Daily Price Boosts Novices' Handicap Hurdle
847052,2025-03-08,Ayr,hurdle,Powers Dilemma,6,94,-50.15,45.62,51.93,82.59,54.27,84.24,Virgin Bet Daily Price Boosts Novices' Handicap Hurdle
847052,2025-03-08,Ayr,hurdle,Didntgotwenty,7,75,-51.40,44.37,51.53,82.19,53.89,83.87,Virgin Bet Daily Price Boosts Novices' Handicap Hurdle
847052,2025-03-08,Ayr,hurdle,Miami Steve,8,100,-64.40,31.37,47.37,78.03,49.93,80.11,Virgin Bet Daily Price Boosts Novices' Handicap Hurdle
847052,2025-03-08,Ayr,hurdle,Lord De Vinci,9,99,-66.15,29.62,46.81,77.47,49.40,79.60,Virgin Bet Daily Price Boosts Novices' Handicap Hurdle
847052,2025-03-08,Ayr,hurdle,Jirko,10,93,-72.15,23.62,44.89,75.55,47.57,77.86,Virgin Bet Daily Price Boosts Novices' Handicap Hurdle
847068,2025-03-08,Hereford,nh_flat,Vera Hobbs,11,,-51.15,-24.13,37.76,48.88,35.83,48.33,Hereford Ladies Evening Friday 9th May Mares' Open Maiden NH Flat Race (GBB Race)
847053,2025-03-08,Ayr,nh_flat,Miss Mac,5,,-0.12,64.57,52.55,83.21,53.50,84.36,Virgin Bet Open NH Flat Race (GBB Race)
847053,2025-03-08,Ayr,nh_flat,Je Mr Dawson,6,,-1.12,63.57,52.08,82.73,53.04,83.92,Virgin Bet Open NH Flat Race (GBB Race)
847053,2025-03-08,Ayr,nh_flat,Redeeming Love,7,,-26.12,38.57,40.23,70.89,41.43,72.89,Virgin Bet Open NH Flat Race (GBB Race)
847053,2025-03-08,Ayr,nh_flat,Walk On Son,8,,-26.42,38.27,40.09,70.74,41.29,72.75,Virgin Bet Open NH Flat Race (GBB Race)
847053,2025-03-08,Ayr,nh_flat,Geordie Mackem,9,,-34.42,30.27,36.30,66.95,37.57,69.22,Virgin Bet Open NH Flat Race (GBB Race)
847053,2025-03-08,Ayr,nh_flat,The Low Ball,10,,-133.42,-68.73,-10.62,20.03,-8.40,25.53,Virgin Bet Open NH Flat Race (GBB Race)
847084,2025-03-09,Warwick,hurdle,Slip Of The Tongue,4,115,-51.63,-33.71,60.07,64.79,58.34,63.57,JCB Tele-Handler Handicap Hurdle
847226,2025-03-10,Stratford,hurdle,Welcheston Warrier,11,95,-7.24,44.71,65.62,82.28,65.01,82.47,Pricing By Real Bookmakers At DragonBet Novices' Limited Handicap Hurdle
847226,2025-03-10,Stratford,hurdle,Knocknagappagh,12,95,-11.74,40.21,64.18,80.83,63.54,81.05,Pricing By Real Bookmakers At DragonBet Novices' Limited Handicap Hurdle
847226,2025-03-10,Stratford,hurdle,Guguss Collonges,13,79,-12.49,39.46,63.94,80.59,63.30,80.81,Pricing By Real Bookmakers At DragonBet Novices' Limited Handicap Hurdle
847563,2025-03-12,Huntingdon,chase,Mystic Man,9,83,-5.58,19.57,67.75,75.43,68.43,76.26,Barry Girling Memorial Handicap Chase
847568,2025-03-12,Huntingdon,nh_flat,Mr Phillips,8,,-21.69,-2.89,48.36,56.34,46.96,55.78,Purchase Hospitality At Huntingdon Racecourse Open NH Flat Race (GBB Race)
847771,2025-03-13,Hexham,hurdle,Jungle Jet,6,,-9.38,-5.60,51.18,52.87,52.84,54.60,Major Family Law 16 Year Anniversary Maiden Hurdle (GBB Race)
847774,2025-03-13,Hexham,hurdle,Dreamings Free,6,85,-14.21,-10.31,59.10,60.49,60.30,61.75,Happy 40th Birthday Kerry Kirkham Maiden Hurdle (GBB Race)
838538,2025-03-13,Cheltenham,chase,Westerninthepark,13,132,-30.11,-40.08,63.33,60.52,64.05,61.11,Fulke Walwyn Kim Muir Challenge Cup Amateur Jockeys' Handicap Chase (GBB Race)
838530,2025-03-14,Cheltenham,chase,Rocky's Howya,15,131,-1.50,-27.40,72.43,65.40,72.92,65.60,St. James's Place Festival Challenge Cup Open Hunters' Chase
838530,2025-03-14,Cheltenham,chase,Go On Chez,16,125,-13.50,-39.40,69.17,62.14,69.72,62.36,St. James's Place Festival Challenge Cup Open Hunters' Chase
838530,2025-03-14,Cheltenham,chase,Au Fleuron,17,121,-23.00,-48.90,66.59,59.56,67.19,59.79,St. James's Place Festival Challenge Cup Open Hunters' Chase
848122,2025-03-15,Uttoxeter,hurdle,Statuario,13,127,-12.81,50.60,60.62,82.76,60.34,83.28,JenningsBet 200 Shops Nationwide Handicap Hurdle
848123,2025-03-15,Uttoxeter,hurdle,Dartmoor Pirate,11,123,-15.55,56.80,64.65,86.78,64.33,87.16,JenningsBet Handicap Hurdle (GBB Race)
848123,2025-03-15,Uttoxeter,hurdle,Fingal's Hill,12,119,-21.05,51.30,62.96,85.10,62.63,85.53,JenningsBet Handicap Hurdle (GBB Race)
848124,2025-03-15,Uttoxeter,chase,Deafening Silence,5,133,-20.80,51.92,63.23,85.37,64.17,86.26,JenningsBet Novices' Handicap Chase (GBB Race)
848125,2025-03-15,Uttoxeter,hurdle,Swift Jet,6,,-8.61,42.02,60.82,79.09,60.54,79.59,JenningsBet 'National Hunt' Novices' Hurdle (GBB Race)
848126,2025-03-15,Uttoxeter,chase,La Domaniale,5,122,-40.83,8.49,47.84,66.11,48.30,67.43,JenningsBet Handicap Chase (GBB Race)
848100,2025-03-15,Newcastle,nh_flat,He's A Ripper,4,,-4.78,-,55.29,-,53.87,-,Pimm's At Ramside Open NH Flat Race (GBB Race)
848100,2025-03-15,Newcastle,nh_flat,Daytona Sky,5,,-5.28,-,55.08,-,53.65,-,Pimm's At Ramside Open NH Flat Race (GBB Race)
848127,2025-03-15,Uttoxeter,nh_flat,On Top Of The Moon,12,,-90.95,-50.60,13.57,31.83,12.01,32.78,JenningsBet Mares' Open NH Flat Race (GBB Race)
848118,2025-03-16,Chepstow,hurdle,Greyval,1,114,210.53,-,137.96,-,137.08,-,Terry's Birthday Mares' Handicap Hurdle
848118,2025-03-16,Chepstow,hurdle,Shantwopointfive,2,114,210.03,-,137.79,-,136.91,-,Terry's Birthday Mares' Handicap Hurdle
848118,2025-03-16,Chepstow,hurdle,Dromlac Jury,3,101,203.03,-,135.39,-,134.56,-,Terry's Birthday Mares' Handicap Hurdle
848118,2025-03-16,Chepstow,hurdle,Pawapuri,4,124,201.78,-,134.96,-,134.14,-,Terry's Birthday Mares' Handicap Hurdle
848118,2025-03-16,Chepstow,hurdle,Molto Bene,5,114,201.68,-,134.92,-,134.11,-,Terry's Birthday Mares' Handicap Hurdle
848118,2025-03-16,Chepstow,hurdle,Ile De Jersey,6,121,200.18,-,134.41,-,133.61,-,Terry's Birthday Mares' Handicap Hurdle
848419,2025-03-18,Wetherby,hurdle,Jukebox Fury,1,98,218.61,129.01,133.72,108.25,132.37,108.27,racingtv.com Handicap Hurdle
848419,2025-03-18,Wetherby,hurdle,Aazza,2,87,214.36,124.76,132.51,107.04,131.21,107.06,racingtv.com Handicap Hurdle
848419,2025-03-18,Wetherby,hurdle,Farmer Jimmy,3,98,207.36,117.76,130.52,105.05,129.30,105.06,racingtv.com Handicap Hurdle
848419,2025-03-18,Wetherby,hurdle,Rickety Gate,4,90,205.61,116.01,130.03,104.55,128.83,104.56,racingtv.com Handicap Hurdle
848600,2025-03-19,Huntingdon,hurdle,Datsalrightcharlie,1,,-16.97,-,56.70,-,55.18,-,Weatherbys Private Bank Maiden Hurdle (GBB Race)
848600,2025-03-19,Huntingdon,hurdle,Apieceovfortune,2,,-22.47,-,54.67,-,53.07,-,Weatherbys Private Bank Maiden Hurdle (GBB Race)
848996,2025-03-21,Newbury,hurdle,Zain Nights,1,128,224.84,-,134.14,-,133.82,-,Ultimate Travel Company Handicap Hurdle
848996,2025-03-21,Newbury,hurdle,Welcom To Cartries,2,130,220.59,-,132.98,-,132.67,-,Ultimate Travel Company Handicap Hurdle
848996,2025-03-21,Newbury,hurdle,Jubilant,3,118,212.59,-,130.79,-,130.50,-,Ultimate Travel Company Handicap Hurdle
848996,2025-03-21,Newbury,hurdle,Gold In The Rivers,4,122,207.59,-,129.42,-,129.15,-,Ultimate Travel Company Handicap Hurdle
848998,2025-03-21,Newbury,hurdle,Mahler Moon,1,98,209.22,-,130.09,-,129.81,-,BetVictor Home Of The Saturday Superboost Handicap Hurdle
848998,2025-03-21,Newbury,hurdle,Holokea,2,108,207.72,-,129.68,-,129.40,-,BetVictor Home Of The Saturday Superboost Handicap Hurdle
848998,2025-03-21,Newbury,hurdle,Jatiluwih,3,113,206.47,-,129.33,-,129.06,-,BetVictor Home Of The Saturday Superboost Handicap Hurdle
848998,2025-03-21,Newbury,hurdle,Geturguccion,4,108,205.22,-,128.99,-,128.72,-,BetVictor Home Of The Saturday Superboost Handicap Hurdle
848998,2025-03-21,Newbury,hurdle,Kintail,5,113,204.72,-,128.85,-,128.58,-,BetVictor Home Of The Saturday Superboost Handicap Hurdle
848998,2025-03-21,Newbury,hurdle,Stratton Oakmont,6,110,203.22,-,128.44,-,128.17,-,BetVictor Home Of The Saturday Superboost Handicap Hurdle
848998,2025-03-21,Newbury,hurdle,Murphy's Milan,7,109,202.22,-,128.16,-,127.90,-,BetVictor Home Of The Saturday Superboost Handicap Hurdle
848998,2025-03-21,Newbury,hurdle,Glimpse Of Gala,8,111,201.92,-,128.08,-,127.81,-,BetVictor Home Of The Saturday Superboost Handicap Hurdle
848998,2025-03-21,Newbury,hurdle,Super Sabre Sam,9,112,201.17,-,127.87,-,127.61,-,BetVictor Home Of The Saturday Superboost Handicap Hurdle
849196,2025-03-22,Kelso,hurdle,Joecooker,3,120,-1.79,-,64.57,-,63.89,-,Ladbrokes 'Get Rewarded With Ladbucks' Novices' Hurdle (GBB Race)
849196,2025-03-22,Kelso,hurdle,Harry Bright,4,,-16.79,-,59.34,-,58.57,-,Ladbrokes 'Get Rewarded With Ladbucks' Novices' Hurdle (GBB Race)
849196,2025-03-22,Kelso,hurdle,The Three J's,5,,-21.79,-,57.60,-,56.80,-,Ladbrokes 'Get Rewarded With Ladbucks' Novices' Hurdle (GBB Race)
849170,2025-03-23,Exeter,chase,Yes Day,1,121,249.63,-,136.11,-,132.11,-,Devon Stayers Handicap Chase (GBB Race)
849170,2025-03-23,Exeter,chase,Planned Paradise,2,112,247.63,-,135.63,-,131.68,-,Devon Stayers Handicap Chase (GBB Race)
849170,2025-03-23,Exeter,chase,Concetto,3,112,243.63,-,134.66,-,130.82,-,Devon Stayers Handicap Chase (GBB Race)
849170,2025-03-23,Exeter,chase,Musical Slave,4,114,232.63,-,132.01,-,128.46,-,Devon Stayers Handicap Chase (GBB Race)
849326,2025-03-24,Wincanton,hurdle,Bethpage,1,111,245.35,158.95,138.85,115.76,138.34,116.19,Happy Birthday Sheila James Mares' Handicap Hurdle
849326,2025-03-24,Wincanton,hurdle,Larchmont Lass,2,115,242.35,155.95,138.05,114.95,137.55,115.37,Happy Birthday Sheila James Mares' Handicap Hurdle
849326,2025-03-24,Wincanton,hurdle,Briefly,3,109,213.35,126.95,130.30,107.20,129.90,107.40,Happy Birthday Sheila James Mares' Handicap Hurdle
849329,2025-03-24,Wincanton,chase,Moviddy,1,106,240.45,157.54,139.12,116.03,136.50,115.54,Wincanton Supports The Racehorse Syndicate Association Mares' Handicap Chase (GBB Race)
849329,2025-03-24,Wincanton,chase,Space Voyage,2,122,237.20,154.29,138.22,115.12,135.66,114.66,Wincanton Supports The Racehorse Syndicate Association Mares' Handicap Chase (GBB Race)
849329,2025-03-24,Wincanton,chase,Getbazoutofhere,3,98,228.20,145.29,135.71,112.62,133.32,112.23,Wincanton Supports The Racehorse Syndicate Association Mares' Handicap Chase (GBB Race)
849646,2025-03-26,Market Rasen,chase,Ostend,1,115,225.17,-,144.91,-,142.24,-,Breed Buy And Race In Ireland Handicap Chase (GBB Race)
849646,2025-03-26,Market Rasen,chase,Issar D'Airy,2,130,204.17,-,137.37,-,135.15,-,Breed Buy And Race In Ireland Handicap Chase (GBB Race)
849887,2025-03-27,Southwell,hurdle,Coastal Rock,1,114,237.19,-,139.47,-,136.90,-,N&L Franklin Developments Handicap Hurdle
849887,2025-03-27,Southwell,hurdle,Rockadenn,2,113,230.69,-,137.60,-,135.15,-,N&L Franklin Developments Handicap Hurdle
849887,2025-03-27,Southwell,hurdle,Feivel,3,116,225.19,-,136.02,-,133.67,-,N&L Franklin Developments Handicap Hurdle
849887,2025-03-27,Southwell,hurdle,Enjoy D'allen,4,115,214.19,-,132.86,-,130.71,-,N&L Franklin Developments Handicap Hurdle
849887,2025-03-27,Southwell,hurdle,Tigerbythetail,5,119,201.19,-,129.11,-,127.21,-,N&L Franklin Developments Handicap Hurdle
850573,2025-03-28,Wetherby,hurdle,Aazza,1,87,226.75,-,135.90,-,134.46,-,100% RacingTV Profits Back To Racing Handicap Hurdle (Div 1)
850573,2025-03-28,Wetherby,hurdle,Snowrocco,2,94,223.00,-,134.84,-,133.44,-,100% RacingTV Profits Back To Racing Handicap Hurdle (Div 1)
850573,2025-03-28,Wetherby,hurdle,Ballin Bay,3,97,221.75,-,134.48,-,133.10,-,100% RacingTV Profits Back To Racing Handicap Hurdle (Div 1)
850053,2025-03-28,Wetherby,hurdle,Queen Of Steel,1,79,260.02,-,144.62,-,142.84,-,100% RacingTV Profits Back To Racing Handicap Hurdle (Div 2)
850053,2025-03-28,Wetherby,hurdle,Rumble B,2,87,259.52,-,144.48,-,142.70,-,100% RacingTV Profits Back To Racing Handicap Hurdle (Div 2)
850053,2025-03-28,Wetherby,hurdle,Vengaboy,3,96,252.52,-,142.53,-,140.83,-,100% RacingTV Profits Back To Racing Handicap Hurdle (Div 2)
850053,2025-03-28,Wetherby,hurdle,Prince Nino,4,78,243.52,-,140.02,-,138.42,-,100% RacingTV Profits Back To Racing Handicap Hurdle (Div 2)
850053,2025-03-28,Wetherby,hurdle,Hawkseye View,5,91,241.52,-,139.46,-,137.88,-,100% RacingTV Profits Back To Racing Handicap Hurdle (Div 2)
850054,2025-03-28,Wetherby,nh_flat,Wandering Ego,1,,240.29,-,154.25,-,155.29,-,wetherbyracing.co.uk Open NH Flat Race (GBB Race)
850054,2025-03-28,Wetherby,nh_flat,Jimmy Hurdstrom,2,,232.29,-,151.16,-,152.13,-,wetherbyracing.co.uk Open NH Flat Race (GBB Race)
850054,2025-03-28,Wetherby,nh_flat,Parliamo,3,,220.29,-,146.52,-,147.41,-,wetherbyracing.co.uk Open NH Flat Race (GBB Race)
850054,2025-03-28,Wetherby,nh_flat,Just Jane,4,,212.79,-,143.62,-,144.45,-,wetherbyracing.co.uk Open NH Flat Race (GBB Race)
850214,2025-03-29,Stratford,hurdle,Pretty Punctual,8,,-9.65,12.00,54.47,63.46,51.92,62.04,Support On Course Bookmaker Day Novices' Hurdle (GBB Race)
850403,2025-03-31,Wincanton,chase,Lady Jago,1,102,243.10,140.85,139.81,111.37,137.15,111.12,We Put The Win In Wincanton Mares' Handicap Chase
850403,2025-03-31,Wincanton,chase,Minniemum,2,103,240.10,137.85,138.98,110.53,136.37,110.30,We Put The Win In Wincanton Mares' Handicap Chase
850403,2025-03-31,Wincanton,chase,So Said I,3,107,226.10,123.85,135.08,106.64,132.73,106.49,We Put The Win In Wincanton Mares' Handicap Chase
850403,2025-03-31,Wincanton,chase,Melusine De Pail,4,101,225.80,123.55,135.00,106.55,132.66,106.41,We Put The Win In Wincanton Mares' Handicap Chase
850405,2025-03-31,Wincanton,hurdle,Ellerton,1,94,208.58,121.97,135.66,107.22,135.84,107.63,You Can't Catch Me Novices' Limited Handicap Hurdle
850405,2025-03-31,Wincanton,hurdle,Jaxonne,2,88,206.83,120.22,135.09,106.64,135.27,107.02,You Can't Catch Me Novices' Limited Handicap Hurdle
850405,2025-03-31,Wincanton,hurdle,Roxhill,3,87,205.58,118.97,134.68,106.23,134.85,106.59,You Can't Catch Me Novices' Limited Handicap Hurdle
850406,2025-03-31,Wincanton,hurdle,La Dolce Dolly,1,104,213.98,105.98,130.91,101.62,130.51,101.68,Wincanton Fireworks On Sale Now Mares' Handicap Hurdle
850406,2025-03-31,Wincanton,hurdle,Pure Theatre,2,97,209.73,101.73,129.76,100.47,129.37,100.49,Wincanton Fireworks On Sale Now Mares' Handicap Hurdle
850578,2025-04-01,Fakenham,hurdle,Busy Being Busy,1,109,224.25,169.75,141.15,123.10,140.29,123.34,Weatherbys Hamilton Handicap Hurdle
850578,2025-04-01,Fakenham,hurdle,For Pleasure,2,124,219.25,164.75,139.49,121.44,138.67,121.66,Weatherbys Hamilton Handicap Hurdle
850767,2025-04-02,Exeter,hurdle,Land Afar,5,122,-12.41,-,58.52,-,57.60,-,Book Haldon Gold Cup Hospitality Novices' Selling Hurdle
849308,2025-04-03,Aintree,chase,Dorking Cock,16,125,-4.94,12.56,64.32,70.27,64.32,70.57,Randox Foxhunters' Open Hunters' Chase
849308,2025-04-03,Aintree,chase,Bothwell Bridge,17,112,-5.04,12.46,64.29,70.24,64.28,70.54,Randox Foxhunters' Open Hunters' Chase
849308,2025-04-03,Aintree,chase,Go Go Geronimo,18,109,-32.04,-14.54,55.11,61.06,55.10,61.45,Randox Foxhunters' Open Hunters' Chase
849308,2025-04-03,Aintree,chase,Famous Clermont,19,136,-39.54,-22.04,52.56,58.51,52.55,58.93,Randox Foxhunters' Open Hunters' Chase
849308,2025-04-03,Aintree,chase,Frere d'Armes,20,130,-53.54,-36.04,47.80,53.75,47.79,54.22,Randox Foxhunters' Open Hunters' Chase
849308,2025-04-03,Aintree,chase,Presentandcounting,21,122,-60.54,-43.04,45.42,51.37,45.41,51.86,Randox Foxhunters' Open Hunters' Chase
849308,2025-04-03,Aintree,chase,Ramillies,22,129,-82.54,-65.04,37.94,43.89,37.93,44.46,Randox Foxhunters' Open Hunters' Chase
850968,2025-04-03,Aintree,nh_flat,Kapability,20,113,-68.46,-52.82,33.56,39.73,29.97,37.18,Goffs Nickel Coin Mares' Standard Open NH Flat Race (Grade 2) (GBB Race)
849309,2025-04-04,Aintree,chase,Glengouly,23,144,-10.24,-13.55,63.27,62.16,63.63,62.47,Randox Supporting Prostate Cancer UK Topham Handicap Chase (Premier Handicap) (GBB Race)
851780,2025-04-05,Chepstow,hurdle,Impecunious,1,96,213.19,-,138.82,-,137.91,-,DragonBet 'Remembering John Lovell' Novices' Handicap Hurdle
851780,2025-04-05,Chepstow,hurdle,Bells Of Ufford,2,97,211.44,-,138.22,-,137.33,-,DragonBet 'Remembering John Lovell' Novices' Handicap Hurdle
851780,2025-04-05,Chepstow,hurdle,Victor Haze,3,73,211.14,-,138.11,-,137.23,-,DragonBet 'Remembering John Lovell' Novices' Handicap Hurdle
851780,2025-04-05,Chepstow,hurdle,Privilege,4,91,209.64,-,137.60,-,136.72,-,DragonBet 'Remembering John Lovell' Novices' Handicap Hurdle
851326,2025-04-05,Newcastle,nh_flat,It's Miss Marple,11,,-7.34,-50.65,57.77,40.73,56.43,36.92,Acorn Catering Equipment Open NH Flat Race (GBB Race)
852012,2025-04-10,Hereford,hurdle,Sweet Serene,6,,-2.41,-47.77,65.09,49.63,64.16,46.82,Kidwells Group Maiden Hurdle (GBB Race)
852219,2025-04-11,Ayr,hurdle,Wilful,1,121,232.52,134.43,153.92,114.01,152.50,114.63,Slater Menswear Handicap Hurdle
852219,2025-04-11,Ayr,hurdle,Kingston James,2,120,230.27,132.18,153.01,113.09,151.61,113.67,Slater Menswear Handicap Hurdle
852219,2025-04-11,Ayr,hurdle,Maghlaak,3,115,220.77,122.68,149.14,109.23,147.85,109.64,Slater Menswear Handicap Hurdle
852219,2025-04-11,Ayr,hurdle,Liari,4,126,218.52,120.43,148.23,108.31,146.96,108.68,Slater Menswear Handicap Hurdle
852219,2025-04-11,Ayr,hurdle,Ravenscraig Castle,5,108,218.32,120.23,148.15,108.23,146.88,108.60,Slater Menswear Handicap Hurdle
852219,2025-04-11,Ayr,hurdle,Lipa K,6,110,215.07,116.98,146.82,106.91,145.59,107.21,Slater Menswear Handicap Hurdle
852219,2025-04-11,Ayr,hurdle,Lario,7,125,214.32,116.23,146.52,106.60,145.29,106.90,Slater Menswear Handicap Hurdle
852219,2025-04-11,Ayr,hurdle,Sisterandbrother,8,105,213.82,115.73,146.31,106.40,145.09,106.68,Slater Menswear Handicap Hurdle
852219,2025-04-11,Ayr,hurdle,Ballyfort,9,109,213.72,115.63,146.27,106.36,145.05,106.64,Slater Menswear Handicap Hurdle
852219,2025-04-11,Ayr,hurdle,Inappropriate,10,115,210.97,112.88,145.15,105.24,143.96,105.47,Slater Menswear Handicap Hurdle
852219,2025-04-11,Ayr,hurdle,Static,11,122,207.97,109.88,143.93,104.02,142.78,104.20,Slater Menswear Handicap Hurdle
852221,2025-04-11,Ayr,hurdle,Billy Boi Blue,1,122,232.36,89.67,137.59,97.07,135.62,97.02,Get Home Safe With Thistle Cabs Handicap Hurdle
852221,2025-04-11,Ayr,hurdle,Ace Of Spades,2,125,232.16,89.47,137.53,97.01,135.56,96.96,Get Home Safe With Thistle Cabs Handicap Hurdle
852221,2025-04-11,Ayr,hurdle,Pounding Poet,3,117,232.11,89.42,137.52,96.99,135.55,96.95,Get Home Safe With Thistle Cabs Handicap Hurdle
852221,2025-04-11,Ayr,hurdle,I Am Max,4,118,230.11,87.42,136.95,96.43,135.01,96.37,Get Home Safe With Thistle Cabs Handicap Hurdle
852221,2025-04-11,Ayr,hurdle,Belvedere Blast,5,113,230.01,87.32,136.92,96.40,134.99,96.34,Get Home Safe With Thistle Cabs Handicap Hurdle
852221,2025-04-11,Ayr,hurdle,Chasingouttheblues,6,119,228.01,85.32,136.36,95.83,134.45,95.77,Get Home Safe With Thistle Cabs Handicap Hurdle
852221,2025-04-11,Ayr,hurdle,Imperial Merlin,7,125,226.51,83.82,135.93,95.40,134.04,95.33,Get Home Safe With Thistle Cabs Handicap Hurdle
852221,2025-04-11,Ayr,hurdle,Park Annonciade,8,114,217.51,74.82,133.37,92.85,131.62,92.74,Get Home Safe With Thistle Cabs Handicap Hurdle
852221,2025-04-11,Ayr,hurdle,Histrionic,9,121,200.51,57.82,128.55,88.02,127.05,87.84,Get Home Safe With Thistle Cabs Handicap Hurdle
852221,2025-04-11,Ayr,hurdle,De Kingpin,10,116,200.21,57.52,128.46,87.94,126.97,87.75,Get Home Safe With Thistle Cabs Handicap Hurdle
852222,2025-04-11,Ayr,chase,Riskintheground,1,127,220.18,102.44,140.74,100.83,138.18,100.83,Hillhouse Quarry Handicap Chase (GBB Race)
852222,2025-04-11,Ayr,chase,Will Carver,2,132,215.68,97.94,139.22,99.30,136.75,99.30,Hillhouse Quarry Handicap Chase (GBB Race)
852222,2025-04-11,Ayr,chase,Vintage Fizz,3,129,212.43,94.69,138.12,98.20,135.72,98.20,Hillhouse Quarry Handicap Chase (GBB Race)
852222,2025-04-11,Ayr,chase,Ned Tanner,4,122,209.93,92.19,137.27,97.35,134.92,97.35,Hillhouse Quarry Handicap Chase (GBB Race)
852222,2025-04-11,Ayr,chase,Crebilly,5,136,209.83,92.09,137.23,97.32,134.89,97.31,Hillhouse Quarry Handicap Chase (GBB Race)
852222,2025-04-11,Ayr,chase,Leader In The Park,6,129,207.08,89.34,136.30,96.39,134.02,96.38,Hillhouse Quarry Handicap Chase (GBB Race)
852222,2025-04-11,Ayr,chase,Sure Touch,7,137,200.58,82.84,134.10,94.18,131.95,94.17,Hillhouse Quarry Handicap Chase (GBB Race)
852224,2025-04-11,Ayr,hurdle,The Four Sixes,1,137,292.05,165.79,160.71,120.80,156.43,120.66,Coral Handicap Hurdle (GBB Race)
852224,2025-04-11,Ayr,hurdle,Florida Dreams,2,123,286.05,159.79,158.81,118.90,154.66,118.78,Coral Handicap Hurdle (GBB Race)
852224,2025-04-11,Ayr,hurdle,I Love My Baie,3,134,280.05,153.79,156.92,117.00,152.90,116.89,Coral Handicap Hurdle (GBB Race)
852224,2025-04-11,Ayr,hurdle,Phantomofthepoints,4,130,279.95,153.69,156.89,116.97,152.87,116.86,Coral Handicap Hurdle (GBB Race)
852224,2025-04-11,Ayr,hurdle,Irish Hill,5,133,277.95,151.69,156.25,116.34,152.28,116.23,Coral Handicap Hurdle (GBB Race)
852224,2025-04-11,Ayr,hurdle,Benson,6,124,274.95,148.69,155.30,115.39,151.40,115.29,Coral Handicap Hurdle (GBB Race)
852224,2025-04-11,Ayr,hurdle,Thunder Rock,7,139,268.95,142.69,153.41,113.49,149.64,113.41,Coral Handicap Hurdle (GBB Race)
852224,2025-04-11,Ayr,hurdle,Pyramid Place,8,132,259.95,133.69,150.56,110.65,147.00,110.58,Coral Handicap Hurdle (GBB Race)
852224,2025-04-11,Ayr,hurdle,Nurse Susan,9,132,243.95,117.69,145.51,105.59,142.29,105.56,Coral Handicap Hurdle (GBB Race)
852224,2025-04-11,Ayr,hurdle,Red Risk,10,141,242.20,115.94,144.95,105.04,141.78,105.01,Coral Handicap Hurdle (GBB Race)
852686,2025-04-11,Ayr,hurdle,Summergrounds,1,102,221.11,100.53,140.31,100.18,138.54,100.18,Jardine Utilities Race To Repair 'Hands & Heels' Handicap Hurdle (Conditionals/Amateurs)
852686,2025-04-11,Ayr,hurdle,Below The Radar,2,116,220.81,100.23,140.21,100.08,138.44,100.08,Jardine Utilities Race To Repair 'Hands & Heels' Handicap Hurdle (Conditionals/Amateurs)
852686,2025-04-11,Ayr,hurdle,The Jeweller's Pet,3,103,220.31,99.73,140.04,99.91,138.28,99.91,Jardine Utilities Race To Repair 'Hands & Heels' Handicap Hurdle (Conditionals/Amateurs)
852686,2025-04-11,Ayr,hurdle,Il Va De Soi,4,122,211.31,90.73,137.05,96.91,135.42,96.84,Jardine Utilities Race To Repair 'Hands & Heels' Handicap Hurdle (Conditionals/Amateurs)
852686,2025-04-11,Ayr,hurdle,Millyupdahilly,5,99,209.31,88.73,136.38,96.25,134.78,96.16,Jardine Utilities Race To Repair 'Hands & Heels' Handicap Hurdle (Conditionals/Amateurs)
852686,2025-04-11,Ayr,hurdle,Galahad Threepwood,6,101,207.56,86.98,135.80,95.67,134.22,95.56,Jardine Utilities Race To Repair 'Hands & Heels' Handicap Hurdle (Conditionals/Amateurs)
852218,2025-04-11,Sedgefield,nh_flat,Elzour,5,,-12.76,-13.22,55.71,55.53,53.20,52.99,Paxtons No1 CaseIH Dealer In UK&Ireland Open NH Flat Race (GBB Race)
852373,2025-04-12,Ayr,chase,The Other Mozzie,1,138,200.72,105.51,141.10,102.25,139.65,102.32,Scotty Brand Handicap Chase (Premier Handicap) (GBB Race)
852374,2025-04-12,Ayr,chase,Masaccio,1,146,220.84,79.33,135.55,93.92,132.98,93.95,CPMS Novices' Champion Handicap Chase (GBB Race)
852374,2025-04-12,Ayr,chase,Eyed,2,123,219.09,77.58,135.03,93.40,132.50,93.44,CPMS Novices' Champion Handicap Chase (GBB Race)
852374,2025-04-12,Ayr,chase,Theformismighty,3,128,211.59,70.08,132.83,91.20,130.46,91.25,CPMS Novices' Champion Handicap Chase (GBB Race)
850365,2025-04-12,Ayr,hurdle,Cracking Rhapsody,1,137,206.75,114.25,144.22,105.90,143.06,106.14,Coral Scottish Champion Hurdle (Limited Handicap) (Grade 2) (GBB Race)
850365,2025-04-12,Ayr,hurdle,Kabral Du Mathan,2,139,206.45,113.95,144.10,105.78,142.94,106.01,Coral Scottish Champion Hurdle (Limited Handicap) (Grade 2) (GBB Race)
850365,2025-04-12,Ayr,hurdle,Ooh Betty,3,132,206.35,113.85,144.06,105.74,142.90,105.97,Coral Scottish Champion Hurdle (Limited Handicap) (Grade 2) (GBB Race)
850365,2025-04-12,Ayr,hurdle,Dysart Enos,4,137,205.35,112.85,143.64,105.32,142.49,105.54,Coral Scottish Champion Hurdle (Limited Handicap) (Grade 2) (GBB Race)
850365,2025-04-12,Ayr,hurdle,Welsh Charger,5,130,204.85,112.35,143.44,105.11,142.29,105.32,Coral Scottish Champion Hurdle (Limited Handicap) (Grade 2) (GBB Race)
850365,2025-04-12,Ayr,hurdle,Bunting,6,139,202.60,110.10,142.51,104.18,141.38,104.35,Coral Scottish Champion Hurdle (Limited Handicap) (Grade 2) (GBB Race)
852375,2025-04-12,Ayr,hurdle,The Lord Maid,1,126,249.64,113.60,142.16,103.83,139.94,103.88,UK Greentech Glasgow Seafield Trophy Mares' Handicap Hurdle (GBB Race)
852375,2025-04-12,Ayr,hurdle,Lavida Adiva,2,126,247.64,111.60,141.59,103.27,139.41,103.31,UK Greentech Glasgow Seafield Trophy Mares' Handicap Hurdle (GBB Race)
852375,2025-04-12,Ayr,hurdle,Fox's Fancy,3,113,243.64,107.60,140.47,102.14,138.34,102.17,UK Greentech Glasgow Seafield Trophy Mares' Handicap Hurdle (GBB Race)
852375,2025-04-12,Ayr,hurdle,Rockola Vogue,4,115,240.64,104.60,139.62,101.30,137.54,101.31,UK Greentech Glasgow Seafield Trophy Mares' Handicap Hurdle (GBB Race)
852375,2025-04-12,Ayr,hurdle,Armed And Fabulous,5,117,240.54,104.50,139.59,101.27,137.51,101.28,UK Greentech Glasgow Seafield Trophy Mares' Handicap Hurdle (GBB Race)
852375,2025-04-12,Ayr,hurdle,Ruby Island,6,118,238.79,102.75,139.10,100.78,137.05,100.78,UK Greentech Glasgow Seafield Trophy Mares' Handicap Hurdle (GBB Race)
852375,2025-04-12,Ayr,hurdle,My Lady Elektra,7,95,238.74,102.70,139.08,100.76,137.03,100.77,UK Greentech Glasgow Seafield Trophy Mares' Handicap Hurdle (GBB Race)
852376,2025-04-12,Ayr,hurdle,Quebecois,1,131,222.73,76.81,135.01,93.39,133.18,93.27,Stagecoach We've Got You Novices' Handicap Hurdle (GBB Race)
852376,2025-04-12,Ayr,hurdle,Jump Allen,2,128,217.98,72.06,133.66,92.03,131.89,91.89,Stagecoach We've Got You Novices' Handicap Hurdle (GBB Race)
852376,2025-04-12,Ayr,hurdle,Baratablet,3,110,214.48,68.56,132.66,91.03,130.95,90.88,Stagecoach We've Got You Novices' Handicap Hurdle (GBB Race)
852376,2025-04-12,Ayr,hurdle,C'est Ta Chance,4,135,213.73,67.81,132.45,90.82,130.74,90.66,Stagecoach We've Got You Novices' Handicap Hurdle (GBB Race)
852378,2025-04-12,Ayr,nh_flat,Dysart Dolomite,1,,232.32,138.16,153.85,115.53,152.43,116.17,BrandingHub For Signs & Graphics Open NH Flat Race (GBB Race)
852378,2025-04-12,Ayr,nh_flat,Spreadsheet Guru,2,,228.82,134.66,152.43,114.11,151.05,114.69,BrandingHub For Signs & Graphics Open NH Flat Race (GBB Race)
852378,2025-04-12,Ayr,nh_flat,Driftwood Bounty,3,,227.82,133.66,152.02,113.70,150.65,114.26,BrandingHub For Signs & Graphics Open NH Flat Race (GBB Race)
852378,2025-04-12,Ayr,nh_flat,Kalkbrenner,4,,226.82,132.66,151.61,113.29,150.25,113.84,BrandingHub For Signs & Graphics Open NH Flat Race (GBB Race)
852378,2025-04-12,Ayr,nh_flat,Crossgales King,5,102,225.82,131.66,151.21,112.88,149.86,113.41,BrandingHub For Signs & Graphics Open NH Flat Race (GBB Race)
852378,2025-04-12,Ayr,nh_flat,Sutherland,6,,218.32,124.16,148.16,109.83,146.89,110.24,BrandingHub For Signs & Graphics Open NH Flat Race (GBB Race)
852378,2025-04-12,Ayr,nh_flat,Beyond The Verge,7,,209.32,115.16,144.49,106.17,143.32,106.42,BrandingHub For Signs & Graphics Open NH Flat Race (GBB Race)
852378,2025-04-12,Ayr,nh_flat,Moira My Love,8,,203.82,109.66,142.25,103.93,141.14,104.09,BrandingHub For Signs & Graphics Open NH Flat Race (GBB Race)
853084,2025-04-13,Stratford,hurdle,Silk Bird,6,,-9.13,2.70,55.49,60.32,53.00,58.46,Total Catering Solutions Celebrating 20 Years Mares' Maiden Hurdle (GBB Race)
853085,2025-04-13,Stratford,chase,Martalmix'jac,3,85,-5.31,10.46,72.42,76.55,72.74,76.98,Racecourse Streams On Racing TV Extra Handicap Chase
852694,2025-04-15,Southwell,chase,Fever Dream,1,97,-0.46,-,67.60,-,69.60,-,Grace And Dotty Fedora's And Feathers Handicap Chase
852694,2025-04-15,Southwell,chase,Dysania,2,69,-2.46,-,66.96,-,69.00,-,Grace And Dotty Fedora's And Feathers Handicap Chase
852694,2025-04-15,Southwell,chase,Mistertommyshelby,3,64,-2.76,-,66.86,-,68.91,-,Grace And Dotty Fedora's And Feathers Handicap Chase
852694,2025-04-15,Southwell,chase,Big Bee Hive,4,94,-3.51,-,66.62,-,68.68,-,Grace And Dotty Fedora's And Feathers Handicap Chase
852694,2025-04-15,Southwell,chase,Cloudy Wednesday,5,85,-16.51,-,62.43,-,64.75,-,Grace And Dotty Fedora's And Feathers Handicap Chase
852695,2025-04-15,Southwell,chase,Pep Talking,1,98,-28.90,-,51.01,-,52.27,-,Join Southwell Golf Club Handicap Chase
852695,2025-04-15,Southwell,chase,We Got Your Back,2,87,-29.90,-,50.63,-,51.90,-,Join Southwell Golf Club Handicap Chase
852695,2025-04-15,Southwell,chase,Ensel Du Perche,3,86,-41.90,-,46.07,-,47.45,-,Join Southwell Golf Club Handicap Chase
852695,2025-04-15,Southwell,chase,Small Town Hero,4,80,-43.40,-,45.50,-,46.90,-,Join Southwell Golf Club Handicap Chase
852695,2025-04-15,Southwell,chase,Coolmoyne,5,83,-47.15,-,44.07,-,45.51,-,Join Southwell Golf Club Handicap Chase
852698,2025-04-15,Southwell,hurdle,Zacony Rebel,7,105,-6.43,-,66.38,-,68.45,-,Bloomfields Horseboxes Handicap Hurdle
852699,2025-04-15,Southwell,hurdle,Marengo Bay,3,86,-19.45,-,61.59,-,63.96,-,Play At The Races StableDuel Conditional Jockeys' Novices' Handicap Hurdle
852699,2025-04-15,Southwell,hurdle,Jumble Jury,4,77,-26.45,-,59.34,-,61.85,-,Play At The Races StableDuel Conditional Jockeys' Novices' Handicap Hurdle
852699,2025-04-15,Southwell,hurdle,Dublin To Milan,5,91,-39.45,-,55.16,-,57.93,-,Play At The Races StableDuel Conditional Jockeys' Novices' Handicap Hurdle
853410,2025-04-19,Newton Abbot,hurdle,Walk On High,1,115,-25.77,56.99,51.00,83.24,48.32,83.31,Welcome To Easter Raceday 'National Hunt' Maiden Hurdle (GBB Race)
853410,2025-04-19,Newton Abbot,hurdle,Southfield Finale,2,,-29.27,53.49,49.63,81.88,46.88,81.95,Welcome To Easter Raceday 'National Hunt' Maiden Hurdle (GBB Race)
853410,2025-04-19,Newton Abbot,hurdle,Loki's Mischief,3,101,-34.77,47.99,47.49,79.73,44.62,79.82,Welcome To Easter Raceday 'National Hunt' Maiden Hurdle (GBB Race)
853410,2025-04-19,Newton Abbot,hurdle,Barford Groover,4,,-53.77,28.99,40.09,72.33,36.81,72.45,Welcome To Easter Raceday 'National Hunt' Maiden Hurdle (GBB Race)
853410,2025-04-19,Newton Abbot,hurdle,Sea Thrift,5,,-58.27,24.49,38.33,70.58,34.96,70.70,Welcome To Easter Raceday 'National Hunt' Maiden Hurdle (GBB Race)
853410,2025-04-19,Newton Abbot,hurdle,Chique Angel,6,,-60.77,21.99,37.36,69.60,33.94,69.73,Welcome To Easter Raceday 'National Hunt' Maiden Hurdle (GBB Race)
853410,2025-04-19,Newton Abbot,hurdle,Lantic Bay,7,,-60.97,21.79,37.28,69.52,33.86,69.65,Welcome To Easter Raceday 'National Hunt' Maiden Hurdle (GBB Race)
853410,2025-04-19,Newton Abbot,hurdle,Gorcombe And Wise,8,,-87.97,-5.21,26.76,59.00,22.76,59.18,Welcome To Easter Raceday 'National Hunt' Maiden Hurdle (GBB Race)
853410,2025-04-19,Newton Abbot,hurdle,Daisy Me Rollin,9,,-88.27,-5.51,26.64,58.89,22.64,59.06,Welcome To Easter Raceday 'National Hunt' Maiden Hurdle (GBB Race)
853411,2025-04-19,Newton Abbot,hurdle,Goddess Afrana,4,88,-25.45,75.07,58.22,91.70,57.08,91.95,Tribute Novices' Limited Handicap Hurdle
853412,2025-04-19,Newton Abbot,chase,Time To Bite,5,99,-3.64,93.21,64.17,97.65,63.78,97.76,Trojan Motor Company And Instant Justice Handicap Chase
853412,2025-04-19,Newton Abbot,chase,Lady Pretender,6,93,-24.64,72.21,56.92,90.39,56.44,90.83,Trojan Motor Company And Instant Justice Handicap Chase
853413,2025-04-19,Newton Abbot,hurdle,Organic,7,87,-37.57,40.60,41.48,74.73,39.40,75.31,Thatchers Handicap Hurdle
853453,2025-04-19,Carlisle,hurdle,Kilmore Rock,1,107,226.44,151.54,135.30,114.39,133.24,114.03,Bell & Plate 25th June Handicap Hurdle
853453,2025-04-19,Carlisle,hurdle,Cruden,2,111,226.39,151.49,135.28,114.37,133.23,114.02,Bell & Plate 25th June Handicap Hurdle
853453,2025-04-19,Carlisle,hurdle,Forged Well,3,110,222.64,147.74,134.24,113.33,132.24,112.99,Bell & Plate 25th June Handicap Hurdle
853453,2025-04-19,Carlisle,hurdle,Hurricane Ali,4,118,202.64,127.74,128.65,107.74,126.98,107.55,Bell & Plate 25th June Handicap Hurdle
853415,2025-04-19,Newton Abbot,chase,Puddlesinthepark,1,87,-19.14,92.25,65.51,97.76,65.84,97.89,Happy Easter Handicap Chase
853415,2025-04-19,Newton Abbot,chase,Janeslittlevoice,2,74,-25.64,85.75,63.63,95.88,63.98,96.13,Happy Easter Handicap Chase
853415,2025-04-19,Newton Abbot,chase,Firefly Lane,3,75,-44.64,66.75,58.13,90.38,58.53,90.97,Happy Easter Handicap Chase
853415,2025-04-19,Newton Abbot,chase,Lightonthewing,4,85,-45.39,66.00,57.91,90.16,58.31,90.76,Happy Easter Handicap Chase
853415,2025-04-19,Newton Abbot,chase,Jikala,5,82,-46.39,65.00,57.62,89.87,58.03,90.49,Happy Easter Handicap Chase
853415,2025-04-19,Newton Abbot,chase,Williamdeconqueror,6,77,-47.39,64.00,57.33,89.58,57.74,90.22,Happy Easter Handicap Chase
853416,2025-04-19,Newton Abbot,hurdle,Moonset,1,112,-32.88,83.91,63.31,95.56,62.73,95.73,St. Austell Brewery Handicap Hurdle
853416,2025-04-19,Newton Abbot,hurdle,Coconut Twist,2,108,-33.63,83.16,63.11,95.35,62.51,95.53,St. Austell Brewery Handicap Hurdle
853416,2025-04-19,Newton Abbot,hurdle,Christopher Wood,3,118,-39.13,77.66,61.59,93.83,60.97,94.07,St. Austell Brewery Handicap Hurdle
853416,2025-04-19,Newton Abbot,hurdle,Striking A Pose,4,112,-39.63,77.16,61.45,93.69,60.83,93.94,St. Austell Brewery Handicap Hurdle
853416,2025-04-19,Newton Abbot,hurdle,Copshill Lad,5,108,-49.63,67.16,58.69,90.93,58.03,91.28,St. Austell Brewery Handicap Hurdle
853611,2025-04-21,Chepstow,hurdle,The Magus,1,100,205.35,-,136.29,-,135.45,-,Tip Top Lavish Latrine Handicap Hurdle
853611,2025-04-21,Chepstow,hurdle,Geezer Rockstar,2,113,205.15,-,136.23,-,135.38,-,Tip Top Lavish Latrine Handicap Hurdle
853611,2025-04-21,Chepstow,hurdle,See The Green,3,105,200.15,-,134.50,-,133.70,-,Tip Top Lavish Latrine Handicap Hurdle
853611,2025-04-21,Chepstow,hurdle,Speiriuil,4,103,200.05,-,134.47,-,133.66,-,Tip Top Lavish Latrine Handicap Hurdle
853569,2025-04-21,Fakenham,chase,Scottsdale,5,64,-13.81,-,65.36,-,66.16,-,Aldiss Handicap Chase
854476,2025-04-23,Perth,hurdle,Theatre Light,7,,-26.56,-,56.51,-,56.36,-,Welcome To The Perth Festival Maiden Hurdle (GBB Race)
853959,2025-04-23,Perth,hurdle,Henrysbrotherjack,1,96,-2.14,-,68.68,-,68.62,-,Bedmax Amateur Jockeys' Handicap Hurdle (Div 1)
853959,2025-04-23,Perth,hurdle,Maggies Boy,2,98,-3.39,-,68.29,-,68.23,-,Bedmax Amateur Jockeys' Handicap Hurdle (Div 1)
853959,2025-04-23,Perth,hurdle,Wee Alki,3,93,-8.89,-,66.61,-,66.54,-,Bedmax Amateur Jockeys' Handicap Hurdle (Div 1)
853959,2025-04-23,Perth,hurdle,Bollin Neil,4,102,-10.89,-,65.99,-,65.93,-,Bedmax Amateur Jockeys' Handicap Hurdle (Div 1)
853959,2025-04-23,Perth,hurdle,Shuil Ceoil,5,102,-18.89,-,63.54,-,63.47,-,Bedmax Amateur Jockeys' Handicap Hurdle (Div 1)
853959,2025-04-23,Perth,hurdle,Maillot Blanc,6,95,-19.09,-,63.48,-,63.41,-,Bedmax Amateur Jockeys' Handicap Hurdle (Div 1)
853959,2025-04-23,Perth,hurdle,Topkapi Star,7,91,-19.39,-,63.39,-,63.32,-,Bedmax Amateur Jockeys' Handicap Hurdle (Div 1)
853959,2025-04-23,Perth,hurdle,Euchan Falls,8,79,-22.89,-,62.31,-,62.24,-,Bedmax Amateur Jockeys' Handicap Hurdle (Div 1)
853959,2025-04-23,Perth,hurdle,Deadheat,9,95,-27.89,-,60.78,-,60.70,-,Bedmax Amateur Jockeys' Handicap Hurdle (Div 1)
853959,2025-04-23,Perth,hurdle,Shantou Lucky,10,85,-33.89,-,58.94,-,58.86,-,Bedmax Amateur Jockeys' Handicap Hurdle (Div 1)
853960,2025-04-23,Perth,hurdle,Beat The Retreat,5,88,-14.89,-,65.21,-,65.14,-,Bedmax Amateur Jockeys' Handicap Hurdle (Div 2)
853960,2025-04-23,Perth,hurdle,Rascal,6,99,-15.64,-,64.98,-,64.91,-,Bedmax Amateur Jockeys' Handicap Hurdle (Div 2)
854673,2025-04-24,Bangor-on-Dee,hurdle,Another Pearl,5,,-1.78,43.12,63.64,79.68,62.29,79.52,Bangor-On-Dee Gents Evening Novices' Hurdle (GBB Race)
854673,2025-04-24,Bangor-on-Dee,hurdle,Off To Alabama,6,,-6.53,38.37,61.94,77.98,60.53,77.81,Bangor-On-Dee Gents Evening Novices' Hurdle (GBB Race)
854673,2025-04-24,Bangor-on-Dee,hurdle,Star Of Hoiho,7,,-6.83,38.07,61.83,77.88,60.42,77.70,Bangor-On-Dee Gents Evening Novices' Hurdle (GBB Race)
854673,2025-04-24,Bangor-on-Dee,hurdle,King Gris,8,,-49.83,-4.93,46.47,62.51,44.49,62.22,Bangor-On-Dee Gents Evening Novices' Hurdle (GBB Race)
854177,2025-04-24,Bangor-on-Dee,hurdle,Edmond,8,87,-7.13,50.29,67.12,84.74,66.75,85.03,Horse PWR Novices' Handicap Hurdle
854181,2025-04-24,Bangor-on-Dee,hurdle,Alshadhian,5,91,-21.32,23.68,56.76,72.80,55.16,72.59,Family Day Saturday 17th May Handicap Hurdle (Div 2)
854304,2025-04-25,Perth,chase,Heard That,1,115,-0.63,-,68.50,-,68.94,-,Alastair Down Novices' Handicap Chase (GBB Race)
854304,2025-04-25,Perth,chase,Olivers Travels,2,122,-1.38,-,68.27,-,68.71,-,Alastair Down Novices' Handicap Chase (GBB Race)
854304,2025-04-25,Perth,chase,One More Stroke,3,113,-1.58,-,68.20,-,68.64,-,Alastair Down Novices' Handicap Chase (GBB Race)
854304,2025-04-25,Perth,chase,Kandor,4,112,-2.33,-,67.97,-,68.41,-,Alastair Down Novices' Handicap Chase (GBB Race)
854304,2025-04-25,Perth,chase,Wal Buck's,5,113,-8.33,-,66.09,-,66.56,-,Alastair Down Novices' Handicap Chase (GBB Race)
854304,2025-04-25,Perth,chase,Half Track,6,102,-8.38,-,66.07,-,66.55,-,Alastair Down Novices' Handicap Chase (GBB Race)
854763,2025-04-25,Chepstow,hurdle,Lieutenant Mayne,1,122,217.14,-,140.08,-,139.14,-,Dunraven Windows Novices' Hurdle (GBB Race)
854763,2025-04-25,Chepstow,hurdle,Kdeux Saint Fray,2,,214.39,-,139.14,-,138.22,-,Dunraven Windows Novices' Hurdle (GBB Race)
854308,2025-04-25,Perth,nh_flat,Uncle Al,13,,-54.03,-,35.79,-,33.33,-,Goodbye Charlo Thanks For Everything Open NH Flat Race (GBB Race)
854289,2025-04-25,Chepstow,chase,Ghost Hunter,1,105,232.80,-,136.02,-,133.25,-,Sun Trade Windows Handicap Chase (GBB Race)
854289,2025-04-25,Chepstow,chase,Mythe Bridge,2,100,228.80,-,134.94,-,132.25,-,Sun Trade Windows Handicap Chase (GBB Race)
854289,2025-04-25,Chepstow,chase,Fortunefavorsdbold,3,100,225.80,-,134.13,-,131.50,-,Sun Trade Windows Handicap Chase (GBB Race)
854289,2025-04-25,Chepstow,chase,Gats And Co,4,117,225.70,-,134.10,-,131.48,-,Sun Trade Windows Handicap Chase (GBB Race)
854289,2025-04-25,Chepstow,chase,Stellar Stream,5,105,223.45,-,133.49,-,130.91,-,Sun Trade Windows Handicap Chase (GBB Race)
854289,2025-04-25,Chepstow,chase,Enjoy Your Life,6,112,217.45,-,131.86,-,129.41,-,Sun Trade Windows Handicap Chase (GBB Race)
855037,2025-04-26,Sandown,hurdle,Give It To Me Oj,1,137,245.49,-,160.29,-,157.19,-,bet365 Novices' Championship Final Handicap Hurdle (GBB Race)
855037,2025-04-26,Sandown,hurdle,Mythical Moon,2,120,244.74,-,159.98,-,156.90,-,bet365 Novices' Championship Final Handicap Hurdle (GBB Race)
855037,2025-04-26,Sandown,hurdle,Fasol,3,115,240.49,-,158.22,-,155.23,-,bet365 Novices' Championship Final Handicap Hurdle (GBB Race)
855037,2025-04-26,Sandown,hurdle,Serious Challenge,4,128,237.99,-,157.19,-,154.24,-,bet365 Novices' Championship Final Handicap Hurdle (GBB Race)
855037,2025-04-26,Sandown,hurdle,Quantock Hills,5,123,237.94,-,157.16,-,154.22,-,bet365 Novices' Championship Final Handicap Hurdle (GBB Race)
855037,2025-04-26,Sandown,hurdle,St Pancras,6,130,236.44,-,156.54,-,153.63,-,bet365 Novices' Championship Final Handicap Hurdle (GBB Race)
855037,2025-04-26,Sandown,hurdle,We're Red And Blue,7,120,234.69,-,155.82,-,152.95,-,bet365 Novices' Championship Final Handicap Hurdle (GBB Race)
855037,2025-04-26,Sandown,hurdle,Nardaran,8,116,230.44,-,154.06,-,151.28,-,bet365 Novices' Championship Final Handicap Hurdle (GBB Race)
855037,2025-04-26,Sandown,hurdle,Sorceleur,9,118,229.94,-,153.85,-,151.08,-,bet365 Novices' Championship Final Handicap Hurdle (GBB Race)
855037,2025-04-26,Sandown,hurdle,Kientzheim,10,120,228.19,-,153.12,-,150.39,-,bet365 Novices' Championship Final Handicap Hurdle (GBB Race)
855037,2025-04-26,Sandown,hurdle,HMS President,11,123,225.94,-,152.19,-,149.51,-,bet365 Novices' Championship Final Handicap Hurdle (GBB Race)
855037,2025-04-26,Sandown,hurdle,John Barbour,12,116,224.44,-,151.57,-,148.92,-,bet365 Novices' Championship Final Handicap Hurdle (GBB Race)
854537,2025-04-26,Sandown,hurdle,Jump Allen,1,128,277.52,-,160.80,-,156.44,-,bet365 Handicap Hurdle (GBB Race)
854537,2025-04-26,Sandown,hurdle,Mostly Sunny,2,109,276.27,-,160.37,-,156.05,-,bet365 Handicap Hurdle (GBB Race)
854537,2025-04-26,Sandown,hurdle,King Alexander,3,135,275.97,-,160.27,-,155.95,-,bet365 Handicap Hurdle (GBB Race)
854537,2025-04-26,Sandown,hurdle,Ike Sport,4,128,273.47,-,159.41,-,155.16,-,bet365 Handicap Hurdle (GBB Race)
854537,2025-04-26,Sandown,hurdle,Peacenik,5,124,272.22,-,158.98,-,154.76,-,bet365 Handicap Hurdle (GBB Race)
854537,2025-04-26,Sandown,hurdle,Got Grey,6,113,268.97,-,157.87,-,153.73,-,bet365 Handicap Hurdle (GBB Race)
854537,2025-04-26,Sandown,hurdle,Electric Mason,7,130,266.47,-,157.01,-,152.93,-,bet365 Handicap Hurdle (GBB Race)
854537,2025-04-26,Sandown,hurdle,Push The Button,8,135,265.22,-,156.59,-,152.53,-,bet365 Handicap Hurdle (GBB Race)
854537,2025-04-26,Sandown,hurdle,Dr Eggman,9,133,258.22,-,154.19,-,150.31,-,bet365 Handicap Hurdle (GBB Race)
854537,2025-04-26,Sandown,hurdle,Bunting,10,138,256.72,-,153.68,-,149.83,-,bet365 Handicap Hurdle (GBB Race)
855460,2025-05-02,Cheltenham,chase,For One Night Only,8,,-0.22,2.02,72.47,73.08,73.36,73.98,Venatour Sports Travel Intermediate Point-To-Point Hunters' Chase
855732,2025-05-03,Hexham,chase,Ribeye,4,92,-0.64,-,61.31,-,63.14,-,Neigh Way Laura Stewart's 60 Handicap Chase
855732,2025-05-03,Hexham,chase,Glentruan,5,89,-2.89,-,60.45,-,62.32,-,Neigh Way Laura Stewart's 60 Handicap Chase
855732,2025-05-03,Hexham,chase,Ebony Jade,6,86,-6.89,-,58.91,-,60.86,-,Neigh Way Laura Stewart's 60 Handicap Chase
855732,2025-05-03,Hexham,chase,Divas Doyen,7,87,-11.89,-,56.99,-,59.02,-,Neigh Way Laura Stewart's 60 Handicap Chase
855732,2025-05-03,Hexham,chase,Derracrin,8,69,-12.89,-,56.61,-,58.66,-,Neigh Way Laura Stewart's 60 Handicap Chase
855732,2025-05-03,Hexham,chase,Top Of The Bay,9,97,-29.89,-,50.07,-,52.43,-,Neigh Way Laura Stewart's 60 Handicap Chase
855733,2025-05-03,Hexham,chase,Kicksaftersix,1,85,-16.32,-,61.03,-,64.38,-,Harry Douglas Estate Agency Handicap Chase
855733,2025-05-03,Hexham,chase,Community Rebel,2,96,-19.32,-,60.03,-,63.46,-,Harry Douglas Estate Agency Handicap Chase
855733,2025-05-03,Hexham,chase,C'Est Quelqu'un,3,94,-20.32,-,59.69,-,63.15,-,Harry Douglas Estate Agency Handicap Chase
855733,2025-05-03,Hexham,chase,Rob Roy Macgregor,4,86,-21.57,-,59.27,-,62.77,-,Harry Douglas Estate Agency Handicap Chase
855733,2025-05-03,Hexham,chase,Muroor,5,69,-21.87,-,59.17,-,62.68,-,Harry Douglas Estate Agency Handicap Chase
855733,2025-05-03,Hexham,chase,Lights Are Green,6,94,-37.87,-,53.81,-,57.78,-,Harry Douglas Estate Agency Handicap Chase
855733,2025-05-03,Hexham,chase,Couldbeaweapon,7,87,-43.87,-,51.80,-,55.94,-,Harry Douglas Estate Agency Handicap Chase
855733,2025-05-03,Hexham,chase,Super Citizen,8,100,-101.87,-,32.38,-,38.17,-,Harry Douglas Estate Agency Handicap Chase
855742,2025-05-03,Uttoxeter,hurdle,Whyzzat,9,76,-9.45,-,50.31,-,49.41,-,Birrificio Angelo Poretti Handicap Hurdle (Div 1)
855734,2025-05-03,Hexham,hurdle,My Friend Yeats,6,105,-9.37,-,64.43,-,66.16,-,Greenhead Hotel Handicap Hurdle (Div 1)
855735,2025-05-03,Hexham,hurdle,Robert d'Ores,1,87,-17.76,-,60.50,-,62.42,-,Greenhead Hotel Handicap Hurdle (Div 2)
855735,2025-05-03,Hexham,hurdle,Dreamings Free,2,75,-19.51,-,59.91,-,61.86,-,Greenhead Hotel Handicap Hurdle (Div 2)
855735,2025-05-03,Hexham,hurdle,Tarbat Ness,3,99,-20.01,-,59.75,-,61.70,-,Greenhead Hotel Handicap Hurdle (Div 2)
855735,2025-05-03,Hexham,hurdle,Iturgeon Du Breuil,4,71,-24.26,-,58.32,-,60.35,-,Greenhead Hotel Handicap Hurdle (Div 2)
855735,2025-05-03,Hexham,hurdle,Mademewhatiam,5,80,-29.01,-,56.73,-,58.83,-,Greenhead Hotel Handicap Hurdle (Div 2)
855735,2025-05-03,Hexham,hurdle,King Casey,6,90,-30.26,-,56.31,-,58.43,-,Greenhead Hotel Handicap Hurdle (Div 2)
855735,2025-05-03,Hexham,hurdle,Blame Rose,7,93,-33.26,-,55.30,-,57.48,-,Greenhead Hotel Handicap Hurdle (Div 2)
855735,2025-05-03,Hexham,hurdle,Express Run,8,101,-38.26,-,53.62,-,55.88,-,Greenhead Hotel Handicap Hurdle (Div 2)
855735,2025-05-03,Hexham,hurdle,Tees Comp's Clive,9,90,-57.26,-,47.25,-,49.82,-,Greenhead Hotel Handicap Hurdle (Div 2)
856052,2025-05-06,Ffos Las,hurdle,Golan Loop,1,107,210.63,-,135.00,-,133.24,-,DragonBet Born From The Betting Ring Novices' Hurdle (GBB Race)
856044,2025-05-06,Fakenham,chase,Stans The Man,1,115,209.12,-,127.66,-,125.01,-,Norfolk National Handicap Chase (GBB Race)
856044,2025-05-06,Fakenham,chase,My Gift To You,2,113,208.12,-,127.40,-,124.78,-,Norfolk National Handicap Chase (GBB Race)
856044,2025-05-06,Fakenham,chase,Fever Dream,3,103,204.12,-,126.39,-,123.87,-,Norfolk National Handicap Chase (GBB Race)
856208,2025-05-07,Kelso,hurdle,He's A Diamond,6,,-0.24,-44.91,66.72,51.89,66.09,49.66,Strawmax Novices' Hurdle (GBB Race)
856449,2025-05-08,Stratford,hurdle,Therapist,1,110,-3.36,54.07,54.68,79.86,52.14,79.67,4 X 4 tyres.co.uk Mares' Handicap Hurdle
856449,2025-05-08,Stratford,hurdle,Crystal Glance,2,103,-3.86,53.57,54.46,79.64,51.91,79.45,4 X 4 tyres.co.uk Mares' Handicap Hurdle
856449,2025-05-08,Stratford,hurdle,Princess T,3,108,-12.86,44.57,50.52,75.70,47.75,75.47,4 X 4 tyres.co.uk Mares' Handicap Hurdle
856450,2025-05-08,Stratford,hurdle,Fully Gaden,6,,-28.61,34.51,46.88,72.95,43.91,72.74,Agco Ltd Backs British Farming Novices' Hurdle (GBB Race)
856451,2025-05-08,Stratford,hurdle,Make Sunshine,3,92,-0.11,77.27,67.42,92.60,66.84,92.79,Solidcam UK Partner Novices' Limited Handicap Hurdle (Div 1)
856452,2025-05-08,Stratford,hurdle,Penthouse Poppet,3,77,-7.13,69.96,65.01,90.19,64.38,90.44,Farmers Fresh Ltd Novices' Limited Handicap Hurdle (Div 2)
856452,2025-05-08,Stratford,hurdle,Remember Moi,4,91,-8.63,68.46,64.52,89.70,63.88,89.96,Farmers Fresh Ltd Novices' Limited Handicap Hurdle (Div 2)
856454,2025-05-08,Stratford,hurdle,Raby Mere,3,86,-6.50,63.64,60.42,86.49,58.47,86.47,Stratford Remembers VE Day Handicap Hurdle
856454,2025-05-08,Stratford,hurdle,My Bobby's Lass,4,90,-38.50,31.64,48.53,74.60,45.99,74.55,Stratford Remembers VE Day Handicap Hurdle
856454,2025-05-08,Stratford,hurdle,Colonial Empire,5,104,-45.50,24.64,45.93,72.00,43.26,71.95,Stratford Remembers VE Day Handicap Hurdle
856687,2025-05-09,Market Rasen,chase,Giovanni Change,1,105,239.74,-,140.86,-,138.13,-,Chris Coley BEM Celebration Handicap Chase (GBB Race)
856687,2025-05-09,Market Rasen,chase,Can't Beat History,2,114,234.74,-,139.40,-,136.77,-,Chris Coley BEM Celebration Handicap Chase (GBB Race)
856687,2025-05-09,Market Rasen,chase,Hidden Heroics,3,122,221.74,-,135.60,-,133.22,-,Chris Coley BEM Celebration Handicap Chase (GBB Race)
856687,2025-05-09,Market Rasen,chase,Ajp Kingdom,4,120,219.49,-,134.94,-,132.61,-,Chris Coley BEM Celebration Handicap Chase (GBB Race)
856674,2025-05-09,Hereford,hurdle,Musique De Fee,1,113,232.34,130.43,134.34,107.90,134.01,108.19,DragonBet Oncourse Values Online Mares' Handicap Hurdle
856674,2025-05-09,Hereford,hurdle,Shorten Sassy,2,89,222.34,120.43,131.75,105.30,131.44,105.50,DragonBet Oncourse Values Online Mares' Handicap Hurdle
856674,2025-05-09,Hereford,hurdle,Could Be Trouble,3,111,214.34,112.43,129.67,103.23,129.38,103.35,DragonBet Oncourse Values Online Mares' Handicap Hurdle
856805,2025-05-10,Warwick,chase,Fromposttopillar,3,69,-26.25,-25.59,54.88,55.12,54.91,55.16,Valley Beginners' Chase (GBB Race)
856826,2025-05-11,Plumpton,hurdle,Turpin Gold,1,86,-344.73,-,-184.32,-,-195.57,-,Aine Mellett 40th Birthday Handicap Hurdle
856826,2025-05-11,Plumpton,hurdle,Goodwin Face,2,93,-345.23,-,-184.64,-,-195.90,-,Aine Mellett 40th Birthday Handicap Hurdle
856826,2025-05-11,Plumpton,hurdle,Prince Quattro,3,100,-346.48,-,-185.44,-,-196.73,-,Aine Mellett 40th Birthday Handicap Hurdle
856826,2025-05-11,Plumpton,hurdle,Legendary Day,4,100,-351.23,-,-188.48,-,-199.89,-,Aine Mellett 40th Birthday Handicap Hurdle
856826,2025-05-11,Plumpton,hurdle,Lusso Milan,5,84,-355.23,-,-191.04,-,-202.54,-,Aine Mellett 40th Birthday Handicap Hurdle
856826,2025-05-11,Plumpton,hurdle,Hill Station,6,82,-364.73,-,-197.11,-,-208.86,-,Aine Mellett 40th Birthday Handicap Hurdle
857823,2025-05-13,Worcester,hurdle,Kap De Triomphe,8,90,-12.53,-6.95,60.72,62.66,60.61,62.69,Worcester Racecourse Ladies Day 7th June Handicap Hurdle (Div 2)
857151,2025-05-13,Sedgefield,chase,Jackpot Cash,1,106,239.93,102.43,143.33,100.75,142.77,100.80,betvickers.com Handicap Chase (GBB Race)
857148,2025-05-13,Sedgefield,hurdle,Celestial Reign,1,,223.90,86.93,139.20,95.86,140.47,95.37,Canine Premier Flex Plus Joint Supplement Maiden Hurdle (GBB Race)
857148,2025-05-13,Sedgefield,hurdle,Solent Gateway,2,107,223.15,86.18,138.96,95.63,140.22,95.10,Canine Premier Flex Plus Joint Supplement Maiden Hurdle (GBB Race)
857148,2025-05-13,Sedgefield,hurdle,Vanilla Dancer,3,94,214.15,77.18,136.11,92.78,137.28,91.92,Canine Premier Flex Plus Joint Supplement Maiden Hurdle (GBB Race)
857149,2025-05-13,Sedgefield,chase,Delpotro,1,97,222.34,112.63,147.48,104.90,147.86,105.34,Sprayclad UK NE Handicap Chase
857149,2025-05-13,Sedgefield,chase,Clean Getaway,2,97,214.84,105.13,144.57,101.99,144.92,102.17,Sprayclad UK NE Handicap Chase
857149,2025-05-13,Sedgefield,chase,Conquer The Breeze,3,79,208.34,98.63,142.05,99.47,142.38,99.42,Sprayclad UK NE Handicap Chase
857149,2025-05-13,Sedgefield,chase,Fearless Action,4,94,204.09,94.38,140.40,97.82,140.72,97.63,Sprayclad UK NE Handicap Chase
857150,2025-05-13,Sedgefield,hurdle,Janworth,1,89,252.62,115.83,147.51,104.93,149.05,105.51,Fairlight Studio New Beginnings For Spring Mares' Handicap Hurdle
857150,2025-05-13,Sedgefield,hurdle,Lillistar,2,78,251.37,114.58,147.12,104.54,148.65,105.07,Fairlight Studio New Beginnings For Spring Mares' Handicap Hurdle
857150,2025-05-13,Sedgefield,hurdle,Feach Amach,3,101,244.37,107.58,144.94,102.36,146.40,102.64,Fairlight Studio New Beginnings For Spring Mares' Handicap Hurdle
857150,2025-05-13,Sedgefield,hurdle,Laravie,4,102,243.87,107.08,144.78,102.20,146.24,102.46,Fairlight Studio New Beginnings For Spring Mares' Handicap Hurdle
857150,2025-05-13,Sedgefield,hurdle,Suitably Surprised,5,86,238.37,101.58,143.07,100.49,144.47,100.55,Fairlight Studio New Beginnings For Spring Mares' Handicap Hurdle
857152,2025-05-13,Sedgefield,hurdle,Addosh,1,95,217.35,97.93,142.58,99.25,144.90,99.14,Visit The New betvickers.com Website Handicap Hurdle
857152,2025-05-13,Sedgefield,hurdle,Jet Patrol,2,84,214.60,95.18,141.58,98.25,143.85,98.00,Visit The New betvickers.com Website Handicap Hurdle
857152,2025-05-13,Sedgefield,hurdle,Trailblazer,3,98,210.60,91.18,140.13,96.80,142.32,96.33,Visit The New betvickers.com Website Handicap Hurdle
857152,2025-05-13,Sedgefield,hurdle,Mr Sundancer,4,98,209.10,89.68,139.59,96.25,141.74,95.71,Visit The New betvickers.com Website Handicap Hurdle
857152,2025-05-13,Sedgefield,hurdle,Piecederesistance,5,100,208.10,88.68,139.22,95.89,141.36,95.29,Visit The New betvickers.com Website Handicap Hurdle
857350,2025-05-14,Newton Abbot,nh_flat,Takeonedayatatime,1,,204.62,-,139.09,-,140.48,-,St. Austell Brewery Mares' Open NH Flat Race (GBB Race)
857320,2025-05-14,Perth,chase,Glen Cannel,1,110,-56.11,-,49.64,-,50.34,-,125 Years Of Bruce Farms 'Grassroots' Hunters' Chase
857320,2025-05-14,Perth,chase,Shantou Moon,2,84,-68.11,-,45.76,-,46.52,-,125 Years Of Bruce Farms 'Grassroots' Hunters' Chase
857320,2025-05-14,Perth,chase,Somptueux,3,121,-68.86,-,45.52,-,46.28,-,125 Years Of Bruce Farms 'Grassroots' Hunters' Chase
857320,2025-05-14,Perth,chase,Deerstalker,4,106,-81.86,-,41.33,-,42.14,-,125 Years Of Bruce Farms 'Grassroots' Hunters' Chase
857703,2025-05-16,Aintree,hurdle,Royal Hope,6,,-29.29,-57.03,49.52,38.69,47.33,34.74,Inkerman London Novices' Hurdle (GBB Race)
857948,2025-05-17,Bangor-on-Dee,chase,Bumpy Evans,1,84,214.93,-,131.80,-,131.40,-,Remembering Kitty Warburton Handicap Chase
857948,2025-05-17,Bangor-on-Dee,chase,Another Lord,2,98,210.68,-,130.63,-,130.24,-,Remembering Kitty Warburton Handicap Chase
858458,2025-05-17,Uttoxeter,chase,Shadows In The Sky,1,96,232.94,-,142.14,-,141.27,-,Falcon Scaffold Midlands Optimum Handicap Chase
858458,2025-05-17,Uttoxeter,chase,Special Dragon,2,91,226.44,-,140.08,-,139.25,-,Falcon Scaffold Midlands Optimum Handicap Chase
858458,2025-05-17,Uttoxeter,chase,Higgs,3,73,208.44,-,134.37,-,133.66,-,Falcon Scaffold Midlands Optimum Handicap Chase
857977,2025-05-18,Stratford,nh_flat,Pay Dirt,10,,-19.73,-23.52,52.18,50.67,49.64,47.90,William Hill Betting Done Properly Open Maiden NH Flat Race (GBB Race)
858278,2025-05-20,Huntingdon,chase,Jeudidee,1,100,203.25,143.41,134.93,114.68,134.12,114.85,Download The PricedUp App Handicap Chase
858278,2025-05-20,Huntingdon,chase,Shadows In The Sky,2,96,201.75,141.91,134.42,114.18,133.62,114.34,Download The PricedUp App Handicap Chase
858694,2025-05-22,Ffos Las,chase,King Roly,1,113,209.52,-,139.24,-,136.90,-,Francky Du Berlais Novices' Handicap Chase (GBB Race)
859456,2025-05-23,Worcester,chase,Gerard Mentor,5,88,-3.42,3.24,56.78,59.57,55.98,59.02,everytip.com Horseracing Handicap Chase
858882,2025-05-23,Worcester,hurdle,Coconut Grove,7,,-16.05,-7.69,50.91,54.44,49.15,53.12,"Radio Wyvern, Where Worcester Comes First Maiden Hurdle (Div 1)"
859096,2025-05-24,Cartmel,chase,Fairlawn Flyer,1,110,200.97,168.06,127.78,118.72,126.37,118.04,Old Park Wood Handicap Chase (GBB Race)
859284,2025-05-26,Huntingdon,hurdle,Saint Bibiana,1,110,269.74,106.21,144.14,101.61,143.69,101.72,Oddschecker Free Bets Conditional Jockeys' Handicap Hurdle
859284,2025-05-26,Huntingdon,hurdle,Dear Ralphy,2,98,263.24,99.71,142.45,99.92,142.01,99.92,Oddschecker Free Bets Conditional Jockeys' Handicap Hurdle
859284,2025-05-26,Huntingdon,hurdle,Flemen's Tipple,3,84,260.99,97.46,141.87,99.34,141.43,99.29,Oddschecker Free Bets Conditional Jockeys' Handicap Hurdle
859284,2025-05-26,Huntingdon,hurdle,Giovanni Change,4,110,227.99,64.46,133.29,90.76,132.94,90.13,Oddschecker Free Bets Conditional Jockeys' Handicap Hurdle
859285,2025-05-26,Huntingdon,chase,No Risk With Lou,1,119,221.62,113.45,147.82,105.29,147.27,105.64,Get Best Odds With Oddschecker Handicap Chase (GBB Race)
859285,2025-05-26,Huntingdon,chase,Magic Seven,2,113,216.62,108.45,145.85,103.32,145.33,103.54,Get Best Odds With Oddschecker Handicap Chase (GBB Race)
859285,2025-05-26,Huntingdon,chase,Ballywilliam Boy,3,122,216.32,108.15,145.73,103.20,145.21,103.42,Get Best Odds With Oddschecker Handicap Chase (GBB Race)
859285,2025-05-26,Huntingdon,chase,Rock House,4,117,214.57,106.40,145.04,102.52,144.53,102.68,Get Best Odds With Oddschecker Handicap Chase (GBB Race)
859286,2025-05-26,Huntingdon,hurdle,Sergeant Fury,1,104,206.91,95.94,142.53,98.39,143.68,98.20,Bet Smarter With Oddschecker+ Maiden Hurdle (GBB Race)
859287,2025-05-26,Huntingdon,hurdle,Turpin Gold,1,89,218.93,111.10,146.91,104.38,148.18,104.87,Oddschecker Handicap Hurdle
859287,2025-05-26,Huntingdon,hurdle,Al Mootamarid,2,90,214.18,106.35,145.03,102.51,146.26,102.79,Oddschecker Handicap Hurdle
859287,2025-05-26,Huntingdon,hurdle,Prince Quattro,3,100,213.18,105.35,144.64,102.11,145.85,102.35,Oddschecker Handicap Hurdle
859289,2025-05-26,Huntingdon,hurdle,Charlie My Boy,1,87,200.98,62.01,132.08,87.93,132.19,86.88,Oddschecker+ Subscription Service Handicap Hurdle
859317,2025-05-26,Cartmel,chase,As The Lad Says,6,,-4.62,-,63.75,-,64.41,-,Fraser Cup Maiden Hunters' Chase
859317,2025-05-26,Cartmel,chase,Titanium Bullet,7,81,-18.62,-,58.90,-,59.65,-,Fraser Cup Maiden Hunters' Chase
859317,2025-05-26,Cartmel,chase,Monticello,8,69,-31.62,-,54.40,-,55.23,-,Fraser Cup Maiden Hunters' Chase
859695,2025-05-28,Cartmel,chase,Shantou Moon,5,93,-2.57,-,70.43,-,70.81,-,NPG Fire And Safety Open Hunters' Chase
859695,2025-05-28,Cartmel,chase,First Lord De Cuet,6,115,-26.57,-,63.51,-,63.98,-,NPG Fire And Safety Open Hunters' Chase
859695,2025-05-28,Cartmel,chase,Torngat,7,88,-51.57,-,56.30,-,56.86,-,NPG Fire And Safety Open Hunters' Chase
861155,2025-06-05,Uttoxeter,hurdle,Clondaw Royale,6,106,-0.89,-,64.10,-,63.84,-,Greenthumb Grass Is Greener Handicap Hurdle
861156,2025-06-05,Uttoxeter,chase,Hecouldbetheone,1,118,-7.65,-,62.56,-,61.60,-,Grace & Dotty Country Clothing Handicap Chase (GBB Race)
861156,2025-06-05,Uttoxeter,chase,No But I Will,2,108,-7.85,-,62.49,-,61.53,-,Grace & Dotty Country Clothing Handicap Chase (GBB Race)
861156,2025-06-05,Uttoxeter,chase,Golden Ambition,3,107,-12.60,-,60.83,-,59.83,-,Grace & Dotty Country Clothing Handicap Chase (GBB Race)
861156,2025-06-05,Uttoxeter,chase,Do Your Job,4,116,-56.60,-,45.53,-,44.14,-,Grace & Dotty Country Clothing Handicap Chase (GBB Race)
861589,2025-06-07,Worcester,chase,Raindance Queen,3,62,-15.03,-,63.30,-,63.48,-,Storm Windows Celebrating 25 Years Handicap Chase
861593,2025-06-07,Worcester,hurdle,Miss Jaffa Cake,9,,-16.03,-,49.34,-,47.53,-,BePartofIt Novices' Hurdle (GBB Race) (Div 1)
861595,2025-06-07,Worcester,hurdle,Ker D'oudairies,5,,-8.18,-,51.39,-,49.66,-,BePartofIt Novices' Hurdle (GBB Race) (Div 2)
861595,2025-06-07,Worcester,hurdle,Brockrock Roxie,6,,-13.68,-,48.92,-,47.10,-,BePartofIt Novices' Hurdle (GBB Race) (Div 2)
861595,2025-06-07,Worcester,hurdle,She's A Woman,7,,-15.43,-,48.13,-,46.28,-,BePartofIt Novices' Hurdle (GBB Race) (Div 2)
861574,2025-06-07,Hexham,hurdle,Fuel The Fire,4,,-1.77,-13.71,54.59,49.26,56.14,50.55,Most Important 3-Year-Old Race Today Juvenile Hurdle (GBB Race)
861574,2025-06-07,Hexham,hurdle,Owt For Nowt,5,,-11.77,-23.71,50.13,44.80,51.83,46.20,Most Important 3-Year-Old Race Today Juvenile Hurdle (GBB Race)
862493,2025-06-12,Worcester,chase,Lord Maher,6,96,-34.51,13.54,51.62,68.90,51.48,69.73,JenningsBet Bromyard Novices' Handicap Chase
862497,2025-06-12,Worcester,hurdle,Oi Oi Oi,9,,-52.62,-14.03,33.25,50.12,30.86,49.86,JenningsBet Banbury Maiden Hurdle (GBB Race)
862498,2025-06-12,Worcester,hurdle,Jamaicaine,6,84,-24.70,22.12,55.06,71.93,54.93,72.66,JenningsBet Witney Mares' Novices' Handicap Hurdle
862499,2025-06-12,Worcester,hurdle,Penna Rossa,8,85,-15.55,23.11,49.57,66.45,47.77,66.27,JenningsBet Chelmsley Wood Handicap Hurdle
862499,2025-06-12,Worcester,hurdle,Cawthorne Banker,9,84,-18.30,20.36,48.37,65.25,46.53,65.07,JenningsBet Chelmsley Wood Handicap Hurdle
862572,2025-06-13,Newton Abbot,hurdle,Bredon Hill Dart,1,81,-47.66,-,58.94,-,58.28,-,St Austell Brewery Handicap Hurdle
862572,2025-06-13,Newton Abbot,hurdle,Hammer Dan,2,82,-48.41,-,58.73,-,58.07,-,St Austell Brewery Handicap Hurdle
862572,2025-06-13,Newton Abbot,hurdle,Hurst Hill,3,83,-49.91,-,58.31,-,57.64,-,St Austell Brewery Handicap Hurdle
862572,2025-06-13,Newton Abbot,hurdle,Quite The Getaway,4,85,-51.16,-,57.96,-,57.29,-,St Austell Brewery Handicap Hurdle
862572,2025-06-13,Newton Abbot,hurdle,I Love You Sivola,5,71,-59.66,-,55.60,-,54.89,-,St Austell Brewery Handicap Hurdle
862572,2025-06-13,Newton Abbot,hurdle,Presenting Yeats,6,94,-61.16,-,55.18,-,54.46,-,St Austell Brewery Handicap Hurdle
862572,2025-06-13,Newton Abbot,hurdle,Boskill Borden,7,89,-68.66,-,53.10,-,52.34,-,St Austell Brewery Handicap Hurdle
862574,2025-06-13,Newton Abbot,hurdle,Zufal,5,83,-1.59,-,56.96,-,55.43,-,WCT Tooling Solutions Handicap Hurdle
862575,2025-06-13,Newton Abbot,nh_flat,Gigilou,6,,-1.96,-,57.09,-,55.56,-,newtonabbotracing.com Open NH Flat Race (GBB Race)
862836,2025-06-14,Hexham,hurdle,Fingal's Hill,1,130,-62.89,-,35.50,-,37.41,-,Tileform Handicap Hurdle
862836,2025-06-14,Hexham,hurdle,Johnson's Blue,2,128,-62.99,-,35.46,-,37.37,-,Tileform Handicap Hurdle
862836,2025-06-14,Hexham,hurdle,Miss Maverick,3,117,-65.24,-,34.57,-,36.51,-,Tileform Handicap Hurdle
862836,2025-06-14,Hexham,hurdle,Ballystone,4,124,-73.24,-,31.41,-,33.43,-,Tileform Handicap Hurdle
862836,2025-06-14,Hexham,hurdle,Well Educated,5,108,-74.24,-,31.01,-,33.05,-,Tileform Handicap Hurdle
862836,2025-06-14,Hexham,hurdle,Willaston,6,120,-75.24,-,30.61,-,32.66,-,Tileform Handicap Hurdle
862836,2025-06-14,Hexham,hurdle,Buy Some Time,7,115,-77.74,-,29.62,-,31.70,-,Tileform Handicap Hurdle
862836,2025-06-14,Hexham,hurdle,Dinons,8,125,-93.74,-,23.29,-,25.55,-,Tileform Handicap Hurdle
863401,2025-06-18,Worcester,hurdle,Handlethekettle,1,116,242.15,157.93,145.60,118.58,145.65,119.52,Savills Handicap Hurdle
863401,2025-06-18,Worcester,hurdle,Ukantango,2,111,237.15,152.93,144.00,116.98,144.04,117.83,Savills Handicap Hurdle
863401,2025-06-18,Worcester,hurdle,Whizz Kid,3,120,235.15,150.93,143.36,116.34,143.40,117.16,Savills Handicap Hurdle
863401,2025-06-18,Worcester,hurdle,Tarahumara,4,117,211.15,126.93,135.66,108.64,135.69,109.07,Savills Handicap Hurdle
864033,2025-06-22,Hexham,chase,Blazing Court,4,95,-2.19,-,62.72,-,64.59,-,Chris Lowther & Brian Ellison 27 Years Handicap Chase (GBB Race)
864596,2025-06-25,Worcester,hurdle,Just Chasing May,1,94,200.45,138.99,132.99,112.81,133.02,113.28,FBC Manby Bowdler Handicap Hurdle
865048,2025-06-27,Cartmel,hurdle,Reel Her In,8,88,-13.91,76.35,62.81,92.28,62.60,92.61,Hadwins Mares' Handicap Hurdle
865048,2025-06-27,Cartmel,hurdle,Kate Madrik,9,97,-22.91,67.35,59.87,89.34,59.64,89.80,Hadwins Mares' Handicap Hurdle
865048,2025-06-27,Cartmel,hurdle,All Under Control,10,85,-31.91,58.35,56.93,86.40,56.69,86.99,Hadwins Mares' Handicap Hurdle
865049,2025-06-27,Cartmel,chase,Fairlawn Flyer,1,116,-1.16,92.96,70.53,97.95,70.91,98.07,Krol Corlett Handicap Chase (GBB Race)
865049,2025-06-27,Cartmel,chase,Leading Force,2,103,-1.66,92.46,70.39,97.80,70.77,97.93,Krol Corlett Handicap Chase (GBB Race)
865049,2025-06-27,Cartmel,chase,Sang Pour Sang,3,114,-16.66,77.46,66.02,93.43,66.46,93.81,Krol Corlett Handicap Chase (GBB Race)
865049,2025-06-27,Cartmel,chase,Andys Flame,4,116,-33.66,60.46,61.07,88.48,61.57,89.14,Krol Corlett Handicap Chase (GBB Race)
865050,2025-06-27,Cartmel,chase,Greenways,3,83,-0.98,82.84,64.50,93.97,65.14,94.36,William Hill Handicap Chase
865050,2025-06-27,Cartmel,chase,Unwanted Attention,4,83,-3.23,80.59,63.71,93.17,64.37,93.62,William Hill Handicap Chase
865050,2025-06-27,Cartmel,chase,Whoshotthesheriff,5,99,-8.73,75.09,61.77,91.24,62.47,91.81,William Hill Handicap Chase
865050,2025-06-27,Cartmel,chase,Judicial Review,6,80,-83.73,0.09,35.41,64.87,36.58,67.16,William Hill Handicap Chase
865637,2025-06-27,Cartmel,chase,Just A Memory,5,101,-12.83,64.71,60.10,87.52,60.83,88.29,Warrior Down Novices' Handicap Chase (GBB Race)
865637,2025-06-27,Cartmel,chase,Wild Nephin,6,100,-43.83,33.71,49.14,76.56,50.07,78.01,Warrior Down Novices' Handicap Chase (GBB Race)
865637,2025-06-27,Cartmel,chase,King Of Cong,7,100,-109.83,-32.29,25.80,53.22,27.16,56.12,Warrior Down Novices' Handicap Chase (GBB Race)
865052,2025-06-27,Cartmel,hurdle,Vocal Duke,7,85,-11.67,54.80,53.94,81.35,52.17,81.55,John Wade Amateur Jockeys' Handicap Hurdle
865052,2025-06-27,Cartmel,hurdle,El Fabienne,8,92,-16.67,49.80,51.88,79.29,50.03,79.51,John Wade Amateur Jockeys' Handicap Hurdle
865052,2025-06-27,Cartmel,hurdle,Calevade,9,106,-17.17,49.30,51.67,79.09,49.82,79.31,John Wade Amateur Jockeys' Handicap Hurdle
865303,2025-06-29,Cartmel,hurdle,Miss Jm Reidy,7,,-20.61,-,51.48,-,49.62,-,AW Blake Mares' Novices' Hurdle (GBB Race)
865303,2025-06-29,Cartmel,hurdle,Nika Pika,8,,-68.61,-,32.17,-,29.57,-,AW Blake Mares' Novices' Hurdle (GBB Race)
865305,2025-06-29,Cartmel,hurdle,Blended Stealth,5,79,-11.81,-,63.48,-,63.27,-,Burlington Stone Novices' Limited Handicap Hurdle
865306,2025-06-29,Cartmel,hurdle,Aucunrisque,7,129,-33.02,-,46.21,-,44.14,-,Oakmere Homes Handicap Hurdle (GBB Race)
865307,2025-06-29,Cartmel,chase,Great Ocean,9,125,-13.11,-,61.54,-,62.24,-,Oakmere Homes Handicap Chase (GBB Race)
865308,2025-06-29,Cartmel,chase,Judicial Review,1,80,-94.58,-,40.55,-,41.31,-,Beckside Spa Retreat Handicap Chase
865308,2025-06-29,Cartmel,chase,Ali Star Bert,2,100,-96.58,-,39.94,-,40.71,-,Beckside Spa Retreat Handicap Chase
865308,2025-06-29,Cartmel,chase,Thehairyfella,3,88,-98.33,-,39.40,-,40.18,-,Beckside Spa Retreat Handicap Chase
865308,2025-06-29,Cartmel,chase,The King Of May,4,92,-101.33,-,38.48,-,39.28,-,Beckside Spa Retreat Handicap Chase
865308,2025-06-29,Cartmel,chase,Defence Witness,5,92,-103.33,-,37.87,-,38.67,-,Beckside Spa Retreat Handicap Chase
865308,2025-06-29,Cartmel,chase,Jelski,6,89,-110.83,-,35.58,-,36.41,-,Beckside Spa Retreat Handicap Chase
865308,2025-06-29,Cartmel,chase,Pilgrims King,7,92,-117.33,-,33.60,-,34.45,-,Beckside Spa Retreat Handicap Chase
865308,2025-06-29,Cartmel,chase,Community Rebel,8,94,-141.33,-,26.26,-,27.21,-,Beckside Spa Retreat Handicap Chase
865309,2025-06-29,Cartmel,chase,Ensel Du Perche,7,85,-24.26,-,48.14,-,47.50,-,Bob Champion Handicap Chase
865309,2025-06-29,Cartmel,chase,Jolyjump,8,101,-61.26,-,32.70,-,31.87,-,Bob Champion Handicap Chase
866160,2025-07-03,Perth,hurdle,Barrow Brook,8,,-6.56,-10.49,62.93,61.57,62.72,61.25,Horizon Group Maiden Hurdle (GBB Race)
866165,2025-07-03,Perth,hurdle,Thatsy,8,72,-11.35,-15.95,66.96,65.59,66.89,65.44,Gleneagles Project Services Handicap Hurdle
866529,2025-07-06,Market Rasen,hurdle,Royal Rhythm,2,94,-45.29,62.14,47.67,86.37,48.38,87.39,Achieving Potential Tom Halliday Memorial Conditional Jockeys' Handicap Hurdle
866529,2025-07-06,Market Rasen,hurdle,Lord Warburton,3,83,-64.29,43.14,40.83,79.52,41.63,81.06,Achieving Potential Tom Halliday Memorial Conditional Jockeys' Handicap Hurdle
866530,2025-07-06,Market Rasen,hurdle,Mohawk Chief,1,110,-7.29,95.35,60.75,98.30,61.29,98.42,Autism In Racing Maiden Hurdle (GBB Race)
866530,2025-07-06,Market Rasen,hurdle,Jack N Jones,2,,-16.29,86.35,57.46,95.01,58.04,95.37,Autism In Racing Maiden Hurdle (GBB Race)
866530,2025-07-06,Market Rasen,hurdle,Built By Rossies,3,105,-38.29,64.35,49.41,86.96,50.10,87.91,Autism In Racing Maiden Hurdle (GBB Race)
866530,2025-07-06,Market Rasen,hurdle,Mount Rinjani,4,,-45.79,56.85,46.67,84.21,47.39,85.37,Autism In Racing Maiden Hurdle (GBB Race)
866530,2025-07-06,Market Rasen,hurdle,Mayor Kingston,5,,-73.79,28.85,36.43,73.97,37.29,75.88,Autism In Racing Maiden Hurdle (GBB Race)
866531,2025-07-06,Market Rasen,hurdle,Stroll On By,1,105,-2.36,79.66,53.14,90.69,53.42,91.31,Dino Day Charity Umbrellas Handicap Hurdle
866531,2025-07-06,Market Rasen,hurdle,Spot On Soph,2,102,-2.86,79.16,52.92,90.46,53.19,91.09,Dino Day Charity Umbrellas Handicap Hurdle
866531,2025-07-06,Market Rasen,hurdle,Nottodaybobo,3,105,-6.61,75.41,51.20,88.74,51.48,89.49,Dino Day Charity Umbrellas Handicap Hurdle
866531,2025-07-06,Market Rasen,hurdle,Belcamo,4,100,-17.61,64.41,46.16,83.71,46.48,84.79,Dino Day Charity Umbrellas Handicap Hurdle
866531,2025-07-06,Market Rasen,hurdle,Jackpot D'athou,5,103,-20.61,61.41,44.79,82.33,45.11,83.51,Dino Day Charity Umbrellas Handicap Hurdle
866532,2025-07-06,Market Rasen,chase,Mawlood,5,63,-6.13,81.85,54.04,92.14,54.10,92.64,paactfamily.com The Unseen Novices' Handicap Chase
866533,2025-07-06,Market Rasen,chase,Pull Again Green,1,130,-5.16,104.97,63.05,101.75,63.56,101.62,Duckworths Land Rover Dash Handicap Chase (GBB Race)
866533,2025-07-06,Market Rasen,chase,Nickelforce,2,110,-6.41,103.72,62.61,101.31,63.13,101.21,Duckworths Land Rover Dash Handicap Chase (GBB Race)
866533,2025-07-06,Market Rasen,chase,Planned Paradise,3,110,-17.41,92.72,58.75,97.44,59.32,97.63,Duckworths Land Rover Dash Handicap Chase (GBB Race)
866533,2025-07-06,Market Rasen,chase,Champagne Gold,4,131,-36.41,73.72,52.07,90.77,52.73,91.46,Duckworths Land Rover Dash Handicap Chase (GBB Race)
866533,2025-07-06,Market Rasen,chase,Genois,5,122,-79.41,30.72,36.96,75.66,37.83,77.49,Duckworths Land Rover Dash Handicap Chase (GBB Race)
866535,2025-07-06,Market Rasen,nh_flat,I Am Simba,4,,-9.31,73.48,50.43,87.98,50.72,88.77,Support Charles & His Crazy Crafts Open Maiden NH Flat Race (GBB Race)
866535,2025-07-06,Market Rasen,nh_flat,Berks And Bucks,5,,-24.31,58.48,43.63,81.17,43.96,82.42,Support Charles & His Crazy Crafts Open Maiden NH Flat Race (GBB Race)
866535,2025-07-06,Market Rasen,nh_flat,Ashgill Angel,6,,-41.31,41.48,35.92,73.47,36.29,75.23,Support Charles & His Crazy Crafts Open Maiden NH Flat Race (GBB Race)
866535,2025-07-06,Market Rasen,nh_flat,Minella Dreams,7,,-71.31,11.48,22.32,59.86,22.77,62.53,Support Charles & His Crazy Crafts Open Maiden NH Flat Race (GBB Race)
866535,2025-07-06,Market Rasen,nh_flat,Foxburrow Forever,8,,-84.31,-1.52,16.42,53.97,16.91,57.02,Support Charles & His Crazy Crafts Open Maiden NH Flat Race (GBB Race)
867769,2025-07-13,Perth,hurdle,Carnet De Stage,8,86,-18.01,-36.10,51.47,44.04,49.82,41.34,Scone Palace International Horse Trials Conditional Jockeys' Handicap Hurdle
868671,2025-07-17,Worcester,hurdle,Mount Rinjani,6,,-7.20,45.27,66.73,83.02,66.89,83.56,eventmasters.co.uk Premier League 2025/26 On Sale Maiden Hurdle (GBB Race)
868673,2025-07-17,Worcester,hurdle,Jackie Diamond,7,73,-33.79,11.96,52.38,68.66,52.24,69.44,JIC Transport Handicap Hurdle (Div 1)
869056,2025-07-20,Stratford,hurdle,Mary,5,105,-4.50,-,61.32,-,59.41,-,Ardencote Spa Conditional Jockeys' Mares' Handicap Hurdle
869057,2025-07-20,Stratford,hurdle,You Did,5,,-7.77,-,55.77,-,53.29,-,Allan Atkinson Novices' Hurdle (GBB Race)
869057,2025-07-20,Stratford,hurdle,Fully Gaden,6,,-58.77,-,34.83,-,31.18,-,Allan Atkinson Novices' Hurdle (GBB Race)
869059,2025-07-20,Stratford,hurdle,Gms Prince,3,84,-5.84,-,60.06,-,58.09,-,George & Dragon Novices' Limited Handicap Hurdle
869059,2025-07-20,Stratford,hurdle,No Guarantee,4,72,-16.84,-,55.91,-,53.73,-,George & Dragon Novices' Limited Handicap Hurdle
869059,2025-07-20,Stratford,hurdle,Show No Fear,5,93,-35.84,-,48.74,-,46.20,-,George & Dragon Novices' Limited Handicap Hurdle
869039,2025-07-20,Newton Abbot,hurdle,Masonbrook Meadow,7,79,-2.60,15.87,61.51,68.44,59.41,67.14,Jack Challis Turns 12 Handicap Hurdle
869039,2025-07-20,Newton Abbot,hurdle,Polly Pi,8,81,-5.10,13.37,60.57,67.50,58.42,66.16,Jack Challis Turns 12 Handicap Hurdle
869039,2025-07-20,Newton Abbot,hurdle,Zufal,9,76,-29.10,-10.63,51.57,58.50,48.93,56.78,Jack Challis Turns 12 Handicap Hurdle
869061,2025-07-20,Stratford,hurdle,Roger Pol,3,120,-3.12,-,66.40,-,65.79,-,Hiorns Hats Handicap Hurdle
869061,2025-07-20,Stratford,hurdle,Roxboro River,4,107,-17.12,-,61.83,-,61.15,-,Hiorns Hats Handicap Hurdle
869061,2025-07-20,Stratford,hurdle,Teorie,5,113,-26.12,-,58.90,-,58.17,-,Hiorns Hats Handicap Hurdle
869062,2025-07-20,Stratford,hurdle,Moro Rock,1,81,-64.03,-,53.26,-,53.09,-,Grace & Dotty Handicap Hurdle
869062,2025-07-20,Stratford,hurdle,Hurst Hill,2,86,-66.53,-,52.55,-,52.37,-,Grace & Dotty Handicap Hurdle
869062,2025-07-20,Stratford,hurdle,Ocean Legacy,3,88,-94.53,-,44.57,-,44.36,-,Grace & Dotty Handicap Hurdle
869937,2025-07-21,Cartmel,hurdle,Drumlee Myth,9,86,-30.54,47.04,46.30,78.21,44.24,78.61,Cumbria Grand Hotel Handicap Hurdle
869240,2025-07-21,Cartmel,hurdle,Belles Benefit,3,98,-0.81,96.26,66.86,98.77,66.67,98.83,Greenbanks Arbiculture Handicap Hurdle (Div 1)
869240,2025-07-21,Cartmel,hurdle,O'Faolains Glory,4,100,-5.56,91.51,65.30,97.21,65.10,97.34,Greenbanks Arbiculture Handicap Hurdle (Div 1)
869240,2025-07-21,Cartmel,hurdle,Mr Rumbalicious,5,79,-10.06,87.01,63.82,95.73,63.62,95.93,Greenbanks Arbiculture Handicap Hurdle (Div 1)
869240,2025-07-21,Cartmel,hurdle,Benito,6,75,-17.06,80.01,61.52,93.43,61.30,93.74,Greenbanks Arbiculture Handicap Hurdle (Div 1)
869240,2025-07-21,Cartmel,hurdle,Larkfield Lusive,7,89,-23.06,74.01,59.55,91.46,59.32,91.86,Greenbanks Arbiculture Handicap Hurdle (Div 1)
869241,2025-07-21,Cartmel,hurdle,Popa Rich,3,80,-6.22,88.37,64.91,96.16,64.71,96.34,Greenbanks Arbiculture Handicap Hurdle (Div 2)
869241,2025-07-21,Cartmel,hurdle,Findthetime,4,97,-14.22,80.37,62.27,93.52,62.06,93.82,Greenbanks Arbiculture Handicap Hurdle (Div 2)
869241,2025-07-21,Cartmel,hurdle,Coup De Gold,5,81,-18.47,76.12,60.87,92.11,60.65,92.48,Greenbanks Arbiculture Handicap Hurdle (Div 2)
869241,2025-07-21,Cartmel,hurdle,Positive Mindset,6,89,-35.47,59.12,55.25,86.50,55.00,87.12,Greenbanks Arbiculture Handicap Hurdle (Div 2)
869241,2025-07-21,Cartmel,hurdle,Final Edgar,7,96,-39.22,55.37,54.01,85.26,53.75,85.94,Greenbanks Arbiculture Handicap Hurdle (Div 2)
869241,2025-07-21,Cartmel,hurdle,Perfect Poli,8,84,-66.22,28.37,45.09,76.34,44.78,77.44,Greenbanks Arbiculture Handicap Hurdle (Div 2)
869241,2025-07-21,Cartmel,hurdle,Sky Luna,9,91,-66.52,28.07,45.00,76.24,44.68,77.34,Greenbanks Arbiculture Handicap Hurdle (Div 2)
869241,2025-07-21,Cartmel,hurdle,Myfavouritesister,10,77,-79.52,15.07,40.70,71.95,40.37,73.25,Greenbanks Arbiculture Handicap Hurdle (Div 2)
869242,2025-07-21,Cartmel,hurdle,At Vimeiro,1,,-1.75,70.69,57.21,87.67,55.57,87.87,Furness Building Society 160th Anniversary Maiden Hurdle (GBB Race)
869242,2025-07-21,Cartmel,hurdle,Taktique Gagnante,2,,-6.25,66.19,55.32,85.78,53.61,86.01,Furness Building Society 160th Anniversary Maiden Hurdle (GBB Race)
869242,2025-07-21,Cartmel,hurdle,Emiyn,3,115,-15.75,56.69,51.33,81.79,49.46,82.07,Furness Building Society 160th Anniversary Maiden Hurdle (GBB Race)
869242,2025-07-21,Cartmel,hurdle,Wind Your Neck In,4,105,-17.75,54.69,50.49,80.95,48.59,81.25,Furness Building Society 160th Anniversary Maiden Hurdle (GBB Race)
869242,2025-07-21,Cartmel,hurdle,Meetingofthewaters,5,,-25.25,47.19,47.33,77.79,45.31,78.14,Furness Building Society 160th Anniversary Maiden Hurdle (GBB Race)
869243,2025-07-21,Cartmel,chase,Horn Cape,5,128,-61.02,11.20,32.09,62.55,31.25,64.01,Weatherbys Hamilton Novices' Limited Handicap Chase (GBB Race)
869244,2025-07-21,Cartmel,chase,Puddlesinthepark,1,101,-42.74,59.66,57.54,88.00,58.09,88.74,Boaters Bar Handicap Chase (GBB Race)
869244,2025-07-21,Cartmel,chase,Fairlawn Flyer,2,121,-50.24,52.16,55.31,85.77,55.88,86.65,Boaters Bar Handicap Chase (GBB Race)
869244,2025-07-21,Cartmel,chase,No Regrets,3,109,-50.34,52.06,55.28,85.74,55.86,86.62,Boaters Bar Handicap Chase (GBB Race)
869244,2025-07-21,Cartmel,chase,Jerrash,4,120,-67.34,35.06,50.22,80.68,50.86,81.88,Boaters Bar Handicap Chase (GBB Race)
869244,2025-07-21,Cartmel,chase,Cloughroe,5,116,-69.59,32.81,49.55,80.01,50.20,81.25,Boaters Bar Handicap Chase (GBB Race)
869245,2025-07-21,Cartmel,chase,Upfordebate,5,90,-18.74,71.72,58.11,90.02,58.88,90.71,Manna House Handicap Chase
869245,2025-07-21,Cartmel,chase,Follow Your Arrow,6,79,-18.84,71.62,58.08,89.99,58.84,90.68,Manna House Handicap Chase
869245,2025-07-21,Cartmel,chase,Mr Mcwhinny,7,86,-23.84,66.62,56.31,88.22,57.11,89.03,Manna House Handicap Chase
869245,2025-07-21,Cartmel,chase,Pilgrims King,8,91,-60.84,29.62,43.26,75.17,44.30,76.88,Manna House Handicap Chase
870417,2025-07-24,Worcester,chase,Chilinlikeavillain,9,105,-0.74,-13.32,64.75,60.35,64.66,59.94,Pershore Hire Centre Handicap Chase
869899,2025-07-24,Worcester,hurdle,Hannahs Story,10,,-7.34,-16.53,55.07,51.22,53.57,49.25,Clives Of Cropthorne Maiden Hurdle (GBB Race) (Div 1)
870579,2025-07-25,Uttoxeter,nh_flat,Jax Belle,14,,-20.51,-,48.75,-,47.96,-,QuinnBet Mares' Open NH Flat Race (GBB Race)
874156,2025-08-18,Stratford,hurdle,Knights Affair,1,112,201.50,131.64,130.18,109.41,130.44,109.85,Racing TV Club Day Novices' Hurdle (GBB Race)
874156,2025-08-18,Stratford,hurdle,Don Virginia,2,109,201.45,131.59,130.17,109.39,130.42,109.83,Racing TV Club Day Novices' Hurdle (GBB Race)
875395,2025-08-25,Cartmel,hurdle,The Jam Man,6,132,-46.05,-,59.94,-,58.92,-,Lakes Luxury Loos Handicap Hurdle (GBB Race)
875396,2025-08-25,Cartmel,chase,Olivers Travels,1,124,262.40,-,143.47,-,141.26,-,Wicks Group Cavendish Cup Handicap Chase (GBB Race)
875396,2025-08-25,Cartmel,chase,Lord Accord,2,123,256.40,-,141.86,-,139.74,-,Wicks Group Cavendish Cup Handicap Chase (GBB Race)
875396,2025-08-25,Cartmel,chase,Shadows In The Sky,3,112,250.90,-,140.39,-,138.34,-,Wicks Group Cavendish Cup Handicap Chase (GBB Race)
875396,2025-08-25,Cartmel,chase,Charlie Uberalles,4,136,248.40,-,139.72,-,137.71,-,Wicks Group Cavendish Cup Handicap Chase (GBB Race)
875396,2025-08-25,Cartmel,chase,Ilikedwayurthinkin,5,129,244.40,-,138.65,-,136.69,-,Wicks Group Cavendish Cup Handicap Chase (GBB Race)
875396,2025-08-25,Cartmel,chase,Equus Dancer,6,117,227.40,-,134.10,-,132.37,-,Wicks Group Cavendish Cup Handicap Chase (GBB Race)
875396,2025-08-25,Cartmel,chase,Stans The Man,7,126,217.40,-,131.42,-,129.83,-,Wicks Group Cavendish Cup Handicap Chase (GBB Race)
876415,2025-08-30,Newton Abbot,hurdle,Manyana Blue,1,94,-86.93,-,13.12,-,10.03,-,Devon Air Ambulance Mares' Maiden Hurdle (GBB Race)
876415,2025-08-30,Newton Abbot,hurdle,Never Told Me,2,,-94.93,-,9.41,-,6.18,-,Devon Air Ambulance Mares' Maiden Hurdle (GBB Race)
876415,2025-08-30,Newton Abbot,hurdle,Irisante,3,107,-109.93,-,2.43,-,-1.04,-,Devon Air Ambulance Mares' Maiden Hurdle (GBB Race)
876415,2025-08-30,Newton Abbot,hurdle,Lynsey Larue,4,,-120.93,-,-2.68,-,-6.33,-,Devon Air Ambulance Mares' Maiden Hurdle (GBB Race)
876415,2025-08-30,Newton Abbot,hurdle,Casual Encounter,5,,-122.93,-,-3.61,-,-7.29,-,Devon Air Ambulance Mares' Maiden Hurdle (GBB Race)
876424,2025-08-30,Newton Abbot,chase,Blackacre,1,73,-18.04,-,65.85,-,66.17,-,Newton Abbot On Course Bookmakers Novices' Handicap Chase
876424,2025-08-30,Newton Abbot,chase,Unspeakable,2,83,-31.04,-,62.09,-,62.45,-,Newton Abbot On Course Bookmakers Novices' Handicap Chase
876424,2025-08-30,Newton Abbot,chase,My Girl Katie,3,86,-38.04,-,60.06,-,60.44,-,Newton Abbot On Course Bookmakers Novices' Handicap Chase
876424,2025-08-30,Newton Abbot,chase,Mini Fortune,4,73,-43.04,-,58.62,-,59.01,-,Newton Abbot On Course Bookmakers Novices' Handicap Chase
876424,2025-08-30,Newton Abbot,chase,Testflight,5,81,-77.04,-,48.78,-,49.27,-,Newton Abbot On Course Bookmakers Novices' Handicap Chase
879809,2025-09-15,Worcester,chase,Frere d'Armes,9,132,-1.41,62.00,63.42,86.29,63.32,86.78,Paul Ferguson's Jumpers To Follow Handicap Chase (GBB Race)
879023,2025-09-15,Worcester,nh_flat,Onehundredneighty,9,,-18.61,35.30,49.68,72.55,47.88,72.70,PJ Nicholls KGM Korea Genuinely Made Open NH Flat Race (GBB Race)
879024,2025-09-15,Worcester,hurdle,Mc'flo,7,,-6.73,40.70,52.19,73.44,50.48,73.50,BetWright Bangers N'Cash Maiden Hurdle (GBB Race) (Div 1)
879024,2025-09-15,Worcester,hurdle,Sunshine Sally,8,,-10.23,37.20,50.62,71.87,48.85,71.94,BetWright Bangers N'Cash Maiden Hurdle (GBB Race) (Div 1)
879024,2025-09-15,Worcester,hurdle,Harry Junior,9,,-19.23,28.20,46.59,67.84,44.68,67.91,BetWright Bangers N'Cash Maiden Hurdle (GBB Race) (Div 1)
879024,2025-09-15,Worcester,hurdle,Little Wren,10,,-19.33,28.10,46.54,67.79,44.63,67.87,BetWright Bangers N'Cash Maiden Hurdle (GBB Race) (Div 1)
879024,2025-09-15,Worcester,hurdle,Spent A Fortune,11,,-40.33,7.10,37.13,58.38,34.89,58.48,BetWright Bangers N'Cash Maiden Hurdle (GBB Race) (Div 1)
879024,2025-09-15,Worcester,hurdle,Truly Yours,12,,-66.33,-18.90,25.49,46.74,22.82,46.86,BetWright Bangers N'Cash Maiden Hurdle (GBB Race) (Div 1)
879024,2025-09-15,Worcester,hurdle,Lucky In Taipan,13,80,-76.33,-28.90,21.01,42.26,18.18,42.40,BetWright Bangers N'Cash Maiden Hurdle (GBB Race) (Div 1)
879025,2025-09-15,Worcester,hurdle,Forest Spirit,9,,-1.46,46.28,54.84,76.09,53.23,76.15,BetWright Bangers N'Cash Maiden Hurdle (GBB Race) (Div 2)
879025,2025-09-15,Worcester,hurdle,Brooklyn Lullaby,10,,-7.46,40.28,52.17,73.42,50.46,73.48,BetWright Bangers N'Cash Maiden Hurdle (GBB Race) (Div 2)
879025,2025-09-15,Worcester,hurdle,Nels Son,11,,-7.51,40.23,52.15,73.40,50.44,73.46,BetWright Bangers N'Cash Maiden Hurdle (GBB Race) (Div 2)
879025,2025-09-15,Worcester,hurdle,Osterberg,12,,-28.51,19.23,42.80,64.05,40.76,64.14,BetWright Bangers N'Cash Maiden Hurdle (GBB Race) (Div 2)
879026,2025-09-15,Worcester,hurdle,Belladinotte,7,81,-28.26,45.20,60.07,82.94,60.26,83.67,BetWright All Bun & Games Novices' Limited Handicap Hurdle
879027,2025-09-15,Worcester,hurdle,Royal Rhythm,5,97,-1.81,55.71,62.39,83.64,62.28,84.18,BetWright Safer Gambling Handicap Hurdle (Div 1)
879027,2025-09-15,Worcester,hurdle,Rock On Tommy,6,82,-5.31,52.21,61.10,82.34,60.99,82.93,BetWright Safer Gambling Handicap Hurdle (Div 1)
879027,2025-09-15,Worcester,hurdle,Ask Peter,7,90,-9.06,48.46,59.71,80.96,59.60,81.59,BetWright Safer Gambling Handicap Hurdle (Div 1)
879027,2025-09-15,Worcester,hurdle,Sir Jack West,8,78,-12.31,45.21,58.51,79.76,58.39,80.43,BetWright Safer Gambling Handicap Hurdle (Div 1)
879027,2025-09-15,Worcester,hurdle,Jamaicaine,9,80,-64.31,-6.79,39.30,60.55,39.13,61.85,BetWright Safer Gambling Handicap Hurdle (Div 1)
879028,2025-09-15,Worcester,hurdle,Timeforarum,7,93,-15.24,43.51,58.32,79.57,58.20,80.24,BetWright Safer Gambling Handicap Hurdle (Div 2)
879371,2025-09-17,Kelso,chase,Chapel Green,1,114,200.99,119.05,131.65,105.97,130.86,106.09,RBC Brewin Dolphin Handicap Chase (GBB Race)
879811,2025-09-19,Newton Abbot,hurdle,A Pai De Nom,1,,-36.50,-,53.42,-,52.15,-,Bay Tree Cottage Maiden Hurdle (GBB Race)
879811,2025-09-19,Newton Abbot,hurdle,Maldini Milano,2,,-39.00,-,52.57,-,51.28,-,Bay Tree Cottage Maiden Hurdle (GBB Race)
879811,2025-09-19,Newton Abbot,hurdle,Cinnodin,3,,-69.00,-,42.33,-,40.76,-,Bay Tree Cottage Maiden Hurdle (GBB Race)
879811,2025-09-19,Newton Abbot,hurdle,Roe And Co,4,,-74.00,-,40.62,-,39.01,-,Bay Tree Cottage Maiden Hurdle (GBB Race)
879812,2025-09-19,Newton Abbot,hurdle,Lynsey Larue,5,,-2.65,-,56.15,-,54.59,-,First Office Print And IT Solutions Mares' Novices' Hurdle (GBB Race)
879812,2025-09-19,Newton Abbot,hurdle,Lizzielooe,6,,-12.65,-,51.87,-,50.16,-,First Office Print And IT Solutions Mares' Novices' Hurdle (GBB Race)
879813,2025-09-19,Newton Abbot,hurdle,Chelsea Annie,6,101,-23.02,-,48.28,-,46.44,-,Dartmoor Magazine Handicap Hurdle
879814,2025-09-19,Newton Abbot,hurdle,Mohawk Chief,4,115,-2.71,-,65.86,-,64.93,-,Colin Willcocks Memorial Handicap Hurdle
879814,2025-09-19,Newton Abbot,hurdle,D'jo Dela Barriere,5,105,-17.71,-,60.88,-,59.81,-,Colin Willcocks Memorial Handicap Hurdle
879815,2025-09-19,Newton Abbot,chase,Benny Baloo,5,85,-4.85,-,70.63,-,70.91,-,RCA Summer Jumps Championship Finale Handicap Chase
879815,2025-09-19,Newton Abbot,chase,Sheeka Supreme,6,69,-12.35,-,68.53,-,68.83,-,RCA Summer Jumps Championship Finale Handicap Chase
879815,2025-09-19,Newton Abbot,chase,Kate Madrik,7,94,-38.35,-,61.24,-,61.61,-,RCA Summer Jumps Championship Finale Handicap Chase
880048,2025-09-21,Plumpton,hurdle,The Wise Traveller,1,97,264.96,112.12,143.42,103.19,142.64,103.36,Secure My Future (SMF) Handicap Hurdle
880048,2025-09-21,Plumpton,hurdle,Land Girl's Luck,2,100,263.96,111.12,143.15,102.93,142.38,103.08,Secure My Future (SMF) Handicap Hurdle
880048,2025-09-21,Plumpton,hurdle,Cinderello,3,78,262.96,110.12,142.89,102.66,142.12,102.81,Secure My Future (SMF) Handicap Hurdle
880048,2025-09-21,Plumpton,hurdle,Stamina Chope,4,76,262.86,110.02,142.86,102.64,142.10,102.78,Secure My Future (SMF) Handicap Hurdle
880048,2025-09-21,Plumpton,hurdle,The Dark Edge,5,100,262.11,109.27,142.67,102.44,141.90,102.57,Secure My Future (SMF) Handicap Hurdle
880048,2025-09-21,Plumpton,hurdle,Fine By Me,6,98,260.36,107.52,142.21,101.98,141.45,102.09,Secure My Future (SMF) Handicap Hurdle
880048,2025-09-21,Plumpton,hurdle,Luna Run,7,78,256.11,103.27,141.09,100.86,140.35,100.91,Secure My Future (SMF) Handicap Hurdle
880048,2025-09-21,Plumpton,hurdle,Isabel De Clare,8,86,251.36,98.52,139.84,99.61,139.12,99.59,Secure My Future (SMF) Handicap Hurdle
880048,2025-09-21,Plumpton,hurdle,Glorious Mist,9,71,249.36,96.52,139.31,99.08,138.61,99.03,Secure My Future (SMF) Handicap Hurdle
880048,2025-09-21,Plumpton,hurdle,Flemen's Tipple,10,80,242.36,89.52,137.47,97.24,136.80,97.09,Secure My Future (SMF) Handicap Hurdle
880049,2025-09-21,Plumpton,hurdle,Jet Patrol,1,90,202.05,91.91,140.23,96.81,141.57,96.43,Happy 70th Birthday Martin Quinn Handicap Hurdle
880051,2025-09-21,Plumpton,hurdle,Aucunrisque,1,126,212.52,109.72,144.03,103.80,145.50,104.24,Friends & Family Remembering Norman Sharpe Handicap Hurdle
880051,2025-09-21,Plumpton,hurdle,Nap Hand,2,115,209.27,106.47,142.76,102.53,144.19,102.82,Friends & Family Remembering Norman Sharpe Handicap Hurdle
880051,2025-09-21,Plumpton,hurdle,Brave Knight,3,123,207.27,104.47,141.98,101.75,143.38,101.95,Friends & Family Remembering Norman Sharpe Handicap Hurdle
880051,2025-09-21,Plumpton,hurdle,Howth,4,128,204.27,101.47,140.80,100.57,142.17,100.64,Friends & Family Remembering Norman Sharpe Handicap Hurdle
880052,2025-09-21,Plumpton,hurdle,Ruler Of The River,1,77,203.14,66.61,132.80,89.38,133.04,88.42,Mary & Barry Faulkner's Golden Wedding Handicap Hurdle
880052,2025-09-21,Plumpton,hurdle,Square Du Roule,2,79,200.39,63.86,131.92,88.51,132.15,87.47,Mary & Barry Faulkner's Golden Wedding Handicap Hurdle
880053,2025-09-21,Plumpton,nh_flat,Masked Mistress,1,,240.48,130.91,151.58,111.35,150.33,111.88,Kalm Kitchen Dauphinoise Dash Open NH Flat Race (GBB Race)
880053,2025-09-21,Plumpton,nh_flat,Arms Park,2,,239.23,129.66,151.12,110.89,149.88,111.40,Kalm Kitchen Dauphinoise Dash Open NH Flat Race (GBB Race)
880053,2025-09-21,Plumpton,nh_flat,Our Super Six,3,,232.73,123.16,148.73,108.50,147.55,108.90,Kalm Kitchen Dauphinoise Dash Open NH Flat Race (GBB Race)
880053,2025-09-21,Plumpton,nh_flat,Mushtahrir,4,,230.73,121.16,148.00,107.77,146.83,108.14,Kalm Kitchen Dauphinoise Dash Open NH Flat Race (GBB Race)
880053,2025-09-21,Plumpton,nh_flat,Nelrose,5,,221.73,112.16,144.69,104.46,143.61,104.68,Kalm Kitchen Dauphinoise Dash Open NH Flat Race (GBB Race)
880458,2025-09-23,Warwick,hurdle,Mary,1,102,211.90,-,136.52,-,138.35,-,pricedup.bet Mares' Handicap Hurdle
880458,2025-09-23,Warwick,hurdle,Tankardstown Diva,2,96,205.40,-,134.40,-,136.12,-,pricedup.bet Mares' Handicap Hurdle
880458,2025-09-23,Warwick,hurdle,Quick Of The Night,3,91,202.90,-,133.58,-,135.26,-,pricedup.bet Mares' Handicap Hurdle
881202,2025-09-23,Warwick,chase,Ile De Jersey,1,127,264.00,-,142.77,-,141.69,-,Paul Ferguson's Jumpers To Follow Handicap Chase (GBB Race)
881202,2025-09-23,Warwick,chase,Sail Away,2,135,259.50,-,141.59,-,140.54,-,Paul Ferguson's Jumpers To Follow Handicap Chase (GBB Race)
881202,2025-09-23,Warwick,chase,Presentandcounting,3,123,256.50,-,140.81,-,139.78,-,Paul Ferguson's Jumpers To Follow Handicap Chase (GBB Race)
880460,2025-09-23,Warwick,chase,Bumpy Evans,1,112,285.18,-,150.60,-,149.22,-,Propel Finance Novices' Handicap Chase (GBB Race)
880460,2025-09-23,Warwick,chase,Smugglers Haven,2,115,279.18,-,148.96,-,147.62,-,Propel Finance Novices' Handicap Chase (GBB Race)
880460,2025-09-23,Warwick,chase,Jubilant,3,122,273.68,-,147.45,-,146.16,-,Propel Finance Novices' Handicap Chase (GBB Race)
880460,2025-09-23,Warwick,chase,Deep Purple,4,118,273.18,-,147.32,-,146.03,-,Propel Finance Novices' Handicap Chase (GBB Race)
880460,2025-09-23,Warwick,chase,Jet Smart,5,111,253.18,-,141.85,-,140.71,-,Propel Finance Novices' Handicap Chase (GBB Race)
881203,2025-09-23,Warwick,hurdle,My Gift To You,1,110,281.48,-,143.73,-,144.89,-,Molson Coors Handicap Hurdle
881203,2025-09-23,Warwick,hurdle,Prince De Juilley,2,100,278.48,-,143.00,-,144.15,-,Molson Coors Handicap Hurdle
881203,2025-09-23,Warwick,hurdle,Kiss My Face,3,106,275.98,-,142.40,-,143.53,-,Molson Coors Handicap Hurdle
881203,2025-09-23,Warwick,hurdle,Ri Na Cuirte,4,104,263.98,-,139.51,-,140.56,-,Molson Coors Handicap Hurdle
881203,2025-09-23,Warwick,hurdle,Belles Benefit,5,103,259.23,-,138.37,-,139.39,-,Molson Coors Handicap Hurdle
881203,2025-09-23,Warwick,hurdle,Jack's Jury,6,94,259.03,-,138.32,-,139.34,-,Molson Coors Handicap Hurdle
880661,2025-09-24,Perth,chase,Reflection Of You,5,87,-62.58,-68.76,42.28,40.09,42.26,39.84,Thank You To Kinneston Owners Handicap Chase
881090,2025-09-26,Worcester,hurdle,Don Virginia,1,109,205.09,-,134.43,-,134.46,-,trustatrader.com Fixed Brush Hurdle Series Final Novices' Handicap Hurdle (GBB Race)
882478,2025-10-01,Warwick,hurdle,Doc McCoy,1,120,230.18,-,138.98,-,140.18,-,Ignite Incentives Handicap Hurdle
882478,2025-10-01,Warwick,hurdle,Arqoob,2,112,217.18,-,135.08,-,136.17,-,Ignite Incentives Handicap Hurdle
882478,2025-10-01,Warwick,hurdle,Crystal Glance,3,107,215.93,-,134.71,-,135.78,-,Ignite Incentives Handicap Hurdle
882478,2025-10-01,Warwick,hurdle,Mostly Sunny,4,118,207.93,-,132.31,-,133.31,-,Ignite Incentives Handicap Hurdle
882478,2025-10-01,Warwick,hurdle,Malaita,5,112,206.93,-,132.01,-,133.00,-,Ignite Incentives Handicap Hurdle
882151,2025-10-02,Southwell,chase,Peejaybee,1,121,230.28,-,137.61,-,135.15,-,Paul Ferguson's Jumpers To Follow Handicap Chase (GBB Race)
882151,2025-10-02,Southwell,chase,Do No Wrong,2,116,228.53,-,137.10,-,134.68,-,Paul Ferguson's Jumpers To Follow Handicap Chase (GBB Race)
882151,2025-10-02,Southwell,chase,Shantou Lucky,3,113,228.03,-,136.96,-,134.54,-,Paul Ferguson's Jumpers To Follow Handicap Chase (GBB Race)
882151,2025-10-02,Southwell,chase,Tiger Orchid,4,120,223.28,-,135.59,-,133.26,-,Paul Ferguson's Jumpers To Follow Handicap Chase (GBB Race)
882151,2025-10-02,Southwell,chase,Pike Road,5,110,216.78,-,133.71,-,131.51,-,Paul Ferguson's Jumpers To Follow Handicap Chase (GBB Race)
882153,2025-10-02,Southwell,hurdle,Bluegrass,1,122,214.91,-,147.24,-,146.55,-,Weatherbys Racing Bank Handicap Hurdle
882153,2025-10-02,Southwell,hurdle,Forget The Way,2,113,214.86,-,147.22,-,146.53,-,Weatherbys Racing Bank Handicap Hurdle
882153,2025-10-02,Southwell,hurdle,Whiskeywealth,3,125,211.61,-,145.88,-,145.21,-,Weatherbys Racing Bank Handicap Hurdle
882153,2025-10-02,Southwell,hurdle,Nowmelad,4,118,209.36,-,144.95,-,144.30,-,Weatherbys Racing Bank Handicap Hurdle
882154,2025-10-02,Southwell,hurdle,At Mangan Bridge,1,,204.89,-,134.72,-,133.76,-,Jodie Standing's Point-To-Point Recruits Novices' Hurdle (GBB Race)
882154,2025-10-02,Southwell,hurdle,Cinnodin,2,,202.64,-,133.98,-,133.04,-,Jodie Standing's Point-To-Point Recruits Novices' Hurdle (GBB Race)
882332,2025-10-03,Hexham,hurdle,Cap Ricochet,4,91,-6.25,-,60.14,-,61.31,-,Martin Bowler Memorial Novices' Limited Handicap Hurdle
882332,2025-10-03,Hexham,hurdle,Slemish,5,83,-7.25,-,59.76,-,60.95,-,Martin Bowler Memorial Novices' Limited Handicap Hurdle
882332,2025-10-03,Hexham,hurdle,Blended Stealth,6,75,-24.25,-,53.38,-,54.76,-,Martin Bowler Memorial Novices' Limited Handicap Hurdle
882332,2025-10-03,Hexham,hurdle,Mini Mario,7,94,-26.00,-,52.73,-,54.12,-,Martin Bowler Memorial Novices' Limited Handicap Hurdle
882864,2025-10-03,Hexham,hurdle,Divilabother,2,106,-48.81,-,43.75,-,45.41,-,Gordon Scorer Birthday Celebration Handicap Hurdle
882864,2025-10-03,Hexham,hurdle,Malangen,3,89,-49.56,-,43.46,-,45.13,-,Gordon Scorer Birthday Celebration Handicap Hurdle
882335,2025-10-03,Hexham,hurdle,Robert d'Ores,1,90,-115.48,-,23.58,-,27.30,-,Pest Arrest Pest Control North East Handicap Hurdle
882335,2025-10-03,Hexham,hurdle,Lelantos,2,96,-117.23,-,22.96,-,26.71,-,Pest Arrest Pest Control North East Handicap Hurdle
882335,2025-10-03,Hexham,hurdle,Zwicky,3,99,-117.98,-,22.69,-,26.45,-,Pest Arrest Pest Control North East Handicap Hurdle
882335,2025-10-03,Hexham,hurdle,Wee Alki,4,94,-120.98,-,21.63,-,25.44,-,Pest Arrest Pest Control North East Handicap Hurdle
882335,2025-10-03,Hexham,hurdle,Getaway With You,5,75,-124.23,-,20.48,-,24.35,-,Pest Arrest Pest Control North East Handicap Hurdle
882335,2025-10-03,Hexham,hurdle,Star Vantage,6,92,-124.53,-,20.37,-,24.24,-,Pest Arrest Pest Control North East Handicap Hurdle
882336,2025-10-03,Hexham,chase,Heeztheboy,1,81,-6.81,-,58.34,-,60.31,-,Congratulations Luke England & Jessica Lee Handicap Chase
882336,2025-10-03,Hexham,chase,Too Cool Forshrule,2,95,-21.81,-,52.49,-,54.74,-,Congratulations Luke England & Jessica Lee Handicap Chase
882336,2025-10-03,Hexham,chase,Am Still Here,3,88,-66.81,-,34.94,-,38.02,-,Congratulations Luke England & Jessica Lee Handicap Chase
882337,2025-10-03,Hexham,chase,Ballydangan,1,78,-42.59,-,51.56,-,55.71,-,Lee 'Bazza' Jenkinson Memorial Handicap Chase
882337,2025-10-03,Hexham,chase,Wholly Boley,2,98,-52.59,-,48.16,-,52.61,-,Lee 'Bazza' Jenkinson Memorial Handicap Chase
882337,2025-10-03,Hexham,chase,You Say Its Over,3,71,-53.84,-,47.74,-,52.22,-,Lee 'Bazza' Jenkinson Memorial Handicap Chase
882934,2025-10-07,Huntingdon,chase,Zestful Hope,1,107,248.55,-,148.98,-,147.84,-,JCB Hydrogen Handicap Chase (GBB Race)
882934,2025-10-07,Huntingdon,chase,Pep Talking,2,102,235.55,-,144.69,-,143.65,-,JCB Hydrogen Handicap Chase (GBB Race)
882934,2025-10-07,Huntingdon,chase,Davidoc,3,104,228.55,-,142.38,-,141.40,-,JCB Hydrogen Handicap Chase (GBB Race)
882934,2025-10-07,Huntingdon,chase,Catchim,4,104,216.55,-,138.43,-,137.53,-,JCB Hydrogen Handicap Chase (GBB Race)
882936,2025-10-07,Huntingdon,hurdle,Indian Sunbird,1,89,257.82,-,141.26,-,140.84,-,JCB Fastrac Handicap Hurdle
882936,2025-10-07,Huntingdon,hurdle,Captain Trigger,2,73,255.07,-,140.54,-,140.13,-,JCB Fastrac Handicap Hurdle
882936,2025-10-07,Huntingdon,hurdle,Land Girl's Luck,3,100,251.32,-,139.56,-,139.16,-,JCB Fastrac Handicap Hurdle
882936,2025-10-07,Huntingdon,hurdle,The Wise Traveller,4,99,251.02,-,139.49,-,139.08,-,JCB Fastrac Handicap Hurdle
882936,2025-10-07,Huntingdon,hurdle,Chedington's Guest,5,90,250.02,-,139.22,-,138.82,-,JCB Fastrac Handicap Hurdle
882936,2025-10-07,Huntingdon,hurdle,Faerie Cutlass,6,92,244.52,-,137.79,-,137.40,-,JCB Fastrac Handicap Hurdle
882936,2025-10-07,Huntingdon,hurdle,Casting Aspersions,7,100,242.02,-,137.13,-,136.75,-,JCB Fastrac Handicap Hurdle
882936,2025-10-07,Huntingdon,hurdle,Fox's Socks,8,75,228.02,-,133.47,-,133.13,-,JCB Fastrac Handicap Hurdle
883141,2025-10-08,Sedgefield,chase,Pescatorius,1,81,216.46,110.43,130.57,102.74,129.35,102.76,Fairlight Studios At Sedgefield Racecourse Handicap Chase
883141,2025-10-08,Sedgefield,chase,Sir Carnegie,2,86,215.46,109.43,130.30,102.48,129.10,102.49,Fairlight Studios At Sedgefield Racecourse Handicap Chase
883142,2025-10-08,Sedgefield,hurdle,Isle Of Sark,1,107,200.61,113.81,132.25,104.43,133.30,104.81,Jodie Standing's Point-To-Point Recruits Handicap Hurdle
883149,2025-10-08,Ludlow,chase,Hold Your Fort,1,116,227.62,127.32,136.40,107.79,135.15,107.90,Ludlow Brewing Company Handicap Chase (GBB Race)
883149,2025-10-08,Ludlow,chase,Straw Fan Jack,2,123,202.62,102.32,129.27,100.66,128.27,100.67,Ludlow Brewing Company Handicap Chase (GBB Race)
883149,2025-10-08,Ludlow,chase,Another Day Out,3,105,200.12,99.82,128.55,99.95,127.58,99.95,Ludlow Brewing Company Handicap Chase (GBB Race)
883763,2025-10-08,Ludlow,hurdle,Of Course You Can,1,100,221.95,126.99,136.74,108.13,137.43,108.73,Remembering Margaret Roberts Mares' Handicap Hurdle
883763,2025-10-08,Ludlow,hurdle,Diplomatie,2,113,221.45,126.49,136.59,107.98,137.28,108.56,Remembering Margaret Roberts Mares' Handicap Hurdle
883763,2025-10-08,Ludlow,hurdle,Porter In The Park,3,118,218.70,123.74,135.76,107.15,136.43,107.68,Remembering Margaret Roberts Mares' Handicap Hurdle
883763,2025-10-08,Ludlow,hurdle,Versace Twentyone,4,104,215.95,120.99,134.93,106.32,135.59,106.79,Remembering Margaret Roberts Mares' Handicap Hurdle
883763,2025-10-08,Ludlow,hurdle,La Marquise,5,115,200.95,105.99,130.41,101.80,130.98,101.94,Remembering Margaret Roberts Mares' Handicap Hurdle
883788,2025-10-11,Hexham,nh_flat,Tony Joe,1,,-28.81,-,36.53,-,38.70,-,L & R Pest Control Services Open NH Flat Race (GBB Race)
883788,2025-10-11,Hexham,nh_flat,Get On George,2,,-28.86,-,36.51,-,38.67,-,L & R Pest Control Services Open NH Flat Race (GBB Race)
883788,2025-10-11,Hexham,nh_flat,Freddie Steady Go,3,,-29.36,-,36.26,-,38.43,-,L & R Pest Control Services Open NH Flat Race (GBB Race)
883788,2025-10-11,Hexham,nh_flat,Hourman,4,,-29.66,-,36.12,-,38.29,-,L & R Pest Control Services Open NH Flat Race (GBB Race)
884010,2025-10-13,Hereford,chase,Lelant,1,80,202.59,-,132.44,-,132.34,-,BeatWright: Beat The Wright Way Handicap Chase
884760,2025-10-13,Hereford,hurdle,Donnie Azoff,1,117,265.52,-,150.02,-,148.62,-,Join The 2025/2026 Hereford Racing Club Handicap Hurdle
884760,2025-10-13,Hereford,hurdle,Ballintubber Boy,2,122,264.27,-,149.64,-,148.25,-,Join The 2025/2026 Hereford Racing Club Handicap Hurdle
884760,2025-10-13,Hereford,hurdle,Jeudidee,3,104,260.52,-,148.51,-,147.15,-,Join The 2025/2026 Hereford Racing Club Handicap Hurdle
884157,2025-10-14,Market Rasen,hurdle,Star Pupil,7,,-28.68,-,45.08,-,45.40,-,PricedUp Daily Sports Boosts Maiden Hurdle (GBB Race)
884160,2025-10-14,Market Rasen,hurdle,Raincloud,9,71,-9.13,-,65.14,-,65.78,-,Download The PricedUp App Handicap Hurdle
884160,2025-10-14,Market Rasen,hurdle,High Grounds,10,77,-12.13,-,64.18,-,64.84,-,Download The PricedUp App Handicap Hurdle
884160,2025-10-14,Market Rasen,hurdle,El Muchacho,11,95,-23.13,-,60.66,-,61.39,-,Download The PricedUp App Handicap Hurdle
884160,2025-10-14,Market Rasen,hurdle,Uncle Al,12,87,-39.13,-,55.55,-,56.38,-,Download The PricedUp App Handicap Hurdle
884162,2025-10-14,Market Rasen,chase,I Am Rocco,2,100,-0.96,-,60.49,-,60.88,-,PricedUp The Jumps Novices' Handicap Chase
884162,2025-10-14,Market Rasen,chase,Independent Jimmy,3,96,-2.71,-,59.81,-,60.21,-,PricedUp The Jumps Novices' Handicap Chase
884162,2025-10-14,Market Rasen,chase,Wild Nephin,4,88,-16.71,-,54.33,-,54.78,-,PricedUp The Jumps Novices' Handicap Chase
884162,2025-10-14,Market Rasen,chase,Great Ballinboris,5,76,-19.71,-,53.16,-,53.62,-,PricedUp The Jumps Novices' Handicap Chase
884162,2025-10-14,Market Rasen,chase,Liloo D'ores,6,78,-26.21,-,50.61,-,51.10,-,PricedUp The Jumps Novices' Handicap Chase
884162,2025-10-14,Market Rasen,chase,Jackhammer,7,67,-60.21,-,37.31,-,37.93,-,PricedUp The Jumps Novices' Handicap Chase
884361,2025-10-15,Wetherby,hurdle,Destination Dubai,1,,212.74,-,138.48,-,137.33,-,"Boyle Sports, Home Of The Early Payout Novices' Hurdle (GBB Race)"
884361,2025-10-15,Wetherby,hurdle,Herja,2,105,210.74,-,137.79,-,136.67,-,"Boyle Sports, Home Of The Early Payout Novices' Hurdle (GBB Race)"
884361,2025-10-15,Wetherby,hurdle,The Clonmel Kid,3,110,203.24,-,135.24,-,134.18,-,"Boyle Sports, Home Of The Early Payout Novices' Hurdle (GBB Race)"
884369,2025-10-15,Worcester,chase,Getaway Jewel,10,76,-13.93,-10.64,52.23,53.61,51.26,52.78,PJ Nicholls KGM Korea Genuinely Made Handicap Chase
884364,2025-10-15,Wetherby,hurdle,Max Of Stars,1,115,200.31,-,139.88,-,140.64,-,Flipit Sell Your Car Better Handicap Hurdle
884365,2025-10-15,Wetherby,chase,Magistrato,1,123,285.87,-,163.24,-,159.92,-,Bobby Renton Handicap Chase (GBB Race)
884365,2025-10-15,Wetherby,chase,Mahons Glory,2,137,254.87,-,152.69,-,149.92,-,Bobby Renton Handicap Chase (GBB Race)
884366,2025-10-15,Wetherby,hurdle,Kiss My Face,1,105,298.86,-,154.47,-,152.29,-,Visit racingtv.com Handicap Hurdle
884366,2025-10-15,Wetherby,hurdle,Belladinotte,2,79,297.36,-,154.06,-,151.89,-,Visit racingtv.com Handicap Hurdle
884366,2025-10-15,Wetherby,hurdle,Victory Club,3,92,292.36,-,152.69,-,150.58,-,Visit racingtv.com Handicap Hurdle
884366,2025-10-15,Wetherby,hurdle,Tees Comp's Clive,4,82,291.36,-,152.41,-,150.32,-,Visit racingtv.com Handicap Hurdle
884366,2025-10-15,Wetherby,hurdle,Thank You Blue,5,104,290.86,-,152.27,-,150.19,-,Visit racingtv.com Handicap Hurdle
884366,2025-10-15,Wetherby,hurdle,Red Force One,6,102,284.86,-,150.63,-,148.61,-,Visit racingtv.com Handicap Hurdle
884366,2025-10-15,Wetherby,hurdle,Rebel Intentions,7,92,281.36,-,149.67,-,147.69,-,Visit racingtv.com Handicap Hurdle
884366,2025-10-15,Wetherby,hurdle,Romeo Brown,8,99,279.61,-,149.19,-,147.23,-,Visit racingtv.com Handicap Hurdle
884366,2025-10-15,Wetherby,hurdle,East Eagle,9,82,270.61,-,146.73,-,144.86,-,Visit racingtv.com Handicap Hurdle
884366,2025-10-15,Wetherby,hurdle,Easter Icon,10,103,251.61,-,141.52,-,139.86,-,Visit racingtv.com Handicap Hurdle
884373,2025-10-15,Worcester,hurdle,Portcammon,9,91,-25.14,-5.41,56.97,63.76,56.93,64.15,FBC Manby Bowdler Conditional Jockeys' Handicap Hurdle
884683,2025-10-16,Carlisle,hurdle,King Ulanda,1,104,208.18,136.01,142.01,113.98,140.87,114.28,Claims Care Supporting Hospice At Home Conditional Jockeys' Handicap Hurdle
884687,2025-10-16,Carlisle,hurdle,Looking Splendid,1,93,205.19,122.31,135.57,107.54,134.50,107.68,JJ Group Contracting Handicap Hurdle
884687,2025-10-16,Carlisle,hurdle,Top Flight Century,2,85,204.44,121.56,135.31,107.29,134.26,107.42,JJ Group Contracting Handicap Hurdle
884687,2025-10-16,Carlisle,hurdle,Rickety Gate,3,91,200.44,117.56,133.96,105.94,132.95,106.04,JJ Group Contracting Handicap Hurdle
884687,2025-10-16,Carlisle,hurdle,Dalileo,4,93,200.24,117.36,133.89,105.87,132.88,105.98,JJ Group Contracting Handicap Hurdle
884687,2025-10-16,Carlisle,hurdle,Coral Blue,5,91,200.19,117.31,133.88,105.85,132.86,105.96,JJ Group Contracting Handicap Hurdle
885047,2025-10-18,Stratford,chase,Annie Nail,5,79,-8.40,-25.10,66.27,61.08,66.03,60.43,Stephen John Thombs Memorial Handicap Chase
885047,2025-10-18,Stratford,chase,Invictus Allen,6,82,-37.40,-54.10,57.25,52.06,56.94,51.26,Stephen John Thombs Memorial Handicap Chase
885067,2025-10-19,Sedgefield,chase,Red Delta,1,108,207.90,179.31,128.43,120.89,127.29,120.32,Naylors Gavin Black Handicap Chase (GBB Race)
885067,2025-10-19,Sedgefield,chase,Hostile Hotelier,2,108,203.15,174.56,127.17,119.64,126.09,119.10,Naylors Gavin Black Handicap Chase (GBB Race)
885070,2025-10-19,Sedgefield,nh_flat,Serenarella,5,,-10.35,-43.46,56.91,43.98,54.56,39.50,Paxtons No1 For CaseIH Open NH Flat Race (GBB Race)
885236,2025-10-20,Plumpton,chase,Ken Roy,1,109,-101.86,-,38.11,-,39.48,-,Nick And Valda Embiricos Memorial Novices' Handicap Chase (GBB Race)
885236,2025-10-20,Plumpton,chase,Blackacre,2,80,-111.36,-,35.19,-,36.63,-,Nick And Valda Embiricos Memorial Novices' Handicap Chase (GBB Race)
885236,2025-10-20,Plumpton,chase,Masterdream,3,107,-136.36,-,27.53,-,29.14,-,Nick And Valda Embiricos Memorial Novices' Handicap Chase (GBB Race)
886082,2025-10-21,Perth,hurdle,Just An Artist,1,,-23.25,-,43.75,-,41.59,-,Perth & Kinross Foodbank Mares' Maiden Hurdle (GBB Race)
886082,2025-10-21,Perth,hurdle,Chanonry Point,2,,-28.00,-,41.58,-,39.34,-,Perth & Kinross Foodbank Mares' Maiden Hurdle (GBB Race)
886082,2025-10-21,Perth,hurdle,Centurion's Sister,3,,-28.50,-,41.35,-,39.10,-,Perth & Kinross Foodbank Mares' Maiden Hurdle (GBB Race)
886082,2025-10-21,Perth,hurdle,Hunters Spring,4,,-28.55,-,41.33,-,39.08,-,Perth & Kinross Foodbank Mares' Maiden Hurdle (GBB Race)
886082,2025-10-21,Perth,hurdle,Tropical Twist,5,,-36.55,-,37.68,-,35.29,-,Perth & Kinross Foodbank Mares' Maiden Hurdle (GBB Race)
886082,2025-10-21,Perth,hurdle,Rose's Dart,6,,-37.80,-,37.11,-,34.70,-,Perth & Kinross Foodbank Mares' Maiden Hurdle (GBB Race)
886082,2025-10-21,Perth,hurdle,Tigress Lilly,7,,-41.80,-,35.28,-,32.80,-,Perth & Kinross Foodbank Mares' Maiden Hurdle (GBB Race)
886082,2025-10-21,Perth,hurdle,Solway Staree,8,66,-73.80,-,20.68,-,17.64,-,Perth & Kinross Foodbank Mares' Maiden Hurdle (GBB Race)
885391,2025-10-21,Perth,hurdle,Sleedagh,2,,-0.31,-,63.33,-,63.11,-,Edinburgh Gin Owner Trainer Jockey Awards EBF 'National Hunt' Maiden Hurdle (GBB Race)
885391,2025-10-21,Perth,hurdle,Jentobello,3,108,-1.56,-,62.87,-,62.65,-,Edinburgh Gin Owner Trainer Jockey Awards EBF 'National Hunt' Maiden Hurdle (GBB Race)
885391,2025-10-21,Perth,hurdle,The G Wizard,4,,-3.06,-,62.32,-,62.10,-,Edinburgh Gin Owner Trainer Jockey Awards EBF 'National Hunt' Maiden Hurdle (GBB Race)
885391,2025-10-21,Perth,hurdle,Whenthemusicstops,5,,-19.06,-,56.47,-,56.22,-,Edinburgh Gin Owner Trainer Jockey Awards EBF 'National Hunt' Maiden Hurdle (GBB Race)
885391,2025-10-21,Perth,hurdle,Keep Tabs On You,6,,-32.06,-,51.72,-,51.44,-,Edinburgh Gin Owner Trainer Jockey Awards EBF 'National Hunt' Maiden Hurdle (GBB Race)
885392,2025-10-21,Perth,hurdle,Nathan Wells,1,97,-0.51,-,54.97,-,53.25,-,Equine Products UK Best Turned Out Handicap Hurdle
885392,2025-10-21,Perth,hurdle,Tanking Along,2,85,-1.26,-,54.64,-,52.90,-,Equine Products UK Best Turned Out Handicap Hurdle
885392,2025-10-21,Perth,hurdle,Snow Dragon,3,90,-2.51,-,54.08,-,52.32,-,Equine Products UK Best Turned Out Handicap Hurdle
885392,2025-10-21,Perth,hurdle,Platin Moon,4,100,-6.51,-,52.28,-,50.46,-,Equine Products UK Best Turned Out Handicap Hurdle
885392,2025-10-21,Perth,hurdle,Vampire Slayer,5,97,-12.51,-,49.60,-,47.67,-,Equine Products UK Best Turned Out Handicap Hurdle
885392,2025-10-21,Perth,hurdle,Gemini Man,6,99,-26.51,-,43.32,-,41.15,-,Equine Products UK Best Turned Out Handicap Hurdle
885392,2025-10-21,Perth,hurdle,Liberty Flame,7,89,-28.51,-,42.43,-,40.22,-,Equine Products UK Best Turned Out Handicap Hurdle
885392,2025-10-21,Perth,hurdle,Jeepydoff Meel,8,80,-30.51,-,41.53,-,39.29,-,Equine Products UK Best Turned Out Handicap Hurdle
885392,2025-10-21,Perth,hurdle,The Resdev Tyke,9,98,-38.51,-,37.95,-,35.57,-,Equine Products UK Best Turned Out Handicap Hurdle
885392,2025-10-21,Perth,hurdle,Game Beaaa,10,93,-56.51,-,29.88,-,27.20,-,Equine Products UK Best Turned Out Handicap Hurdle
885550,2025-10-21,Exeter,hurdle,Time To Bite,1,106,200.91,-,129.39,-,128.92,-,Download The PricedUp App Handicap Hurdle
885550,2025-10-21,Exeter,hurdle,Ballintubber Boy,2,122,200.41,-,129.24,-,128.78,-,Download The PricedUp App Handicap Hurdle
885393,2025-10-21,Perth,chase,Kingston Pride,1,132,-32.63,-,49.96,-,49.94,-,Join Racing TV Now Kilmany Beginners' Chase (GBB Race)
885393,2025-10-21,Perth,chase,Jet To Vegas,2,,-35.38,-,48.92,-,48.91,-,Join Racing TV Now Kilmany Beginners' Chase (GBB Race)
885394,2025-10-21,Perth,chase,Burgundy Man,1,87,-30.51,-,58.48,-,59.06,-,Racing TV Profits Returned To Racing Handicap Chase
885394,2025-10-21,Perth,chase,Thehairyfella,2,85,-32.26,-,57.92,-,58.51,-,Racing TV Profits Returned To Racing Handicap Chase
885394,2025-10-21,Perth,chase,Reflection Of You,3,87,-37.76,-,56.18,-,56.78,-,Racing TV Profits Returned To Racing Handicap Chase
885394,2025-10-21,Perth,chase,Auchinlek,4,89,-50.76,-,52.04,-,52.71,-,Racing TV Profits Returned To Racing Handicap Chase
885394,2025-10-21,Perth,chase,Uptown Harry,5,85,-53.01,-,51.32,-,52.00,-,Racing TV Profits Returned To Racing Handicap Chase
885394,2025-10-21,Perth,chase,Athair Mor,6,94,-53.06,-,51.31,-,51.98,-,Racing TV Profits Returned To Racing Handicap Chase
885395,2025-10-21,Perth,hurdle,Kap Boy,1,109,-21.62,-,54.86,-,54.60,-,Every Race Live On Racing TV Handicap Hurdle (Div 1)
885395,2025-10-21,Perth,hurdle,Tread Softly Now,2,87,-28.62,-,52.26,-,51.98,-,Every Race Live On Racing TV Handicap Hurdle (Div 1)
885395,2025-10-21,Perth,hurdle,Fostered Phil,3,102,-36.12,-,49.48,-,49.18,-,Every Race Live On Racing TV Handicap Hurdle (Div 1)
885395,2025-10-21,Perth,hurdle,She's Notjoeking,4,96,-39.62,-,48.18,-,47.88,-,Every Race Live On Racing TV Handicap Hurdle (Div 1)
885395,2025-10-21,Perth,hurdle,Pergamon,5,107,-45.62,-,45.95,-,45.64,-,Every Race Live On Racing TV Handicap Hurdle (Div 1)
885395,2025-10-21,Perth,hurdle,Feach Amach,6,105,-96.62,-,27.02,-,26.60,-,Every Race Live On Racing TV Handicap Hurdle (Div 1)
885396,2025-10-21,Perth,hurdle,Diamond Geezer,1,102,-56.50,-,40.57,-,40.22,-,Every Race Live On Racing TV Handicap Hurdle (Div 2)
885396,2025-10-21,Perth,hurdle,Mountain Molly,2,106,-57.25,-,40.28,-,39.94,-,Every Race Live On Racing TV Handicap Hurdle (Div 2)
885396,2025-10-21,Perth,hurdle,Cher Tara,3,97,-66.75,-,36.68,-,36.31,-,Every Race Live On Racing TV Handicap Hurdle (Div 2)
885396,2025-10-21,Perth,hurdle,Burning It Up,4,94,-76.25,-,33.07,-,32.68,-,Every Race Live On Racing TV Handicap Hurdle (Div 2)
885396,2025-10-21,Perth,hurdle,Sauce Of Life,5,107,-77.25,-,32.69,-,32.30,-,Every Race Live On Racing TV Handicap Hurdle (Div 2)
885396,2025-10-21,Perth,hurdle,Follow Charlie,6,104,-80.75,-,31.36,-,30.96,-,Every Race Live On Racing TV Handicap Hurdle (Div 2)
885396,2025-10-21,Perth,hurdle,Coventry,7,87,-82.00,-,30.88,-,30.48,-,Every Race Live On Racing TV Handicap Hurdle (Div 2)
885397,2025-10-21,Perth,hurdle,Spit Spot,1,110,-157.97,-,13.71,-,13.54,-,Follow racingtv On Instagram Handicap Hurdle
885397,2025-10-21,Perth,hurdle,I Wish You,2,111,-158.27,-,13.61,-,13.44,-,Follow racingtv On Instagram Handicap Hurdle
885397,2025-10-21,Perth,hurdle,Coffeys Forge,3,100,-161.77,-,12.44,-,12.27,-,Follow racingtv On Instagram Handicap Hurdle
885397,2025-10-21,Perth,hurdle,Stiletto,4,100,-163.77,-,11.77,-,11.60,-,Follow racingtv On Instagram Handicap Hurdle
885397,2025-10-21,Perth,hurdle,Dalileo,5,93,-167.02,-,10.69,-,10.51,-,Follow racingtv On Instagram Handicap Hurdle
885397,2025-10-21,Perth,hurdle,Maura Jeanne,6,94,-174.02,-,8.35,-,8.17,-,Follow racingtv On Instagram Handicap Hurdle
885397,2025-10-21,Perth,hurdle,Blakey Boy,7,102,-189.02,-,3.33,-,3.14,-,Follow racingtv On Instagram Handicap Hurdle
885397,2025-10-21,Perth,hurdle,Shoeshine Boy,8,101,-191.02,-,2.66,-,2.47,-,Follow racingtv On Instagram Handicap Hurdle
885397,2025-10-21,Perth,hurdle,Champ Royal,9,112,-192.77,-,2.07,-,1.88,-,Follow racingtv On Instagram Handicap Hurdle
885587,2025-10-22,Worcester,hurdle,Commodore Miller,7,84,-27.57,12.29,54.72,68.87,54.59,69.53,PJ Nicholls KGM Korea Genuinely Made Handicap Hurdle (Div 1)
885588,2025-10-22,Worcester,hurdle,Reel Orange,9,95,-21.56,11.28,56.28,68.09,56.16,68.65,PJ Nicholls KGM Korea Genuinely Made Handicap Hurdle (Div 2)
886367,2025-10-23,Fontwell,hurdle,Keno Black,6,,-10.04,44.10,59.22,79.28,59.15,79.95,Bet Clever BetGoodwin Maiden Hurdle (GBB Race) (Div 1)
885848,2025-10-23,Ludlow,hurdle,Ask Peter,3,87,-1.01,-,65.70,-,64.86,-,HR Smith Mares' Novices' Hurdle (GBB Race)
885848,2025-10-23,Ludlow,hurdle,Dothejive,4,,-9.01,-,62.99,-,62.08,-,HR Smith Mares' Novices' Hurdle (GBB Race)
885857,2025-10-23,Fontwell,chase,Record High,2,99,-0.63,52.93,70.92,86.39,71.71,87.10,BetGoodwin Steamer Of The Day Handicap Chase
885857,2025-10-23,Fontwell,chase,Lough Owel,3,89,-0.73,52.83,70.89,86.37,71.68,87.08,BetGoodwin Steamer Of The Day Handicap Chase
885857,2025-10-23,Fontwell,chase,Of Corse I Can,4,73,-4.98,48.58,69.66,85.14,70.49,85.91,BetGoodwin Steamer Of The Day Handicap Chase
885857,2025-10-23,Fontwell,chase,Grand Sabre,5,81,-41.98,11.58,58.97,74.44,60.09,75.78,BetGoodwin Steamer Of The Day Handicap Chase
885858,2025-10-23,Fontwell,hurdle,Drumheller,6,91,-4.49,42.20,65.36,80.84,65.14,81.22,Lightning Payments At BetGoodwin Novices' Limited Handicap Hurdle
885858,2025-10-23,Fontwell,hurdle,Call Your Bluff,7,90,-18.49,28.20,60.72,76.20,60.47,76.68,Lightning Payments At BetGoodwin Novices' Limited Handicap Hurdle
885858,2025-10-23,Fontwell,hurdle,Kopa Kilana,8,91,-19.74,26.95,60.31,75.78,60.05,76.27,Lightning Payments At BetGoodwin Novices' Limited Handicap Hurdle
886428,2025-10-27,Bangor-on-Dee,hurdle,L'air Du Large,13,,-10.44,-16.08,55.91,53.66,54.24,51.71,Classic Additions Novices' Hurdle (GBB Race)
886585,2025-10-28,Ffos Las,chase,Filanderer,1,112,226.77,-,144.97,-,142.28,-,Best Odds Guaranteed On DragonBet Handicap Chase (GBB Race)
886585,2025-10-28,Ffos Las,chase,Miralago,2,124,210.77,-,139.30,-,136.95,-,Best Odds Guaranteed On DragonBet Handicap Chase (GBB Race)
886585,2025-10-28,Ffos Las,chase,Donnacha,3,128,207.02,-,137.97,-,135.70,-,Best Odds Guaranteed On DragonBet Handicap Chase (GBB Race)
886585,2025-10-28,Ffos Las,chase,De Kingpin,4,114,206.27,-,137.70,-,135.45,-,Best Odds Guaranteed On DragonBet Handicap Chase (GBB Race)
886585,2025-10-28,Ffos Las,chase,Tune In A Box,5,127,202.52,-,136.37,-,134.20,-,Best Odds Guaranteed On DragonBet Handicap Chase (GBB Race)
886740,2025-10-29,Newton Abbot,hurdle,Gentleman Toboot,1,,-16.88,58.66,60.59,86.06,59.51,86.30,South West Rail Solutions Ltd. Novices' Hurdle (GBB Race)
886740,2025-10-29,Newton Abbot,hurdle,A Pai De Nom,2,,-18.63,56.91,60.00,85.47,58.91,85.72,South West Rail Solutions Ltd. Novices' Hurdle (GBB Race)
886740,2025-10-29,Newton Abbot,hurdle,Tommy Pickles,3,,-26.13,49.41,57.47,82.94,56.31,83.24,South West Rail Solutions Ltd. Novices' Hurdle (GBB Race)
886740,2025-10-29,Newton Abbot,hurdle,Border Gem,4,,-27.38,48.16,57.04,82.52,55.88,82.82,South West Rail Solutions Ltd. Novices' Hurdle (GBB Race)
886740,2025-10-29,Newton Abbot,hurdle,Noahsgreatrainbow,5,,-27.48,48.06,57.01,82.49,55.84,82.79,South West Rail Solutions Ltd. Novices' Hurdle (GBB Race)
886740,2025-10-29,Newton Abbot,hurdle,Thankyouandplease,6,96,-27.78,47.76,56.91,82.38,55.74,82.69,South West Rail Solutions Ltd. Novices' Hurdle (GBB Race)
886740,2025-10-29,Newton Abbot,hurdle,Pougie,7,,-42.78,32.76,51.85,77.33,50.54,77.72,South West Rail Solutions Ltd. Novices' Hurdle (GBB Race)
886736,2025-10-29,Fakenham,chase,Reforme,1,91,-43.63,-,54.28,-,55.34,-,Robert Edwards Memorial Novices' Handicap Chase
886736,2025-10-29,Fakenham,chase,Karavomylos,2,94,-44.63,-,53.96,-,55.02,-,Robert Edwards Memorial Novices' Handicap Chase
886736,2025-10-29,Fakenham,chase,Damekap,3,59,-49.63,-,52.37,-,53.47,-,Robert Edwards Memorial Novices' Handicap Chase
886736,2025-10-29,Fakenham,chase,Midnight Gold,4,95,-50.38,-,52.13,-,53.24,-,Robert Edwards Memorial Novices' Handicap Chase
886743,2025-10-29,Newton Abbot,hurdle,King Of The Lake,3,124,-2.01,74.73,66.13,91.61,65.21,91.76,CompWiz Solutions For Business Handicap Hurdle
886743,2025-10-29,Newton Abbot,hurdle,Kayf Dancer,4,121,-10.01,66.73,63.48,88.95,62.48,89.15,CompWiz Solutions For Business Handicap Hurdle
886743,2025-10-29,Newton Abbot,hurdle,Road Senam,5,117,-37.01,39.73,54.51,79.99,53.28,80.34,CompWiz Solutions For Business Handicap Hurdle
886744,2025-10-29,Newton Abbot,chase,Castelfort,5,122,-4.76,80.18,64.46,93.28,64.07,93.53,South West Rail Solutions Ltd. Handicap Chase (GBB Race)
886744,2025-10-29,Newton Abbot,chase,Theformismighty,6,122,-6.76,78.18,63.78,92.60,63.38,92.88,South West Rail Solutions Ltd. Handicap Chase (GBB Race)
886744,2025-10-29,Newton Abbot,chase,No Tackle,7,111,-9.76,75.18,62.76,91.58,62.35,91.90,South West Rail Solutions Ltd. Handicap Chase (GBB Race)
886744,2025-10-29,Newton Abbot,chase,Givehimthehonour,8,99,-13.26,71.68,61.58,90.39,61.15,90.75,South West Rail Solutions Ltd. Handicap Chase (GBB Race)
886745,2025-10-29,Newton Abbot,nh_flat,Keepsoldieringon,10,,-5.68,62.96,55.64,84.45,54.06,84.69,Celebrating Tony Collier's 63yrs Dedicated Service Open Maiden NH Flat Race (GBB Race)
886745,2025-10-29,Newton Abbot,nh_flat,Scorporite,11,,-95.68,-27.04,17.85,46.67,14.93,47.49,Celebrating Tony Collier's 63yrs Dedicated Service Open Maiden NH Flat Race (GBB Race)
886739,2025-10-29,Fakenham,hurdle,Jackeline,2,97,-7.91,-,59.12,-,59.96,-,Enjoy The Jumps On RacingTV Conditional Jockeys' Handicap Hurdle
886739,2025-10-29,Fakenham,hurdle,Green Asset,3,93,-8.11,-,59.05,-,59.89,-,Enjoy The Jumps On RacingTV Conditional Jockeys' Handicap Hurdle
886739,2025-10-29,Fakenham,hurdle,Dartmouth Rose,4,86,-10.36,-,58.20,-,59.05,-,Enjoy The Jumps On RacingTV Conditional Jockeys' Handicap Hurdle
886739,2025-10-29,Fakenham,hurdle,Sawpit Sienna,5,75,-23.36,-,53.27,-,54.23,-,Enjoy The Jumps On RacingTV Conditional Jockeys' Handicap Hurdle
887058,2025-10-30,Newcastle,chase,Iturgeon Du Breuil,6,71,-15.16,-,63.82,-,64.97,-,Sky Sports Racing Virgin 519 Novices' Handicap Chase
887073,2025-10-30,Stratford,hurdle,Secret Pass,14,,-2.15,-,58.55,-,56.25,-,EBF And Charlie Longsdon Racing 'National Hunt' Novices' Hurdle (GBB Race) (Div 2)
887076,2025-10-30,Stratford,chase,Felton Bellevue,7,97,-4.32,-,66.90,-,66.66,-,J.H. Rowe Memorial Handicap Chase
887076,2025-10-30,Stratford,chase,Ballybeen,8,100,-14.32,-,63.73,-,63.47,-,J.H. Rowe Memorial Handicap Chase
887076,2025-10-30,Stratford,chase,Glajou,9,104,-19.07,-,62.23,-,61.95,-,J.H. Rowe Memorial Handicap Chase
887076,2025-10-30,Stratford,chase,Onewayortother,10,102,-27.07,-,59.69,-,59.39,-,J.H. Rowe Memorial Handicap Chase
887077,2025-10-30,Stratford,nh_flat,The Lakes,12,,-28.21,-,46.70,-,43.72,-,Charlotte Cole And Becky Rowland Memorial Fillies' 'Junior' NH Flat Race (GBB Race)
887077,2025-10-30,Stratford,nh_flat,Amhranai,13,,-116.21,-,10.12,-,5.09,-,Charlotte Cole And Becky Rowland Memorial Fillies' 'Junior' NH Flat Race (GBB Race)
887754,2025-10-31,Wetherby,chase,The Four Sixes,1,144,201.44,-,136.23,-,134.32,-,bet365 'Chasing Excellence' Beginners' Chase (GBB Race)
887177,2025-10-31,Uttoxeter,hurdle,Shengai Enki,7,114,-5.96,24.39,61.86,72.79,61.59,73.10,Weatherbys & Birdie Calendars Handicap Hurdle
887163,2025-10-31,Wetherby,chase,Thistle Ask,1,115,253.80,-,153.29,-,150.49,-,Bet Boost At bet365 Handicap Chase (Premier Handicap) (GBB Race)
887163,2025-10-31,Wetherby,chase,Inedit Star,2,129,246.30,-,150.69,-,148.02,-,Bet Boost At bet365 Handicap Chase (Premier Handicap) (GBB Race)
887163,2025-10-31,Wetherby,chase,Prairie Wolf,3,134,243.55,-,149.74,-,147.12,-,Bet Boost At bet365 Handicap Chase (Premier Handicap) (GBB Race)
887163,2025-10-31,Wetherby,chase,Magistrato,4,128,238.05,-,147.83,-,145.32,-,Bet Boost At bet365 Handicap Chase (Premier Handicap) (GBB Race)
887163,2025-10-31,Wetherby,chase,Tommy's Oscar,5,146,234.80,-,146.71,-,144.25,-,Bet Boost At bet365 Handicap Chase (Premier Handicap) (GBB Race)
887163,2025-10-31,Wetherby,chase,Homme Public,6,140,234.05,-,146.45,-,144.00,-,Bet Boost At bet365 Handicap Chase (Premier Handicap) (GBB Race)
887180,2025-10-31,Uttoxeter,nh_flat,Madmoiselle Moss,9,,-9.54,15.05,51.34,62.26,50.46,62.31,QuinnBet NH Flat Race (Conditional And Amateur Jockeys) (GBB Race)
887180,2025-10-31,Uttoxeter,nh_flat,Play On Court,10,,-17.54,7.05,47.78,58.71,46.84,58.76,QuinnBet NH Flat Race (Conditional And Amateur Jockeys) (GBB Race)
887395,2025-11-01,Wetherby,chase,Pep Talking,1,102,226.33,-,144.47,-,142.13,-,Position Payout At bet365 Handicap Chase (GBB Race)
887395,2025-11-01,Wetherby,chase,Strong Foundations,2,105,225.33,-,144.11,-,141.79,-,Position Payout At bet365 Handicap Chase (GBB Race)
887395,2025-11-01,Wetherby,chase,Top Target,3,114,224.33,-,143.76,-,141.46,-,Position Payout At bet365 Handicap Chase (GBB Race)
887397,2025-11-01,Wetherby,hurdle,Strong Leader,1,157,263.90,-,145.62,-,143.80,-,bet365 Hurdle (Grade 2) (Registered As The West Yorkshire Hurdle) (GBB Race)
887397,2025-11-01,Wetherby,hurdle,Take No Chances,2,145,263.60,-,145.54,-,143.72,-,bet365 Hurdle (Grade 2) (Registered As The West Yorkshire Hurdle) (GBB Race)
887397,2025-11-01,Wetherby,hurdle,Doddiethegreat,3,142,262.35,-,145.19,-,143.38,-,bet365 Hurdle (Grade 2) (Registered As The West Yorkshire Hurdle) (GBB Race)
887397,2025-11-01,Wetherby,hurdle,Winter Fog,4,148,257.35,-,143.80,-,142.05,-,bet365 Hurdle (Grade 2) (Registered As The West Yorkshire Hurdle) (GBB Race)
887398,2025-11-01,Wetherby,chase,Djelo,1,162,315.30,-,160.01,-,156.01,-,bet365 Charlie Hall Chase (Grade 2) (GBB Race)
887398,2025-11-01,Wetherby,chase,Pic D'Orhy,2,162,314.30,-,159.73,-,155.75,-,bet365 Charlie Hall Chase (Grade 2) (GBB Race)
887398,2025-11-01,Wetherby,chase,Ga Law,3,155,293.30,-,153.88,-,150.28,-,bet365 Charlie Hall Chase (Grade 2) (GBB Race)
887398,2025-11-01,Wetherby,chase,Hewick,4,158,287.30,-,152.21,-,148.72,-,bet365 Charlie Hall Chase (Grade 2) (GBB Race)
887398,2025-11-01,Wetherby,chase,The Real Whacker,5,156,282.55,-,150.88,-,147.49,-,bet365 Charlie Hall Chase (Grade 2) (GBB Race)
887400,2025-11-01,Wetherby,chase,Konfusion,1,115,209.90,-,132.17,-,130.02,-,bet365 Handicap Chase (GBB Race)
887400,2025-11-01,Wetherby,chase,Ribeye,2,102,205.90,-,131.00,-,128.93,-,bet365 Handicap Chase (GBB Race)
887400,2025-11-01,Wetherby,chase,Wa Wa,3,120,202.40,-,129.97,-,127.97,-,bet365 Handicap Chase (GBB Race)
887588,2025-11-03,Plumpton,chase,Birdman Bob,1,85,200.29,-,135.48,-,133.36,-,Extech Cloud Novices' Handicap Chase
887791,2025-11-04,Warwick,chase,Getthepot,6,83,-1.78,-31.37,71.14,62.74,71.55,62.74,PricedUp The Jumps Handicap Chase
888527,2025-11-05,Chepstow,hurdle,Rocking Man,1,,-4.52,-,59.88,-,59.91,-,Heckler & Koch - No Compromise Maiden Hurdle (GBB Race) (Div 1)
888527,2025-11-05,Chepstow,hurdle,Carlenrig,2,,-7.52,-,58.73,-,58.76,-,Heckler & Koch - No Compromise Maiden Hurdle (GBB Race) (Div 1)
888527,2025-11-05,Chepstow,hurdle,Gillespie,3,,-21.52,-,53.36,-,53.39,-,Heckler & Koch - No Compromise Maiden Hurdle (GBB Race) (Div 1)
888527,2025-11-05,Chepstow,hurdle,My Own Lovely Lee,4,,-24.52,-,52.21,-,52.24,-,Heckler & Koch - No Compromise Maiden Hurdle (GBB Race) (Div 1)
888527,2025-11-05,Chepstow,hurdle,Vol Royale,5,,-24.82,-,52.09,-,52.13,-,Heckler & Koch - No Compromise Maiden Hurdle (GBB Race) (Div 1)
888527,2025-11-05,Chepstow,hurdle,Kastellion,6,,-31.82,-,49.40,-,49.44,-,Heckler & Koch - No Compromise Maiden Hurdle (GBB Race) (Div 1)
888527,2025-11-05,Chepstow,hurdle,The Two Harrys,7,,-41.82,-,45.57,-,45.61,-,Heckler & Koch - No Compromise Maiden Hurdle (GBB Race) (Div 1)
888527,2025-11-05,Chepstow,hurdle,Mr Griffiths,8,,-97.82,-,24.07,-,24.13,-,Heckler & Koch - No Compromise Maiden Hurdle (GBB Race) (Div 1)
888527,2025-11-05,Chepstow,hurdle,Dawn's Desire,9,,-99.32,-,23.50,-,23.55,-,Heckler & Koch - No Compromise Maiden Hurdle (GBB Race) (Div 1)
888528,2025-11-05,Chepstow,hurdle,Necronaut,5,,-16.76,-,55.89,-,55.93,-,Heckler & Koch - No Compromise Maiden Hurdle (GBB Race) (Div 2)
888528,2025-11-05,Chepstow,hurdle,Tales Of Bravery,6,,-40.76,-,46.83,-,46.87,-,Heckler & Koch - No Compromise Maiden Hurdle (GBB Race) (Div 2)
888528,2025-11-05,Chepstow,hurdle,Crossgales King,7,,-52.76,-,42.29,-,42.34,-,Heckler & Koch - No Compromise Maiden Hurdle (GBB Race) (Div 2)
888528,2025-11-05,Chepstow,hurdle,Parliamo,8,,-81.76,-,31.34,-,31.39,-,Heckler & Koch - No Compromise Maiden Hurdle (GBB Race) (Div 2)
887954,2025-11-05,Chepstow,chase,Let's Sail Away,2,101,-3.50,-,66.80,-,67.84,-,Jaltek Conditional Jockeys' Handicap Chase (GBB Race)
887954,2025-11-05,Chepstow,chase,Henry Box Brown,3,86,-12.50,-,63.92,-,65.04,-,Jaltek Conditional Jockeys' Handicap Chase (GBB Race)
887954,2025-11-05,Chepstow,chase,Chief Black Robe,4,103,-38.50,-,55.58,-,56.96,-,Jaltek Conditional Jockeys' Handicap Chase (GBB Race)
887956,2025-11-05,Chepstow,hurdle,Troop Ship,11,,-17.64,-,46.98,-,48.72,-,Angela Nettlefold Memorial 'National Hunt' Maiden Hurdle (GBB Race) (Div 2)
887956,2025-11-05,Chepstow,hurdle,Elusive Knight,12,,-39.64,-,37.06,-,39.13,-,Angela Nettlefold Memorial 'National Hunt' Maiden Hurdle (GBB Race) (Div 2)
887958,2025-11-05,Chepstow,hurdle,Locked Down Lad,2,86,-0.35,-,61.64,-,61.67,-,Spectra Group Handicap Hurdle
887958,2025-11-05,Chepstow,hurdle,Highbury Hill,3,97,-2.85,-,60.69,-,60.71,-,Spectra Group Handicap Hurdle
887958,2025-11-05,Chepstow,hurdle,Delgany Deadline,4,82,-4.85,-,59.92,-,59.95,-,Spectra Group Handicap Hurdle
887958,2025-11-05,Chepstow,hurdle,Kelijoe,5,98,-10.85,-,57.63,-,57.66,-,Spectra Group Handicap Hurdle
887958,2025-11-05,Chepstow,hurdle,Staff Sergeant Len,6,96,-22.85,-,53.04,-,53.08,-,Spectra Group Handicap Hurdle
887958,2025-11-05,Chepstow,hurdle,Itaintmebabe,7,81,-32.85,-,49.22,-,49.26,-,Spectra Group Handicap Hurdle
887958,2025-11-05,Chepstow,hurdle,Away For The Night,8,100,-37.35,-,47.50,-,47.54,-,Spectra Group Handicap Hurdle
887958,2025-11-05,Chepstow,hurdle,Amazing Cleni,9,89,-48.35,-,43.29,-,43.34,-,Spectra Group Handicap Hurdle
887958,2025-11-05,Chepstow,hurdle,An Buachaill Rua,10,91,-59.35,-,39.09,-,39.13,-,Spectra Group Handicap Hurdle
887958,2025-11-05,Chepstow,hurdle,Three Zambezi's,11,81,-62.60,-,37.85,-,37.89,-,Spectra Group Handicap Hurdle
887959,2025-11-05,Chepstow,nh_flat,Jacquette,11,,-93.69,-,12.02,-,14.90,-,Cre8 Associates Open NH Flat Race (GBB Race)
887959,2025-11-05,Chepstow,nh_flat,Ellenborough Park,12,,-192.69,-,-32.95,-,-28.60,-,Cre8 Associates Open NH Flat Race (GBB Race)
887959,2025-11-05,Chepstow,nh_flat,Dalcassian Girl,13,,-247.69,-,-57.94,-,-52.76,-,Cre8 Associates Open NH Flat Race (GBB Race)
888190,2025-11-06,Newbury,hurdle,Alba Crus,7,,-1.81,21.89,56.35,66.51,55.43,66.41,Agetur UK 40th Anniversary In Business Maiden Hurdle (GBB Race)
888190,2025-11-06,Newbury,hurdle,Wilstar,8,,-2.56,21.14,56.03,66.19,55.10,66.09,Agetur UK 40th Anniversary In Business Maiden Hurdle (GBB Race)
888191,2025-11-06,Newbury,hurdle,Hyperbole,13,,-39.76,-16.29,39.48,49.64,38.20,49.49,CSP Mares' Novices' Hurdle (GBB Race)
888194,2025-11-06,Newbury,nh_flat,Below The Belt,9,,-0.59,22.72,56.15,66.31,55.22,66.21,British Horse Society Open NH Flat Race (GBB Race)
888194,2025-11-06,Newbury,nh_flat,Governors Island,10,,-3.34,19.97,54.95,65.11,54.00,65.01,British Horse Society Open NH Flat Race (GBB Race)
888194,2025-11-06,Newbury,nh_flat,St Aurelia,11,,-102.34,-79.03,11.79,21.95,9.93,21.72,British Horse Society Open NH Flat Race (GBB Race)
888312,2025-11-07,Hexham,chase,Whispering Dancer,9,72,-7.02,34.35,65.20,78.65,68.18,80.89,Old Rondo At 80 Conditional Jockeys' Handicap Chase
888292,2025-11-07,Fontwell,chase,Jongleur D'etoiles,9,105,-3.79,-,61.18,-,61.55,-,Bob And Liz Clark Silver Wedding Handicap Chase
888295,2025-11-07,Fontwell,chase,Fortune Dancer,1,76,-15.46,-,66.28,-,67.20,-,Southern Contract Lifting Handicap Chase
888295,2025-11-07,Fontwell,chase,Innisfree Lass,2,100,-37.46,-,59.85,-,60.95,-,Southern Contract Lifting Handicap Chase
888295,2025-11-07,Fontwell,chase,He Is A Cracker,3,85,-81.46,-,47.00,-,48.45,-,Southern Contract Lifting Handicap Chase
888318,2025-11-07,Hexham,chase,Menaggio,7,132,-38.57,-0.85,48.32,62.39,50.76,64.98,Unibet Bet 20 Get 20 In Free Bets Handicap Chase (GBB Race)
888296,2025-11-07,Fontwell,hurdle,Morning Mayhem,8,95,-1.86,-,59.95,-,59.32,-,Southern Cranes And Access Novices' Limited Handicap Hurdle
888319,2025-11-07,Hexham,nh_flat,Perfectot,11,,-18.11,13.05,46.67,60.74,48.48,62.95,Unibet Open NH Flat Race (GBB Race)
888540,2025-11-08,Wincanton,chase,Nickelforce,1,110,208.30,99.57,136.04,99.86,135.18,99.85,Read Meg Nicholls' Blog At betmgm.co.uk Handicap Chase (GBB Race)
888540,2025-11-08,Wincanton,chase,Tapley,2,109,205.05,96.32,134.96,98.78,134.13,98.73,Read Meg Nicholls' Blog At betmgm.co.uk Handicap Chase (GBB Race)
888541,2025-11-08,Wincanton,hurdle,Sweet Caryline,1,107,225.05,107.89,137.72,102.38,138.11,102.56,BetMGM Paul & Richard Barber Memorial Mares' Handicap Hurdle (GBB Race)
888541,2025-11-08,Wincanton,hurdle,Jubilee Alpha,2,137,224.05,106.89,137.42,102.08,137.80,102.24,BetMGM Paul & Richard Barber Memorial Mares' Handicap Hurdle (GBB Race)
888541,2025-11-08,Wincanton,hurdle,Porter In The Park,3,118,215.55,98.39,134.85,99.51,135.21,99.48,BetMGM Paul & Richard Barber Memorial Mares' Handicap Hurdle (GBB Race)
888541,2025-11-08,Wincanton,hurdle,Laravie,4,121,214.55,97.39,134.55,99.21,134.91,99.15,BetMGM Paul & Richard Barber Memorial Mares' Handicap Hurdle (GBB Race)
888541,2025-11-08,Wincanton,hurdle,Love Of Neymore,5,114,213.30,96.14,134.17,98.84,134.53,98.75,BetMGM Paul & Richard Barber Memorial Mares' Handicap Hurdle (GBB Race)
888541,2025-11-08,Wincanton,hurdle,Bethpage,6,128,204.30,87.14,131.46,96.12,131.79,95.82,BetMGM Paul & Richard Barber Memorial Mares' Handicap Hurdle (GBB Race)
888541,2025-11-08,Wincanton,hurdle,Jena D'oudairies,7,111,201.80,84.64,130.71,95.37,131.02,95.01,BetMGM Paul & Richard Barber Memorial Mares' Handicap Hurdle (GBB Race)
888542,2025-11-08,Wincanton,chase,Blueking D'oroux,1,147,214.38,107.81,137.93,102.59,137.03,102.69,Boodles Rising Stars Novices' Chase (Grade 2) (GBB Race)
888542,2025-11-08,Wincanton,chase,Breaking Cover,2,127,213.38,106.81,137.60,102.26,136.71,102.35,Boodles Rising Stars Novices' Chase (Grade 2) (GBB Race)
888542,2025-11-08,Wincanton,chase,Rightsotom,3,127,211.63,105.06,137.02,101.68,136.14,101.74,Boodles Rising Stars Novices' Chase (Grade 2) (GBB Race)
888542,2025-11-08,Wincanton,chase,Cobra Queen,4,133,201.63,95.06,133.70,98.36,132.90,98.30,Boodles Rising Stars Novices' Chase (Grade 2) (GBB Race)
888544,2025-11-08,Wincanton,chase,Gustavian,1,127,293.63,163.72,152.67,117.33,149.15,117.16,64th Badger Beers Handicap Chase (Premier Handicap) (GBB Race)
888544,2025-11-08,Wincanton,chase,Scarface,2,136,284.13,154.22,150.09,114.75,146.73,114.60,64th Badger Beers Handicap Chase (Premier Handicap) (GBB Race)
888544,2025-11-08,Wincanton,chase,Credo,3,133,281.38,151.47,149.34,114.00,146.04,113.86,64th Badger Beers Handicap Chase (Premier Handicap) (GBB Race)
888544,2025-11-08,Wincanton,chase,Threeunderthrufive,4,152,267.38,137.47,145.53,110.19,142.48,110.09,64th Badger Beers Handicap Chase (Premier Handicap) (GBB Race)
888544,2025-11-08,Wincanton,chase,Tommie Beau,5,135,266.63,136.72,145.33,109.99,142.29,109.89,64th Badger Beers Handicap Chase (Premier Handicap) (GBB Race)
888564,2025-11-08,Aintree,nh_flat,Orioncaleyjags,12,,-49.37,-71.23,42.80,34.43,40.32,30.53,William Hill 'Junior' NH Flat Race (GBB Race)
888577,2025-11-09,Ffos Las,chase,Ballywood,4,91,-4.45,-,52.87,-,51.14,-,DragonBet Best Odds Guaranteed Handicap Chase
888577,2025-11-09,Ffos Las,chase,Owl Of Athens,5,86,-13.45,-,48.80,-,46.92,-,DragonBet Best Odds Guaranteed Handicap Chase
888577,2025-11-09,Ffos Las,chase,Falco Des Pins,6,96,-13.75,-,48.67,-,46.78,-,DragonBet Best Odds Guaranteed Handicap Chase
888558,2025-11-09,Sandown,nh_flat,Le Roi Remi,1,,208.53,-,146.14,-,143.77,-,Oddschecker Premium Tipsters Open NH Flat Race (GBB Race)
888579,2025-11-09,Ffos Las,nh_flat,Roberta Bishop,3,,-3.89,-,53.19,-,50.87,-,DragonBet Extra Places And BOG Mares' Open NH Flat Race (GBB Race)
888579,2025-11-09,Ffos Las,nh_flat,Under The Duck,4,,-31.89,-,40.57,-,37.63,-,DragonBet Extra Places And BOG Mares' Open NH Flat Race (GBB Race)
888579,2025-11-09,Ffos Las,nh_flat,Telegram Dam,5,,-33.39,-,39.89,-,36.92,-,DragonBet Extra Places And BOG Mares' Open NH Flat Race (GBB Race)
888699,2025-11-10,Carlisle,hurdle,King Horse,6,,-7.57,-,52.85,-,53.60,-,Bowel Cancer Screening Programme Saves Lives Maiden Hurdle (GBB Race) (Div 2)
888703,2025-11-10,Carlisle,hurdle,Long Time Listener,10,93,-4.38,-,61.61,-,61.94,-,Fatty Renshaw Memorial Novices' Handicap Hurdle
888703,2025-11-10,Carlisle,hurdle,Rose's Dart,11,104,-23.38,-,54.63,-,55.01,-,Fatty Renshaw Memorial Novices' Handicap Hurdle
888706,2025-11-10,Carlisle,hurdle,Nottodaybobo,9,101,-10.81,-,51.85,-,52.62,-,Christmas Jumper Day 14th December Handicap Hurdle
888708,2025-11-10,Carlisle,chase,Dollar Collar,6,110,-1.24,-,62.12,-,63.44,-,Great Gable Mares' Handicap Chase (GBB Race)
888709,2025-11-10,Carlisle,nh_flat,Whispering Cloud,12,,-53.55,-,35.81,-,36.84,-,Nigel Hawke Raceday Experiences Mares' Open Maiden NH Flat Race (GBB Race)
888860,2025-11-11,Lingfield,chase,The Big Reveal,1,79,214.29,126.88,135.03,108.24,132.04,107.87,Get The Inside Track With raceday-ready.com Handicap Chase
888860,2025-11-11,Lingfield,chase,I'm Your Buckaroo,2,92,211.29,123.88,134.11,107.32,131.19,106.99,Get The Inside Track With raceday-ready.com Handicap Chase
888860,2025-11-11,Lingfield,chase,Express Surprise,3,96,210.29,122.88,133.80,107.01,130.91,106.70,Get The Inside Track With raceday-ready.com Handicap Chase
888860,2025-11-11,Lingfield,chase,Steal The Moves,4,82,207.54,120.13,132.96,106.17,130.14,105.89,Get The Inside Track With raceday-ready.com Handicap Chase
888860,2025-11-11,Lingfield,chase,Damekap,5,64,206.54,119.13,132.65,105.86,129.86,105.60,Get The Inside Track With raceday-ready.com Handicap Chase
888847,2025-11-11,Hereford,hurdle,Emily Rebecca,5,,-17.62,-,49.24,-,47.25,-,BetWright Bangers N'Cash Fillies' Juvenile Hurdle (GBB Race)
888847,2025-11-11,Hereford,hurdle,Praying For Time,6,,-32.62,-,42.77,-,40.53,-,BetWright Bangers N'Cash Fillies' Juvenile Hurdle (GBB Race)
888861,2025-11-11,Lingfield,hurdle,Ikarak,1,123,219.06,129.61,135.66,108.87,133.98,108.84,Download The Racecourse App Raceday Ready Handicap Hurdle
888861,2025-11-11,Lingfield,hurdle,Spike Jones,2,113,219.01,129.56,135.64,108.85,133.96,108.83,Download The Racecourse App Raceday Ready Handicap Hurdle
888861,2025-11-11,Lingfield,hurdle,Git Maker,3,125,210.01,120.56,132.95,106.16,131.39,106.14,Download The Racecourse App Raceday Ready Handicap Hurdle
888851,2025-11-11,Hereford,hurdle,El Gavilan,11,101,-0.68,-,57.65,-,55.99,-,Hereford Quarries Handicap Hurdle
888851,2025-11-11,Hereford,hurdle,Glorious Lion,12,89,-12.68,-,52.60,-,50.74,-,Hereford Quarries Handicap Hurdle
889577,2025-11-12,Bangor-on-Dee,hurdle,Skuna Bay,1,115,-10.35,103.85,65.09,101.22,64.70,101.16,Crest Environmental Services 25th Anniversary Novices' Hurdle (GBB Race)
889577,2025-11-12,Bangor-on-Dee,hurdle,Firm But Fair,2,,-17.85,96.35,62.72,98.85,62.30,98.90,Crest Environmental Services 25th Anniversary Novices' Hurdle (GBB Race)
889577,2025-11-12,Bangor-on-Dee,hurdle,In The Age,3,,-19.60,94.60,62.16,98.29,61.74,98.38,Crest Environmental Services 25th Anniversary Novices' Hurdle (GBB Race)
889577,2025-11-12,Bangor-on-Dee,hurdle,Jacks Parrot,4,119,-31.60,82.60,58.37,94.50,57.90,94.77,Crest Environmental Services 25th Anniversary Novices' Hurdle (GBB Race)
889577,2025-11-12,Bangor-on-Dee,hurdle,Pragnell,5,111,-48.60,65.60,52.99,89.12,52.47,89.65,Crest Environmental Services 25th Anniversary Novices' Hurdle (GBB Race)
889030,2025-11-12,Bangor-on-Dee,chase,Il Va De Soi,3,121,-17.83,83.64,58.05,94.17,57.10,94.40,Paul Ferguson Jumpers To Follow Handicap Chase (GBB Race)
889030,2025-11-12,Bangor-on-Dee,chase,Rule Me In,4,106,-21.08,80.39,56.89,93.02,55.92,93.29,Paul Ferguson Jumpers To Follow Handicap Chase (GBB Race)
889030,2025-11-12,Bangor-on-Dee,chase,New Order,5,123,-59.08,42.39,43.36,79.49,42.08,80.29,Paul Ferguson Jumpers To Follow Handicap Chase (GBB Race)
889031,2025-11-12,Bangor-on-Dee,chase,Joyeuse,2,142,-1.38,86.01,58.09,94.21,56.75,94.39,Yorton Mares' Novices' Chase (Listed) (GBB Race)
889031,2025-11-12,Bangor-on-Dee,chase,Queens Gamble,3,134,-5.63,81.76,56.33,92.46,54.94,92.69,Yorton Mares' Novices' Chase (Listed) (GBB Race)
889031,2025-11-12,Bangor-on-Dee,chase,Finest View,4,131,-16.63,70.76,51.78,87.91,50.25,88.28,Yorton Mares' Novices' Chase (Listed) (GBB Race)
889025,2025-11-12,Ayr,hurdle,Tread Softly Now,1,87,211.57,-,140.80,-,137.32,-,Coral Racing Club Handicap Hurdle
889025,2025-11-12,Ayr,hurdle,Shadow Chaser,2,97,206.82,-,139.06,-,135.73,-,Coral Racing Club Handicap Hurdle
889025,2025-11-12,Ayr,hurdle,She's Notjoeking,3,95,203.82,-,137.96,-,134.73,-,Coral Racing Club Handicap Hurdle
889025,2025-11-12,Ayr,hurdle,Dalileo,4,92,203.77,-,137.95,-,134.71,-,Coral Racing Club Handicap Hurdle
889025,2025-11-12,Ayr,hurdle,Cher Tara,5,96,202.02,-,137.31,-,134.13,-,Coral Racing Club Handicap Hurdle
889032,2025-11-12,Bangor-on-Dee,chase,Deep Cave,1,135,-16.17,100.53,64.03,100.16,64.35,100.15,Weatherbys And Birdie Calendars Handicap Chase (GBB Race)
889032,2025-11-12,Bangor-on-Dee,chase,The Doyen Chief,2,137,-18.42,98.28,63.34,99.47,63.66,99.50,Weatherbys And Birdie Calendars Handicap Chase (GBB Race)
889032,2025-11-12,Bangor-on-Dee,chase,Richmond Lake,3,137,-33.42,83.28,58.69,94.82,59.05,95.17,Weatherbys And Birdie Calendars Handicap Chase (GBB Race)
889032,2025-11-12,Bangor-on-Dee,chase,Hold That Taught,4,123,-33.72,82.98,58.60,94.73,58.96,95.08,Weatherbys And Birdie Calendars Handicap Chase (GBB Race)
889032,2025-11-12,Bangor-on-Dee,chase,Some Scope,5,124,-34.02,82.68,58.51,94.64,58.87,95.00,Weatherbys And Birdie Calendars Handicap Chase (GBB Race)
889033,2025-11-12,Bangor-on-Dee,hurdle,Milou Du Chenet,1,,-18.52,62.98,47.70,83.66,45.69,84.07,Crest Asbestos Solutions Celebration EBF Junior 'National Hunt' Hurdle (GBB Race)
889033,2025-11-12,Bangor-on-Dee,hurdle,Diamond Jim,2,,-24.02,57.48,45.27,81.24,43.17,81.70,Crest Asbestos Solutions Celebration EBF Junior 'National Hunt' Hurdle (GBB Race)
889033,2025-11-12,Bangor-on-Dee,hurdle,Playful Fox,3,,-40.02,41.48,38.21,74.18,35.84,74.82,Crest Asbestos Solutions Celebration EBF Junior 'National Hunt' Hurdle (GBB Race)
889033,2025-11-12,Bangor-on-Dee,hurdle,Here's Rodney,4,,-45.02,36.48,36.01,71.97,33.54,72.67,Crest Asbestos Solutions Celebration EBF Junior 'National Hunt' Hurdle (GBB Race)
889033,2025-11-12,Bangor-on-Dee,hurdle,Network Gold,5,,-47.27,34.23,35.01,70.98,32.51,71.70,Crest Asbestos Solutions Celebration EBF Junior 'National Hunt' Hurdle (GBB Race)
889033,2025-11-12,Bangor-on-Dee,hurdle,Tails Of Gold,6,,-49.52,31.98,34.02,69.99,31.48,70.73,Crest Asbestos Solutions Celebration EBF Junior 'National Hunt' Hurdle (GBB Race)
889033,2025-11-12,Bangor-on-Dee,hurdle,Network Rgb,7,,-51.27,30.23,33.25,69.21,30.68,69.98,Crest Asbestos Solutions Celebration EBF Junior 'National Hunt' Hurdle (GBB Race)
889033,2025-11-12,Bangor-on-Dee,hurdle,On Subs,8,,-86.27,-4.77,17.80,53.77,14.64,54.92,Crest Asbestos Solutions Celebration EBF Junior 'National Hunt' Hurdle (GBB Race)
889034,2025-11-12,Bangor-on-Dee,hurdle,Mister Ursus,4,,-4.72,78.67,54.84,90.80,53.10,91.03,Christopher Shinton Memorial Novices' Hurdle (GBB Race) (Div 1)
889034,2025-11-12,Bangor-on-Dee,hurdle,Brookside La,5,,-10.72,72.67,52.25,88.21,50.41,88.51,Christopher Shinton Memorial Novices' Hurdle (GBB Race) (Div 1)
889034,2025-11-12,Bangor-on-Dee,hurdle,Sweeper System,6,,-46.72,36.67,36.72,72.69,34.29,73.37,Christopher Shinton Memorial Novices' Hurdle (GBB Race) (Div 1)
889034,2025-11-12,Bangor-on-Dee,hurdle,Bombay Pete,7,,-47.97,35.42,36.18,72.15,33.73,72.84,Christopher Shinton Memorial Novices' Hurdle (GBB Race) (Div 1)
889034,2025-11-12,Bangor-on-Dee,hurdle,Saint Polo,8,,-51.47,31.92,34.67,70.64,32.16,71.37,Christopher Shinton Memorial Novices' Hurdle (GBB Race) (Div 1)
889035,2025-11-12,Bangor-on-Dee,hurdle,Orderoftheday,1,,-39.98,40.14,37.16,73.13,34.74,73.79,Christopher Shinton Memorial Novices' Hurdle (GBB Race) (Div 2)
889035,2025-11-12,Bangor-on-Dee,hurdle,Bohemond Antioch,2,,-41.73,38.39,36.37,72.34,33.93,73.03,Christopher Shinton Memorial Novices' Hurdle (GBB Race) (Div 2)
889035,2025-11-12,Bangor-on-Dee,hurdle,Fresh As A Daisy,3,,-48.23,31.89,33.46,69.42,30.90,70.18,Christopher Shinton Memorial Novices' Hurdle (GBB Race) (Div 2)
889035,2025-11-12,Bangor-on-Dee,hurdle,Koalys Dubreau,4,,-50.48,29.64,32.45,68.41,29.85,69.20,Christopher Shinton Memorial Novices' Hurdle (GBB Race) (Div 2)
889035,2025-11-12,Bangor-on-Dee,hurdle,Albie Littlewood,5,,-55.98,24.14,29.98,65.94,27.28,66.79,Christopher Shinton Memorial Novices' Hurdle (GBB Race) (Div 2)
889035,2025-11-12,Bangor-on-Dee,hurdle,Pearl Smoke,6,,-60.48,19.64,27.96,63.92,25.19,64.82,Christopher Shinton Memorial Novices' Hurdle (GBB Race) (Div 2)
889035,2025-11-12,Bangor-on-Dee,hurdle,Spartan Times,7,,-62.23,17.89,27.17,63.14,24.37,64.05,Christopher Shinton Memorial Novices' Hurdle (GBB Race) (Div 2)
889035,2025-11-12,Bangor-on-Dee,hurdle,Thesoldiersminit,8,,-67.23,12.89,24.93,60.89,22.04,61.86,Christopher Shinton Memorial Novices' Hurdle (GBB Race) (Div 2)
889036,2025-11-12,Bangor-on-Dee,hurdle,Malicash,2,118,-25.63,72.55,53.98,89.95,52.28,90.21,Greenhous DAF Handicap Hurdle (GBB Race)
889036,2025-11-12,Bangor-on-Dee,hurdle,Party Vibes,3,120,-31.13,67.05,51.97,87.93,50.19,88.25,Greenhous DAF Handicap Hurdle (GBB Race)
889036,2025-11-12,Bangor-on-Dee,hurdle,Kepler's Law,4,127,-35.88,62.30,50.23,86.19,48.39,86.55,Greenhous DAF Handicap Hurdle (GBB Race)
889036,2025-11-12,Bangor-on-Dee,hurdle,West To The Bridge,5,125,-62.88,35.30,40.34,76.30,38.13,76.92,Greenhous DAF Handicap Hurdle (GBB Race)
889036,2025-11-12,Bangor-on-Dee,hurdle,Go Dante,6,131,-65.13,33.05,39.51,75.48,37.28,76.12,Greenhous DAF Handicap Hurdle (GBB Race)
889036,2025-11-12,Bangor-on-Dee,hurdle,Della Casa Lunga,7,136,-74.63,23.55,36.03,72.00,33.67,72.73,Greenhous DAF Handicap Hurdle (GBB Race)
889748,2025-11-13,Market Rasen,chase,Pescatorius,1,88,-17.62,-,58.36,-,58.93,-,Lincolnshire Rural Support Network Handicap Chase
889748,2025-11-13,Market Rasen,chase,Mr Mahler,2,81,-31.62,-,53.40,-,54.05,-,Lincolnshire Rural Support Network Handicap Chase
889748,2025-11-13,Market Rasen,chase,Valence D'Aumont,3,85,-32.87,-,52.96,-,53.61,-,Lincolnshire Rural Support Network Handicap Chase
889749,2025-11-13,Market Rasen,hurdle,Bitsnbuckles,4,104,-3.55,-,62.71,-,63.22,-,NFU Mutual Handicap Hurdle
889749,2025-11-13,Market Rasen,hurdle,Bannister,5,102,-10.05,-,60.37,-,60.91,-,NFU Mutual Handicap Hurdle
889749,2025-11-13,Market Rasen,hurdle,Warner's Cross,6,91,-21.05,-,56.41,-,57.00,-,NFU Mutual Handicap Hurdle
889749,2025-11-13,Market Rasen,hurdle,Times A Wastin,7,102,-25.80,-,54.70,-,55.32,-,NFU Mutual Handicap Hurdle
889750,2025-11-13,Market Rasen,hurdle,Queen Of Steel,5,86,-6.32,-,65.72,-,66.36,-,Equisign Tack And Feeds Handicap Hurdle
889750,2025-11-13,Market Rasen,hurdle,Annies Gold,6,82,-10.07,-,64.51,-,65.17,-,Equisign Tack And Feeds Handicap Hurdle
889755,2025-11-13,Sedgefield,chase,Emotional Roller,2,90,-4.81,39.88,70.03,82.81,70.89,83.65,Resolve Group UK Handicap Chase
889755,2025-11-13,Sedgefield,chase,Halfway House Lad,3,81,-16.81,27.88,66.60,79.38,67.55,80.39,Resolve Group UK Handicap Chase
889755,2025-11-13,Sedgefield,chase,West Lawn,4,77,-17.11,27.58,66.51,79.29,67.47,80.31,Resolve Group UK Handicap Chase
889755,2025-11-13,Sedgefield,chase,Ballylinch,5,91,-50.11,-5.42,57.08,69.86,58.30,71.34,Resolve Group UK Handicap Chase
889366,2025-11-14,Newcastle,hurdle,Dreamings Free,8,76,-6.11,19.46,63.95,72.64,63.29,72.56,Newcastle Flooring Maiden Hurdle (GBB Race)
889380,2025-11-14,Cheltenham,hurdle,The Jam Man,18,116,-52.83,9.71,48.85,69.78,47.99,70.37,Lycetts Insurance Brokers Conditional Jockeys' Handicap Hurdle
889382,2025-11-14,Cheltenham,chase,Wade Out,1,137,-18.86,49.74,64.13,84.83,64.81,85.63,Sun's 'Save Our Bets' Novices' Chase (Listed) (GBB Race)
889382,2025-11-14,Cheltenham,chase,One Big Bang,2,134,-22.11,46.49,63.15,83.85,63.85,84.70,Sun's 'Save Our Bets' Novices' Chase (Listed) (GBB Race)
889382,2025-11-14,Cheltenham,chase,Isaac Des Obeaux,3,127,-31.61,36.99,60.28,80.98,61.03,81.98,Sun's 'Save Our Bets' Novices' Chase (Listed) (GBB Race)
889377,2025-11-14,Southwell,hurdle,Son Of Tyran,11,,-2.95,-,53.23,-,53.89,-,Checkout Case IH's New Optum Tractor 'National Hunt' Maiden Hurdle (GBB Race)
889378,2025-11-14,Southwell,hurdle,Bear Market,1,113,-11.95,-,57.91,-,58.99,-,Grace And Dotty Country Clothing Handicap Hurdle
889378,2025-11-14,Southwell,hurdle,Beau Quali,2,117,-12.45,-,57.72,-,58.81,-,Grace And Dotty Country Clothing Handicap Hurdle
889378,2025-11-14,Southwell,hurdle,Callin Baton Rouge,3,104,-19.95,-,54.90,-,56.06,-,Grace And Dotty Country Clothing Handicap Hurdle
889378,2025-11-14,Southwell,hurdle,Eaton Anne,4,114,-21.45,-,54.34,-,55.51,-,Grace And Dotty Country Clothing Handicap Hurdle
889378,2025-11-14,Southwell,hurdle,Libre De Choeur,5,112,-27.45,-,52.08,-,53.32,-,Grace And Dotty Country Clothing Handicap Hurdle
889378,2025-11-14,Southwell,hurdle,Pergamon,6,105,-35.45,-,49.07,-,50.39,-,Grace And Dotty Country Clothing Handicap Hurdle
889378,2025-11-14,Southwell,hurdle,Chaos Control,7,114,-66.45,-,37.42,-,39.03,-,Grace And Dotty Country Clothing Handicap Hurdle
889384,2025-11-14,Cheltenham,hurdle,Great Fleet,6,126,-7.99,53.13,63.42,84.12,62.80,84.43,Albert Bartlett Novices' Hurdle (Grade 2) (Registered As The Hyde Novices' Hurdle) (GBB Race)
889384,2025-11-14,Cheltenham,hurdle,Imperfectlyperfect,7,,-9.24,51.88,63.00,83.70,62.37,84.01,Albert Bartlett Novices' Hurdle (Grade 2) (Registered As The Hyde Novices' Hurdle) (GBB Race)
889384,2025-11-14,Cheltenham,hurdle,Intosomethinggood,8,125,-24.24,36.88,57.92,78.62,57.21,79.03,Albert Bartlett Novices' Hurdle (Grade 2) (Registered As The Hyde Novices' Hurdle) (GBB Race)
889385,2025-11-14,Cheltenham,hurdle,Alphonse Le Grande,6,96,-1.32,46.04,55.71,76.41,53.80,76.29,Valda Energy Novices' Handicap Hurdle (GBB Race)
889385,2025-11-14,Cheltenham,hurdle,Pure Gold,7,110,-3.32,44.04,54.84,75.54,52.89,75.41,Valda Energy Novices' Handicap Hurdle (GBB Race)
889385,2025-11-14,Cheltenham,hurdle,Lucky Bere,8,109,-9.82,37.54,52.00,72.70,49.92,72.55,Valda Energy Novices' Handicap Hurdle (GBB Race)
889385,2025-11-14,Cheltenham,hurdle,Bobby's Fortune,9,99,-12.07,35.29,51.01,71.72,48.90,71.56,Valda Energy Novices' Handicap Hurdle (GBB Race)
889385,2025-11-14,Cheltenham,hurdle,The Expensive One,10,111,-18.57,28.79,48.17,68.87,45.93,68.70,Valda Energy Novices' Handicap Hurdle (GBB Race)
889385,2025-11-14,Cheltenham,hurdle,Quint Major,11,113,-18.77,28.59,48.09,68.79,45.84,68.62,Valda Energy Novices' Handicap Hurdle (GBB Race)
889385,2025-11-14,Cheltenham,hurdle,Katakana,12,109,-20.52,26.84,47.32,68.02,45.05,67.85,Valda Energy Novices' Handicap Hurdle (GBB Race)
889385,2025-11-14,Cheltenham,hurdle,Shade Of Winter,13,114,-31.52,15.84,42.51,63.21,40.03,63.01,Valda Energy Novices' Handicap Hurdle (GBB Race)
889586,2025-11-15,Uttoxeter,hurdle,Gower Spirit,1,,-11.18,-,58.59,-,58.29,-,Carlsberg Britvic Mares' 'National Hunt' Maiden Hurdle (GBB Race)
889586,2025-11-15,Uttoxeter,hurdle,Rosie Mahler,2,,-13.18,-,57.84,-,57.54,-,Carlsberg Britvic Mares' 'National Hunt' Maiden Hurdle (GBB Race)
889586,2025-11-15,Uttoxeter,hurdle,Harmony Heights,3,,-15.18,-,57.10,-,56.79,-,Carlsberg Britvic Mares' 'National Hunt' Maiden Hurdle (GBB Race)
889586,2025-11-15,Uttoxeter,hurdle,Queenofthejukebox,4,,-19.18,-,55.61,-,55.29,-,Carlsberg Britvic Mares' 'National Hunt' Maiden Hurdle (GBB Race)
889586,2025-11-15,Uttoxeter,hurdle,Shesonnet,5,,-24.68,-,53.56,-,53.22,-,Carlsberg Britvic Mares' 'National Hunt' Maiden Hurdle (GBB Race)
889586,2025-11-15,Uttoxeter,hurdle,Auntie Scarlet,6,,-35.68,-,49.46,-,49.10,-,Carlsberg Britvic Mares' 'National Hunt' Maiden Hurdle (GBB Race)
889586,2025-11-15,Uttoxeter,hurdle,Cool Brise,7,,-71.68,-,36.05,-,35.59,-,Carlsberg Britvic Mares' 'National Hunt' Maiden Hurdle (GBB Race)
889612,2025-11-15,Cheltenham,chase,Hung Jury,1,122,-7.76,-,67.66,-,68.28,-,Debenhams Amateur Jockeys' Handicap Chase (GBB Race)
889612,2025-11-15,Cheltenham,chase,Herakles Westwood,2,126,-11.51,-,66.54,-,67.17,-,Debenhams Amateur Jockeys' Handicap Chase (GBB Race)
889612,2025-11-15,Cheltenham,chase,Cheerful Chap,3,112,-13.51,-,65.94,-,66.58,-,Debenhams Amateur Jockeys' Handicap Chase (GBB Race)
889612,2025-11-15,Cheltenham,chase,Take All,4,127,-13.81,-,65.85,-,66.49,-,Debenhams Amateur Jockeys' Handicap Chase (GBB Race)
889612,2025-11-15,Cheltenham,chase,Planned Paradise,5,107,-23.31,-,63.00,-,63.70,-,Debenhams Amateur Jockeys' Handicap Chase (GBB Race)
889612,2025-11-15,Cheltenham,chase,Sound And Fury,6,125,-24.31,-,62.70,-,63.40,-,Debenhams Amateur Jockeys' Handicap Chase (GBB Race)
889612,2025-11-15,Cheltenham,chase,Kelce,7,118,-27.31,-,61.80,-,62.52,-,Debenhams Amateur Jockeys' Handicap Chase (GBB Race)
889612,2025-11-15,Cheltenham,chase,Autonomous Cloud,8,120,-32.31,-,60.30,-,61.05,-,Debenhams Amateur Jockeys' Handicap Chase (GBB Race)
889612,2025-11-15,Cheltenham,chase,Ballycamus,9,127,-39.81,-,58.05,-,58.84,-,Debenhams Amateur Jockeys' Handicap Chase (GBB Race)
889612,2025-11-15,Cheltenham,chase,Jubilee Express,10,129,-40.56,-,57.82,-,58.62,-,Debenhams Amateur Jockeys' Handicap Chase (GBB Race)
889612,2025-11-15,Cheltenham,chase,Imperial Alex,11,120,-42.31,-,57.30,-,58.10,-,Debenhams Amateur Jockeys' Handicap Chase (GBB Race)
889612,2025-11-15,Cheltenham,chase,Aurea Fortuna,12,111,-44.31,-,56.70,-,57.52,-,Debenhams Amateur Jockeys' Handicap Chase (GBB Race)
889587,2025-11-15,Uttoxeter,chase,Aworkinprogress,1,121,-10.88,-,68.06,-,68.71,-,Birrificio Angelo Poretti Handicap Chase (GBB Race)
889587,2025-11-15,Uttoxeter,chase,Gold Clermont,2,108,-11.88,-,67.78,-,68.42,-,Birrificio Angelo Poretti Handicap Chase (GBB Race)
889587,2025-11-15,Uttoxeter,chase,Gold Emery,3,109,-15.38,-,66.77,-,67.44,-,Birrificio Angelo Poretti Handicap Chase (GBB Race)
889587,2025-11-15,Uttoxeter,chase,Bretney,4,120,-48.38,-,57.26,-,58.12,-,Birrificio Angelo Poretti Handicap Chase (GBB Race)
889596,2025-11-15,Wetherby,hurdle,Rocheval,6,119,-2.06,-,65.75,-,64.73,-,Boyle Sports Now Open In Wetherby Handicap Hurdle
889596,2025-11-15,Wetherby,hurdle,Smokeringinthedark,7,120,-5.56,-,64.57,-,63.52,-,Boyle Sports Now Open In Wetherby Handicap Hurdle
889596,2025-11-15,Wetherby,hurdle,Bridge North,8,115,-19.56,-,59.88,-,58.68,-,Boyle Sports Now Open In Wetherby Handicap Hurdle
889596,2025-11-15,Wetherby,hurdle,Rauzan,9,125,-20.81,-,59.46,-,58.25,-,Boyle Sports Now Open In Wetherby Handicap Hurdle
889614,2025-11-15,Cheltenham,hurdle,Kikijo,1,120,-7.26,-,67.87,-,66.96,-,From The Horses Mouth Podcast Handicap Hurdle (GBB Race)
889614,2025-11-15,Cheltenham,hurdle,Prince Zaltar,2,119,-10.01,-,67.05,-,66.11,-,From The Horses Mouth Podcast Handicap Hurdle (GBB Race)
889614,2025-11-15,Cheltenham,hurdle,Gowel Road,3,146,-15.51,-,65.40,-,64.42,-,From The Horses Mouth Podcast Handicap Hurdle (GBB Race)
889614,2025-11-15,Cheltenham,hurdle,Long Draw,4,138,-16.51,-,65.10,-,64.11,-,From The Horses Mouth Podcast Handicap Hurdle (GBB Race)
889614,2025-11-15,Cheltenham,hurdle,Supremely West,5,138,-31.51,-,60.61,-,59.49,-,From The Horses Mouth Podcast Handicap Hurdle (GBB Race)
889614,2025-11-15,Cheltenham,hurdle,Patriotik,6,123,-45.51,-,56.41,-,55.18,-,From The Horses Mouth Podcast Handicap Hurdle (GBB Race)
889590,2025-11-15,Uttoxeter,hurdle,Irisante,5,101,-0.41,-,64.04,-,63.78,-,QuinnBet Handicap Hurdle
889602,2025-11-16,Fontwell,hurdle,Exactly Right,3,,-4.59,-,57.01,-,56.33,-,BetGoodwin Steamer Of The Day Juvenile Hurdle (GBB Race)
889602,2025-11-16,Fontwell,hurdle,Khalk'eau Spigao,4,,-5.09,-,56.80,-,56.12,-,BetGoodwin Steamer Of The Day Juvenile Hurdle (GBB Race)
889602,2025-11-16,Fontwell,hurdle,Forever Penywern,5,,-5.14,-,56.78,-,56.10,-,BetGoodwin Steamer Of The Day Juvenile Hurdle (GBB Race)
889602,2025-11-16,Fontwell,hurdle,One Island,6,,-7.89,-,55.65,-,54.95,-,BetGoodwin Steamer Of The Day Juvenile Hurdle (GBB Race)
889602,2025-11-16,Fontwell,hurdle,Ice Jet,7,,-13.89,-,53.18,-,52.44,-,BetGoodwin Steamer Of The Day Juvenile Hurdle (GBB Race)
889604,2025-11-16,Fontwell,hurdle,Mask Of Zorro,1,91,-26.40,-,56.66,-,56.38,-,BetGoodwin Free Bet Nose Losers Novices' Limited Handicap Hurdle
889604,2025-11-16,Fontwell,hurdle,Nowyouvebinandunit,2,75,-29.65,-,55.55,-,55.26,-,BetGoodwin Free Bet Nose Losers Novices' Limited Handicap Hurdle
889604,2025-11-16,Fontwell,hurdle,Atlantic Power,3,76,-34.40,-,53.92,-,53.62,-,BetGoodwin Free Bet Nose Losers Novices' Limited Handicap Hurdle
889604,2025-11-16,Fontwell,hurdle,Bradman,4,83,-35.90,-,53.40,-,53.10,-,BetGoodwin Free Bet Nose Losers Novices' Limited Handicap Hurdle
889604,2025-11-16,Fontwell,hurdle,Green Asset,5,92,-38.40,-,52.55,-,52.24,-,BetGoodwin Free Bet Nose Losers Novices' Limited Handicap Hurdle
889604,2025-11-16,Fontwell,hurdle,Thickthorn Tom,6,91,-49.40,-,48.77,-,48.44,-,BetGoodwin Free Bet Nose Losers Novices' Limited Handicap Hurdle
889604,2025-11-16,Fontwell,hurdle,Break Heart Hill,7,73,-52.90,-,47.57,-,47.24,-,BetGoodwin Free Bet Nose Losers Novices' Limited Handicap Hurdle
889604,2025-11-16,Fontwell,hurdle,The Brickey Ranger,8,90,-53.65,-,47.32,-,46.98,-,BetGoodwin Free Bet Nose Losers Novices' Limited Handicap Hurdle
889604,2025-11-16,Fontwell,hurdle,No Guarantee,9,77,-71.65,-,41.14,-,40.76,-,BetGoodwin Free Bet Nose Losers Novices' Limited Handicap Hurdle
889604,2025-11-16,Fontwell,hurdle,Sawpit Samantha,10,73,-117.65,-,25.37,-,24.89,-,BetGoodwin Free Bet Nose Losers Novices' Limited Handicap Hurdle
889604,2025-11-16,Fontwell,hurdle,Grey D'alco,11,81,-131.65,-,20.57,-,20.06,-,BetGoodwin Free Bet Nose Losers Novices' Limited Handicap Hurdle
889770,2025-11-17,Plumpton,hurdle,It's A Breeze,3,103,-0.83,-,65.00,-,64.15,-,BPL Amateur Jockeys' Handicap Hurdle
889770,2025-11-17,Plumpton,hurdle,Highway Hero,4,81,-14.83,-,60.14,-,59.17,-,BPL Amateur Jockeys' Handicap Hurdle
889785,2025-11-17,Exeter,chase,Lulamba,1,,223.50,-,145.67,-,145.36,-,"Royal Oak, Heavitree 'Chasing Excellence' Beginners' Chase (GBB Race)"
889785,2025-11-17,Exeter,chase,Fingle Bridge,2,139,213.50,-,141.97,-,141.69,-,"Royal Oak, Heavitree 'Chasing Excellence' Beginners' Chase (GBB Race)"
889785,2025-11-17,Exeter,chase,Salver,3,148,213.00,-,141.78,-,141.50,-,"Royal Oak, Heavitree 'Chasing Excellence' Beginners' Chase (GBB Race)"
889785,2025-11-17,Exeter,chase,Tripoli Flyer,4,142,204.00,-,138.46,-,138.20,-,"Royal Oak, Heavitree 'Chasing Excellence' Beginners' Chase (GBB Race)"
889788,2025-11-17,Exeter,chase,Special John,1,93,226.05,-,135.53,-,134.12,-,"Heart Of Oak, Exeter Novices' Handicap Chase"
889788,2025-11-17,Exeter,chase,Fat Faced Columbo,2,84,225.95,-,135.50,-,134.09,-,"Heart Of Oak, Exeter Novices' Handicap Chase"
889788,2025-11-17,Exeter,chase,Mythe Bridge,3,100,217.95,-,133.25,-,131.92,-,"Heart Of Oak, Exeter Novices' Handicap Chase"
889788,2025-11-17,Exeter,chase,Hill Of Tara,4,99,211.45,-,131.42,-,130.16,-,"Heart Of Oak, Exeter Novices' Handicap Chase"
889788,2025-11-17,Exeter,chase,Move With The Beat,5,99,210.70,-,131.20,-,129.96,-,"Heart Of Oak, Exeter Novices' Handicap Chase"
889935,2025-11-18,Kelso,hurdle,Guernesey,2,98,-2.04,-,69.21,-,69.55,-,racingtv.com/freetrial Conditional Jockeys' Handicap Hurdle
889935,2025-11-18,Kelso,hurdle,Victory Club,3,91,-4.04,-,68.61,-,68.95,-,racingtv.com/freetrial Conditional Jockeys' Handicap Hurdle
889935,2025-11-18,Kelso,hurdle,Topkapi Star,4,85,-16.04,-,64.99,-,65.37,-,racingtv.com/freetrial Conditional Jockeys' Handicap Hurdle
889935,2025-11-18,Kelso,hurdle,Boyneside,5,73,-25.04,-,62.27,-,62.69,-,racingtv.com/freetrial Conditional Jockeys' Handicap Hurdle
889935,2025-11-18,Kelso,hurdle,Fainche,6,85,-32.54,-,60.01,-,60.45,-,racingtv.com/freetrial Conditional Jockeys' Handicap Hurdle
889941,2025-11-18,Lingfield,hurdle,Gatineau Park,1,,205.90,137.15,136.09,112.66,135.54,112.99,Weatherbys & Birdie Calendars Maiden Hurdle (GBB Race)
889941,2025-11-18,Lingfield,hurdle,Cinquenta,2,,205.40,136.65,135.92,112.49,135.38,112.81,Weatherbys & Birdie Calendars Maiden Hurdle (GBB Race)
889941,2025-11-18,Lingfield,hurdle,Giantsgrave,3,,204.65,135.90,135.67,112.23,135.12,112.55,Weatherbys & Birdie Calendars Maiden Hurdle (GBB Race)
889936,2025-11-18,Kelso,chase,Golden Point,1,105,-21.93,-,60.72,-,61.27,-,Jumps Looks Better On RacingTV Novices' Handicap Chase (GBB Race)
889936,2025-11-18,Kelso,chase,My Lady Elektra,2,95,-23.68,-,60.16,-,60.71,-,Jumps Looks Better On RacingTV Novices' Handicap Chase (GBB Race)
889936,2025-11-18,Kelso,chase,Frisby,3,109,-23.78,-,60.13,-,60.68,-,Jumps Looks Better On RacingTV Novices' Handicap Chase (GBB Race)
889936,2025-11-18,Kelso,chase,I Wish You,4,115,-26.28,-,59.32,-,59.88,-,Jumps Looks Better On RacingTV Novices' Handicap Chase (GBB Race)
889936,2025-11-18,Kelso,chase,Chasingouttheblues,5,118,-31.28,-,57.71,-,58.29,-,Jumps Looks Better On RacingTV Novices' Handicap Chase (GBB Race)
889936,2025-11-18,Kelso,chase,Orkney Blue,6,107,-32.03,-,57.47,-,58.06,-,Jumps Looks Better On RacingTV Novices' Handicap Chase (GBB Race)
889936,2025-11-18,Kelso,chase,Adveram,7,98,-55.03,-,50.06,-,50.75,-,Jumps Looks Better On RacingTV Novices' Handicap Chase (GBB Race)
889937,2025-11-18,Kelso,hurdle,Eagles Reprieve,1,111,-34.17,-,52.25,-,51.34,-,Get A Free RacingTV Trial Now Maiden Hurdle (GBB Race)
889937,2025-11-18,Kelso,hurdle,The G Wizard,2,,-36.67,-,51.36,-,50.43,-,Get A Free RacingTV Trial Now Maiden Hurdle (GBB Race)
889937,2025-11-18,Kelso,hurdle,Solid Performer,3,,-38.42,-,50.73,-,49.80,-,Get A Free RacingTV Trial Now Maiden Hurdle (GBB Race)
889937,2025-11-18,Kelso,hurdle,Fairlawn Skipper,4,108,-64.42,-,41.48,-,40.37,-,Get A Free RacingTV Trial Now Maiden Hurdle (GBB Race)
889940,2025-11-18,Kelso,hurdle,Magnolia,1,110,-143.73,-,-24.67,-,-28.04,-,31 Days Free On RacingTV Handicap Hurdle
889940,2025-11-18,Kelso,hurdle,Joltin N Jiving,2,120,-151.23,-,-28.51,-,-31.99,-,31 Days Free On RacingTV Handicap Hurdle
889940,2025-11-18,Kelso,hurdle,Kingston Narcissus,3,114,-152.23,-,-29.02,-,-32.51,-,31 Days Free On RacingTV Handicap Hurdle
889940,2025-11-18,Kelso,hurdle,Travis Wheatley,4,104,-153.48,-,-29.66,-,-33.17,-,31 Days Free On RacingTV Handicap Hurdle
889940,2025-11-18,Kelso,hurdle,Dee's Getaway,5,103,-158.48,-,-32.22,-,-35.79,-,31 Days Free On RacingTV Handicap Hurdle
889940,2025-11-18,Kelso,hurdle,Rafferty's Return,6,114,-172.48,-,-39.38,-,-43.15,-,31 Days Free On RacingTV Handicap Hurdle
890121,2025-11-19,Ffos Las,hurdle,Adrian,3,,-10.94,-,49.62,-,47.13,-,tigerbet.co.uk New Betting Site Maiden Hurdle (GBB Race)
890121,2025-11-19,Ffos Las,hurdle,Elusive Knight,4,,-19.44,-,45.76,-,43.08,-,tigerbet.co.uk New Betting Site Maiden Hurdle (GBB Race)
890388,2025-11-20,Warwick,hurdle,Madame Pomone,4,,-19.50,-,47.86,-,44.60,-,pricedup.bet EBF Fillies' Junior 'National Hunt' Hurdle (GBB Race)
890388,2025-11-20,Warwick,hurdle,Paxton Gold,5,,-104.50,-,10.77,-,5.19,-,pricedup.bet EBF Fillies' Junior 'National Hunt' Hurdle (GBB Race)
890412,2025-11-20,Wincanton,chase,Authoceltic,1,108,319.05,-,187.34,-,183.35,-,PricedUp The Jumps Novices' Handicap Chase (GBB Race)
890412,2025-11-20,Wincanton,chase,Star Of Affinity,2,111,315.30,-,185.85,-,181.92,-,PricedUp The Jumps Novices' Handicap Chase (GBB Race)
890412,2025-11-20,Wincanton,chase,Two To Tango,3,105,314.80,-,185.65,-,181.73,-,PricedUp The Jumps Novices' Handicap Chase (GBB Race)
890412,2025-11-20,Wincanton,chase,Juggernaut,4,104,310.30,-,183.85,-,180.02,-,PricedUp The Jumps Novices' Handicap Chase (GBB Race)
890412,2025-11-20,Wincanton,chase,Chicago Storm,5,110,309.80,-,183.66,-,179.83,-,PricedUp The Jumps Novices' Handicap Chase (GBB Race)
890412,2025-11-20,Wincanton,chase,Rangatira Jack,6,100,309.05,-,183.36,-,179.54,-,PricedUp The Jumps Novices' Handicap Chase (GBB Race)
890412,2025-11-20,Wincanton,chase,Jaitroplaclasse,7,101,289.05,-,175.38,-,171.93,-,PricedUp The Jumps Novices' Handicap Chase (GBB Race)
890491,2025-11-21,Chepstow,hurdle,Pacman,6,,-22.77,10.64,54.93,67.20,54.96,67.90,BetWright Bet The Wright Way Maiden Hurdle (GBB Race)
890726,2025-11-22,Huntingdon,hurdle,Lelantos,1,95,-2.53,-,70.22,-,69.95,-,pricedup.bet Handicap Hurdle
890726,2025-11-22,Huntingdon,hurdle,Ebselysees,2,91,-4.03,-,69.79,-,69.51,-,pricedup.bet Handicap Hurdle
890726,2025-11-22,Huntingdon,hurdle,Bobalot,3,98,-4.33,-,69.70,-,69.43,-,pricedup.bet Handicap Hurdle
890726,2025-11-22,Huntingdon,hurdle,Groom De Cotte,4,97,-4.63,-,69.61,-,69.34,-,pricedup.bet Handicap Hurdle
890726,2025-11-22,Huntingdon,hurdle,Icaque de L'Isle,5,102,-6.38,-,69.11,-,68.83,-,pricedup.bet Handicap Hurdle
890726,2025-11-22,Huntingdon,hurdle,Touchwoodexpress,6,96,-12.88,-,67.22,-,66.92,-,pricedup.bet Handicap Hurdle
890726,2025-11-22,Huntingdon,hurdle,The Wise Traveller,7,98,-13.08,-,67.16,-,66.86,-,pricedup.bet Handicap Hurdle
890727,2025-11-22,Huntingdon,chase,Jacks Touch,5,106,-10.31,-,65.85,-,66.56,-,Clive Graham Memorial Mares' Handicap Chase (GBB Race)
890729,2025-11-22,Huntingdon,hurdle,River Rider,7,94,-8.29,-,61.06,-,59.69,-,Download The PricedUp App Handicap Hurdle
890729,2025-11-22,Huntingdon,hurdle,Bread And Butter,8,98,-21.29,-,56.38,-,54.85,-,Download The PricedUp App Handicap Hurdle
890729,2025-11-22,Huntingdon,hurdle,Rhiannon Ring,9,73,-21.79,-,56.20,-,54.66,-,Download The PricedUp App Handicap Hurdle
891219,2025-11-22,Huntingdon,chase,Song Of Earth,5,86,-15.09,-,58.01,-,58.84,-,PricedUp Daily Racing Boosts Handicap Chase
891219,2025-11-22,Huntingdon,chase,Stardhem,6,92,-28.09,-,53.27,-,54.19,-,PricedUp Daily Racing Boosts Handicap Chase
890731,2025-11-22,Huntingdon,nh_flat,Captain Connor,3,,-5.56,-,50.90,-,49.55,-,Play On PricedUp 'Junior' NH Flat Race (GBB Race)
890731,2025-11-22,Huntingdon,nh_flat,Pippin's Legend,4,,-5.76,-,50.81,-,49.45,-,Play On PricedUp 'Junior' NH Flat Race (GBB Race)
890731,2025-11-22,Huntingdon,nh_flat,Mister Coko,5,,-6.76,-,50.35,-,48.97,-,Play On PricedUp 'Junior' NH Flat Race (GBB Race)
890731,2025-11-22,Huntingdon,nh_flat,Equity Release,6,,-15.76,-,46.16,-,44.67,-,Play On PricedUp 'Junior' NH Flat Race (GBB Race)
890731,2025-11-22,Huntingdon,nh_flat,Darlson,7,,-20.26,-,44.07,-,42.52,-,Play On PricedUp 'Junior' NH Flat Race (GBB Race)
890731,2025-11-22,Huntingdon,nh_flat,Ring Commander,8,,-24.51,-,42.09,-,40.49,-,Play On PricedUp 'Junior' NH Flat Race (GBB Race)
890731,2025-11-22,Huntingdon,nh_flat,Arc Centurion,9,,-34.01,-,37.67,-,35.95,-,Play On PricedUp 'Junior' NH Flat Race (GBB Race)
890724,2025-11-22,Haydock,chase,Hudson De Grugy,9,118,-1.39,-47.18,71.34,58.39,72.14,58.66,Best Odds On The Betfair Exchange Handicap Chase (GBB Race)
890911,2025-11-24,Kempton,hurdle,Cosmic Spirit,8,,-2.24,17.16,57.39,65.47,54.83,63.94,Live Racing Streaming At CopyBet Juvenile Hurdle (GBB Race)
890901,2025-11-24,Sedgefield,chase,Largy Train,3,99,-0.41,32.29,64.89,76.32,65.13,76.94,Chris Blanckley 79th Birthday Celebration Handicap Chase (GBB Race)
890901,2025-11-24,Sedgefield,chase,Beat The Edge,4,83,-13.41,19.29,60.34,71.77,60.62,72.51,Chris Blanckley 79th Birthday Celebration Handicap Chase (GBB Race)
890901,2025-11-24,Sedgefield,chase,El Muchacho,5,94,-35.41,-2.71,52.65,64.08,52.98,65.02,Chris Blanckley 79th Birthday Celebration Handicap Chase (GBB Race)
890916,2025-11-24,Kempton,chase,Stans The Man,6,119,-6.40,16.00,68.66,75.26,68.31,75.27,CopyBet Acca Boost Up To 100% Handicap Chase (GBB Race)
891056,2025-11-25,Hereford,chase,Dark Soldier,6,82,-4.70,-,54.51,-,52.07,-,Lady Rebecca Novices' Handicap Chase
891243,2025-11-26,Market Rasen,hurdle,Blazing Nelson,7,,-9.91,43.29,52.25,75.36,52.53,76.45,Pertemps Network 'National Hunt' Novices' Hurdle (GBB Race)
891250,2025-11-26,Wetherby,hurdle,Buzz Iceclear,1,99,-11.94,-,66.28,-,65.70,-,wetherbyracing.co.uk Handicap Hurdle
891250,2025-11-26,Wetherby,hurdle,Farmer Jimmy,2,95,-14.94,-,65.37,-,64.78,-,wetherbyracing.co.uk Handicap Hurdle
891250,2025-11-26,Wetherby,hurdle,Streamsforth Lad,3,98,-16.44,-,64.92,-,64.32,-,wetherbyracing.co.uk Handicap Hurdle
891250,2025-11-26,Wetherby,hurdle,Star Vantage,4,90,-17.69,-,64.55,-,63.93,-,wetherbyracing.co.uk Handicap Hurdle
891250,2025-11-26,Wetherby,hurdle,It's Maisy,5,96,-17.79,-,64.52,-,63.90,-,wetherbyracing.co.uk Handicap Hurdle
891250,2025-11-26,Wetherby,hurdle,Rioja Alta,6,105,-20.54,-,63.69,-,63.06,-,wetherbyracing.co.uk Handicap Hurdle
891250,2025-11-26,Wetherby,hurdle,Dillarchie,7,86,-20.74,-,63.63,-,63.00,-,wetherbyracing.co.uk Handicap Hurdle
891245,2025-11-26,Market Rasen,chase,Lelant,1,88,-14.26,41.39,59.63,79.29,60.19,80.24,Pertemps Network Novices' Handicap Chase
891245,2025-11-26,Market Rasen,chase,Kapamazov,2,89,-19.01,36.64,57.95,77.62,58.53,78.64,Pertemps Network Novices' Handicap Chase
891245,2025-11-26,Market Rasen,chase,Misteroddsocks,3,87,-33.01,22.64,53.01,72.67,53.65,73.92,Pertemps Network Novices' Handicap Chase
891245,2025-11-26,Market Rasen,chase,Sir Carnegie,4,96,-33.76,21.89,52.74,72.40,53.39,73.67,Pertemps Network Novices' Handicap Chase
891245,2025-11-26,Market Rasen,chase,Uncle Al,5,83,-39.26,16.39,50.80,70.46,51.48,71.82,Pertemps Network Novices' Handicap Chase
891245,2025-11-26,Market Rasen,chase,Gata Ban,6,97,-61.26,-5.61,43.02,62.69,43.81,64.40,Pertemps Network Novices' Handicap Chase
891246,2025-11-26,Market Rasen,hurdle,Johnson's Blue,8,131,-16.01,45.39,62.85,82.51,63.54,83.39,Pertemps Network Handicap Hurdle (GBB Race)
891248,2025-11-26,Market Rasen,chase,Midnight Gold,4,90,-1.16,58.86,66.86,86.52,69.04,87.80,Pertemps Network Handicap Chase
891248,2025-11-26,Market Rasen,chase,Felton Bellevue,5,95,-2.41,57.61,66.45,86.11,68.66,87.43,Pertemps Network Handicap Chase
891503,2025-11-27,Uttoxeter,hurdle,Monsieur Le Fuzz,6,101,-3.37,69.56,68.36,90.68,68.07,90.95,ORS UK 25th Anniversary Race Handicap Hurdle
891503,2025-11-27,Uttoxeter,hurdle,Johnny Boy,7,101,-21.37,51.56,62.85,85.17,62.51,85.60,ORS UK 25th Anniversary Race Handicap Hurdle
891504,2025-11-27,Uttoxeter,chase,Night Duty,5,112,-2.14,63.20,70.99,89.55,71.58,90.07,QuinnBet Daily Free Bet Handicap Chase (GBB Race)
891504,2025-11-27,Uttoxeter,chase,Jo Lescribaa,6,104,-24.14,41.20,64.75,83.30,65.45,84.14,QuinnBet Daily Free Bet Handicap Chase (GBB Race)
891505,2025-11-27,Uttoxeter,chase,Fortune Dancer,1,89,-2.67,57.14,68.15,86.70,68.59,87.29,QuinnBet Mares' Handicap Chase
891505,2025-11-27,Uttoxeter,chase,Fortunefavorsdbold,2,98,-13.67,46.14,64.73,83.29,65.22,84.03,QuinnBet Mares' Handicap Chase
891505,2025-11-27,Uttoxeter,chase,Ginderella,3,78,-13.97,45.84,64.64,83.20,65.13,83.94,QuinnBet Mares' Handicap Chase
891505,2025-11-27,Uttoxeter,chase,Flintara,4,100,-28.97,30.84,59.99,78.54,60.54,79.49,QuinnBet Mares' Handicap Chase
891844,2025-11-29,Bangor-on-Dee,hurdle,Atlantic Lad,1,114,-13.57,100.81,57.98,100.30,56.43,100.29,Wrexham Lager Maiden Hurdle (GBB Race)
891844,2025-11-29,Bangor-on-Dee,hurdle,Judicial Deference,2,,-14.57,99.81,57.61,99.93,56.05,99.93,Wrexham Lager Maiden Hurdle (GBB Race)
891844,2025-11-29,Bangor-on-Dee,hurdle,Hardly Surprising,3,,-14.67,99.71,57.58,99.89,56.01,99.90,Wrexham Lager Maiden Hurdle (GBB Race)
891844,2025-11-29,Bangor-on-Dee,hurdle,Daylatedollarshort,4,,-22.17,92.21,54.80,97.12,53.13,97.22,Wrexham Lager Maiden Hurdle (GBB Race)
891844,2025-11-29,Bangor-on-Dee,hurdle,Windsor Blue,5,,-35.17,79.21,49.99,92.31,48.14,92.59,Wrexham Lager Maiden Hurdle (GBB Race)
891844,2025-11-29,Bangor-on-Dee,hurdle,Fine As Wine,6,,-37.92,76.46,48.97,91.29,47.09,91.61,Wrexham Lager Maiden Hurdle (GBB Race)
891844,2025-11-29,Bangor-on-Dee,hurdle,Josh Central,7,,-55.92,58.46,42.31,84.63,40.18,85.19,Wrexham Lager Maiden Hurdle (GBB Race)
891844,2025-11-29,Bangor-on-Dee,hurdle,Dublin City,8,,-61.92,52.46,40.10,82.41,37.88,83.05,Wrexham Lager Maiden Hurdle (GBB Race)
891844,2025-11-29,Bangor-on-Dee,hurdle,Cool Master,9,,-62.67,51.71,39.82,82.13,37.59,82.79,Wrexham Lager Maiden Hurdle (GBB Race)
891845,2025-11-29,Bangor-on-Dee,hurdle,Thereyare,7,,-3.33,98.04,56.87,99.18,55.21,99.21,Remembering Sally Anne Malam Novices' Hurdle (GBB Race)
891845,2025-11-29,Bangor-on-Dee,hurdle,Stay Hopeful,8,,-10.83,90.54,53.74,96.05,51.96,96.19,Remembering Sally Anne Malam Novices' Hurdle (GBB Race)
891845,2025-11-29,Bangor-on-Dee,hurdle,Onehundredneighty,9,,-13.83,87.54,52.48,94.80,50.65,94.98,Remembering Sally Anne Malam Novices' Hurdle (GBB Race)
891845,2025-11-29,Bangor-on-Dee,hurdle,Mooserwirt,10,,-16.08,85.29,51.54,93.86,49.68,94.08,Remembering Sally Anne Malam Novices' Hurdle (GBB Race)
891846,2025-11-29,Bangor-on-Dee,chase,It's Easy,1,103,-29.69,85.83,52.83,94.85,51.77,95.10,Beryl Shaw 90th Birthday Mares' Handicap Chase (GBB Race)
891846,2025-11-29,Bangor-on-Dee,chase,Ilovethenightlife,2,124,-69.69,45.83,38.28,80.30,36.89,81.25,Beryl Shaw 90th Birthday Mares' Handicap Chase (GBB Race)
891846,2025-11-29,Bangor-on-Dee,chase,Regal Renaissance,3,112,-89.69,25.83,31.00,73.02,29.45,74.33,Beryl Shaw 90th Birthday Mares' Handicap Chase (GBB Race)
891847,2025-11-29,Bangor-on-Dee,chase,Newton Tornado,1,120,-35.29,99.04,57.68,99.70,58.05,99.72,Gaskells Waste Management Services Handicap Chase (GBB Race)
891847,2025-11-29,Bangor-on-Dee,chase,Laganhill,2,126,-44.29,90.04,54.87,96.89,55.26,97.12,Gaskells Waste Management Services Handicap Chase (GBB Race)
891847,2025-11-29,Bangor-on-Dee,chase,Georges Saint,3,116,-55.29,79.04,51.43,93.44,51.85,93.94,Gaskells Waste Management Services Handicap Chase (GBB Race)
891847,2025-11-29,Bangor-on-Dee,chase,Grand Albert,4,127,-57.29,77.04,50.80,92.82,51.23,93.36,Gaskells Waste Management Services Handicap Chase (GBB Race)
891847,2025-11-29,Bangor-on-Dee,chase,Magical King,5,124,-59.04,75.29,50.25,92.27,50.69,92.86,Gaskells Waste Management Services Handicap Chase (GBB Race)
891847,2025-11-29,Bangor-on-Dee,chase,Ki Woo,6,121,-59.14,75.19,50.22,92.24,50.66,92.83,Gaskells Waste Management Services Handicap Chase (GBB Race)
891847,2025-11-29,Bangor-on-Dee,chase,Abbeydale,7,120,-65.64,68.69,48.19,90.21,48.64,90.95,Gaskells Waste Management Services Handicap Chase (GBB Race)
891848,2025-11-29,Bangor-on-Dee,chase,Jour D'Evasion,1,117,-16.04,83.05,50.79,92.81,49.23,93.10,Selby Rural Chartered Surveyors & Agricultural Valuers Handicap Chase (GBB Race)
891848,2025-11-29,Bangor-on-Dee,chase,Passing Kate,2,108,-20.29,78.80,48.99,91.01,47.37,91.37,Selby Rural Chartered Surveyors & Agricultural Valuers Handicap Chase (GBB Race)
891848,2025-11-29,Bangor-on-Dee,chase,Grey Diamond,3,113,-26.29,72.80,46.45,88.46,44.74,88.93,Selby Rural Chartered Surveyors & Agricultural Valuers Handicap Chase (GBB Race)
891848,2025-11-29,Bangor-on-Dee,chase,Jack Black,4,110,-51.29,47.80,35.85,77.86,33.81,78.76,Selby Rural Chartered Surveyors & Agricultural Valuers Handicap Chase (GBB Race)
891848,2025-11-29,Bangor-on-Dee,chase,Gwennie May Jem,5,95,-55.54,43.55,34.04,76.06,31.95,77.03,Selby Rural Chartered Surveyors & Agricultural Valuers Handicap Chase (GBB Race)
891848,2025-11-29,Bangor-on-Dee,chase,Kahavari,6,115,-57.29,41.80,33.30,75.32,31.18,76.32,Selby Rural Chartered Surveyors & Agricultural Valuers Handicap Chase (GBB Race)
891849,2025-11-29,Bangor-on-Dee,hurdle,Be The Difference,1,101,-27.73,104.75,59.20,101.52,58.75,101.43,Wynnstay Conditional Jockeys' Training Series Handicap Hurdle
891849,2025-11-29,Bangor-on-Dee,hurdle,Stamina Chope,2,76,-31.73,100.75,57.92,100.24,57.46,100.22,Wynnstay Conditional Jockeys' Training Series Handicap Hurdle
891849,2025-11-29,Bangor-on-Dee,hurdle,Bridget Mary,3,83,-41.73,90.75,54.73,97.04,54.23,97.22,Wynnstay Conditional Jockeys' Training Series Handicap Hurdle
891849,2025-11-29,Bangor-on-Dee,hurdle,Fancy Nancy Pants,4,71,-59.73,72.75,48.98,91.29,48.41,91.81,Wynnstay Conditional Jockeys' Training Series Handicap Hurdle
891841,2025-11-29,Doncaster,chase,Fierce Warrior,1,114,-35.42,-,61.65,-,61.23,-,Aalberts IPS Pegler Valves Handicap Chase (GBB Race)
891841,2025-11-29,Doncaster,chase,Red Delta,2,113,-36.17,-,61.44,-,61.01,-,Aalberts IPS Pegler Valves Handicap Chase (GBB Race)
891841,2025-11-29,Doncaster,chase,Broomfields Cave,3,117,-47.17,-,58.33,-,57.86,-,Aalberts IPS Pegler Valves Handicap Chase (GBB Race)
891841,2025-11-29,Doncaster,chase,No Regrets,4,108,-68.17,-,52.38,-,51.85,-,Aalberts IPS Pegler Valves Handicap Chase (GBB Race)
891843,2025-11-29,Doncaster,nh_flat,The Procrastinator,1,,428.50,-,206.09,-,211.43,-,Easyfix Equine Fillies' 'Junior' NH Flat Race (GBB Race)
891843,2025-11-29,Doncaster,nh_flat,Ashburton,2,,427.50,-,205.77,-,211.09,-,Easyfix Equine Fillies' 'Junior' NH Flat Race (GBB Race)
891843,2025-11-29,Doncaster,nh_flat,Luna Grace,3,,422.75,-,204.23,-,209.48,-,Easyfix Equine Fillies' 'Junior' NH Flat Race (GBB Race)
891843,2025-11-29,Doncaster,nh_flat,Capla Resdev,4,,411.75,-,200.68,-,205.75,-,Easyfix Equine Fillies' 'Junior' NH Flat Race (GBB Race)
891843,2025-11-29,Doncaster,nh_flat,Mariah's Dream,5,,410.00,-,200.12,-,205.16,-,Easyfix Equine Fillies' 'Junior' NH Flat Race (GBB Race)
891843,2025-11-29,Doncaster,nh_flat,The Lakes,6,,400.50,-,197.05,-,201.93,-,Easyfix Equine Fillies' 'Junior' NH Flat Race (GBB Race)
891843,2025-11-29,Doncaster,nh_flat,Antheia,7,,392.00,-,194.30,-,199.05,-,Easyfix Equine Fillies' 'Junior' NH Flat Race (GBB Race)
891843,2025-11-29,Doncaster,nh_flat,Frenati,8,,387.25,-,192.77,-,197.44,-,Easyfix Equine Fillies' 'Junior' NH Flat Race (GBB Race)
891843,2025-11-29,Doncaster,nh_flat,Emeralds Apart,9,,358.25,-,183.40,-,187.60,-,Easyfix Equine Fillies' 'Junior' NH Flat Race (GBB Race)
891843,2025-11-29,Doncaster,nh_flat,Joy Pain And Sky,10,,328.25,-,173.71,-,177.43,-,Easyfix Equine Fillies' 'Junior' NH Flat Race (GBB Race)
891858,2025-11-30,Carlisle,hurdle,Grey Skies,6,108,-2.10,-1.50,62.31,62.53,63.08,63.31,pricedup.bet Conditional Jockeys' Handicap Hurdle
891825,2025-11-30,Leicester,hurdle,Swindon Village,1,,218.63,172.22,140.19,124.47,137.72,123.57,Leicester Novices' Hurdle (GBB Race)
891825,2025-11-30,Leicester,hurdle,Lon Chaney,2,,213.13,166.72,138.33,122.60,135.97,121.77,Leicester Novices' Hurdle (GBB Race)
891864,2025-11-30,Carlisle,nh_flat,Strathcatcha,7,,-4.53,-5.32,56.16,55.83,57.09,56.74,PricedUp Supports British Racing Open NH Flat Race (GBB Race)
892122,2025-12-01,Plumpton,hurdle,Fresh Kicks,1,,-10.01,-,60.97,-,60.02,-,East Sussex Farmers Benevolent Fund Maiden Hurdle (GBB Race)
892122,2025-12-01,Plumpton,hurdle,The Two Harrys,2,,-16.01,-,58.84,-,57.84,-,East Sussex Farmers Benevolent Fund Maiden Hurdle (GBB Race)
892122,2025-12-01,Plumpton,hurdle,Hillwalk,3,,-22.51,-,56.53,-,55.48,-,East Sussex Farmers Benevolent Fund Maiden Hurdle (GBB Race)
892137,2025-12-01,Ayr,hurdle,Zeezee,5,74,-11.30,22.03,64.85,75.38,66.56,76.97,Book New Years Day Lunch At westernhousehotel Handicap Hurdle
892137,2025-12-01,Ayr,hurdle,Boolamore Classic,6,79,-14.30,19.03,63.90,74.43,65.66,76.09,Book New Years Day Lunch At westernhousehotel Handicap Hurdle
892137,2025-12-01,Ayr,hurdle,Bollin Matilda,7,88,-26.30,7.03,60.11,70.64,62.05,72.54,Book New Years Day Lunch At westernhousehotel Handicap Hurdle
892137,2025-12-01,Ayr,hurdle,Our Sam,8,100,-27.05,6.28,59.87,70.40,61.82,72.32,Book New Years Day Lunch At westernhousehotel Handicap Hurdle
892123,2025-12-01,Plumpton,hurdle,Lord Of The Glance,8,,-11.27,-,50.32,-,48.35,-,Theo's Charm Memorial Novices' Hurdle (GBB Race)
892125,2025-12-01,Plumpton,hurdle,Believitanducan,1,121,-4.86,-,62.92,-,62.02,-,Weatherbys & Birdie Calendars Handicap Hurdle
892125,2025-12-01,Plumpton,hurdle,Bourbali,2,125,-6.11,-,62.47,-,61.56,-,Weatherbys & Birdie Calendars Handicap Hurdle
892125,2025-12-01,Plumpton,hurdle,American Sniper,3,120,-21.11,-,57.17,-,56.13,-,Weatherbys & Birdie Calendars Handicap Hurdle
892125,2025-12-01,Plumpton,hurdle,Twist Of Fatecatch,4,113,-23.86,-,56.20,-,55.13,-,Weatherbys & Birdie Calendars Handicap Hurdle
892125,2025-12-01,Plumpton,hurdle,Jackstell,5,116,-40.86,-,50.19,-,48.97,-,Weatherbys & Birdie Calendars Handicap Hurdle
892127,2025-12-01,Plumpton,nh_flat,Gettingawaywithit,6,,-22.76,-,50.15,-,48.89,-,"Tommy, Sweaty, Creaky, Sleepy, Grumpy, Waffly Open NH Flat Race (GBB Race)"
892127,2025-12-01,Plumpton,nh_flat,Road To Nirvana,7,,-89.76,-,22.95,-,20.99,-,"Tommy, Sweaty, Creaky, Sleepy, Grumpy, Waffly Open NH Flat Race (GBB Race)"
892156,2025-12-02,Southwell,chase,As Legends Have It,3,118,-0.40,-,62.75,-,63.71,-,Grace And Dotty Country Clothing Handicap Chase (GBB Race)
892156,2025-12-02,Southwell,chase,Planned Paradise,4,105,-8.90,-,59.60,-,60.64,-,Grace And Dotty Country Clothing Handicap Chase (GBB Race)
892157,2025-12-02,Southwell,chase,We Got Your Back,4,92,-15.93,-,44.45,-,45.23,-,Join Southwell Golf Club Handicap Chase
892157,2025-12-02,Southwell,chase,Take Centre Stage,5,91,-19.93,-,42.54,-,43.34,-,Join Southwell Golf Club Handicap Chase
892158,2025-12-02,Southwell,nh_flat,Madmoiselle Moss,8,,-15.47,-,48.46,-,49.22,-,attheraces.com/marketmover NH Flat Race (Conditional/Amateurs) (GBB Race)
892158,2025-12-02,Southwell,nh_flat,Pretty Darn Quick,9,,-59.47,-,28.83,-,29.87,-,attheraces.com/marketmover NH Flat Race (Conditional/Amateurs) (GBB Race)
892161,2025-12-02,Southwell,hurdle,Always A Reason,1,90,-8.12,-,59.45,-,60.49,-,Sky Sports Racing Sky 415 Handicap Hurdle
892161,2025-12-02,Southwell,hurdle,Feet On The Ground,2,93,-9.12,-,59.07,-,60.12,-,Sky Sports Racing Sky 415 Handicap Hurdle
892161,2025-12-02,Southwell,hurdle,Ballyhiho,3,94,-10.37,-,58.60,-,59.67,-,Sky Sports Racing Sky 415 Handicap Hurdle
892161,2025-12-02,Southwell,hurdle,Cher Monsieur,4,80,-16.87,-,56.16,-,57.29,-,Sky Sports Racing Sky 415 Handicap Hurdle
892161,2025-12-02,Southwell,hurdle,Lennie Godber,5,85,-49.87,-,43.79,-,45.23,-,Sky Sports Racing Sky 415 Handicap Hurdle
892747,2025-12-04,Wincanton,hurdle,Ask Peter,6,87,-14.59,1.10,62.98,68.05,61.11,66.75,PricedUp Daily Racing Boost Mares' Novices' Hurdle (GBB Race)
892747,2025-12-04,Wincanton,hurdle,Bee's Kiss,7,,-45.59,-29.90,52.97,58.04,50.59,56.32,PricedUp Daily Racing Boost Mares' Novices' Hurdle (GBB Race)
892734,2025-12-04,Market Rasen,hurdle,Nottodaybobo,7,98,-60.57,-,48.33,-,49.29,-,Download The PricedUp App Handicap Hurdle
892735,2025-12-04,Market Rasen,chase,Ithaka,3,105,-49.71,-,50.87,-,54.10,-,Book Boxing Day At The Races Handicap Chase
892736,2025-12-04,Market Rasen,chase,Florita,1,74,-52.79,-,37.79,-,38.40,-,Play On PricedUp Handicap Chase
892736,2025-12-04,Market Rasen,chase,Girls Best Friend,2,87,-56.04,-,36.46,-,37.09,-,Play On PricedUp Handicap Chase
892736,2025-12-04,Market Rasen,chase,Forsa Bay,3,99,-63.04,-,33.61,-,34.27,-,Play On PricedUp Handicap Chase
892736,2025-12-04,Market Rasen,chase,Lone Soldier,4,78,-64.79,-,32.90,-,33.56,-,Play On PricedUp Handicap Chase
892736,2025-12-04,Market Rasen,chase,Beat The Edge,5,83,-74.29,-,29.03,-,29.73,-,Play On PricedUp Handicap Chase
892736,2025-12-04,Market Rasen,chase,Caro Des Flos,6,80,-80.29,-,26.59,-,27.32,-,Play On PricedUp Handicap Chase
892736,2025-12-04,Market Rasen,chase,Lord Maher,7,87,-92.29,-,21.70,-,22.48,-,Play On PricedUp Handicap Chase
892826,2025-12-05,Exeter,hurdle,Sparkling Duke,7,97,-31.23,-,58.37,-,58.93,-,JCB Tele-Handler Pony Racing Authority Graduates Handicap Hurdle (Conditionals/Amateurs)
892821,2025-12-05,Sedgefield,chase,Eveque,5,84,-8.57,74.24,69.25,92.70,70.13,93.18,BeatWright Beat The Wright Way Handicap Chase
892821,2025-12-05,Sedgefield,chase,Monaghan Boy,6,79,-13.57,69.24,67.83,91.29,68.75,91.86,BeatWright Beat The Wright Way Handicap Chase
892823,2025-12-05,Sedgefield,chase,Cave Hill,3,80,-0.64,55.71,64.53,84.39,64.78,85.01,Prodrive Shopfitting Ltd Novices' Handicap Chase
892823,2025-12-05,Sedgefield,chase,Bo Cruz,4,97,-9.14,47.21,61.54,81.40,61.81,82.14,Prodrive Shopfitting Ltd Novices' Handicap Chase
892823,2025-12-05,Sedgefield,chase,Lathan,5,94,-38.14,18.21,51.32,71.18,51.66,72.33,Prodrive Shopfitting Ltd Novices' Handicap Chase
892823,2025-12-05,Sedgefield,chase,Kuriosa,6,91,-38.89,17.46,51.05,70.91,51.39,72.07,Prodrive Shopfitting Ltd Novices' Handicap Chase
892830,2025-12-05,Exeter,hurdle,Chedington's Guest,6,89,-11.29,-,56.57,-,55.57,-,JCB Hydradig Novices' Handicap Hurdle
892830,2025-12-05,Exeter,hurdle,Broomfield Gale,7,92,-11.79,-,56.37,-,55.38,-,JCB Hydradig Novices' Handicap Hurdle
892830,2025-12-05,Exeter,hurdle,L'inoubliable,8,82,-15.79,-,54.81,-,53.78,-,JCB Hydradig Novices' Handicap Hurdle
892830,2025-12-05,Exeter,hurdle,Good For You,9,105,-29.79,-,49.35,-,48.19,-,JCB Hydradig Novices' Handicap Hurdle
892830,2025-12-05,Exeter,hurdle,Best Night,10,103,-31.79,-,48.57,-,47.39,-,JCB Hydradig Novices' Handicap Hurdle
892830,2025-12-05,Exeter,hurdle,Reel Orange,11,91,-42.79,-,44.27,-,43.00,-,JCB Hydradig Novices' Handicap Hurdle
892830,2025-12-05,Exeter,hurdle,Lion Of The Desert,12,104,-44.04,-,43.78,-,42.50,-,JCB Hydradig Novices' Handicap Hurdle
892824,2025-12-05,Sedgefield,hurdle,Fairly Fulling,4,79,-5.93,53.60,64.66,84.52,63.20,84.44,Lisa Margaret Turner Memorial Handicap Hurdle
892824,2025-12-05,Sedgefield,hurdle,Twoplacesatonetime,5,90,-22.93,36.60,58.99,78.85,57.29,78.74,Lisa Margaret Turner Memorial Handicap Hurdle
892818,2025-12-05,Sandown,hurdle,Across Earth,1,110,-39.21,-,28.87,-,32.07,-,Betfair Racing Podcasts 'Four Years Old' Handicap Hurdle
892818,2025-12-05,Sandown,hurdle,Marche D'aligre,2,121,-43.71,-,26.57,-,29.87,-,Betfair Racing Podcasts 'Four Years Old' Handicap Hurdle
892818,2025-12-05,Sandown,hurdle,Torrent,3,117,-44.96,-,25.94,-,29.26,-,Betfair Racing Podcasts 'Four Years Old' Handicap Hurdle
892818,2025-12-05,Sandown,hurdle,Fight My Fire,4,112,-45.71,-,25.55,-,28.90,-,Betfair Racing Podcasts 'Four Years Old' Handicap Hurdle
892818,2025-12-05,Sandown,hurdle,Knight Templar,5,110,-49.21,-,23.76,-,27.19,-,Betfair Racing Podcasts 'Four Years Old' Handicap Hurdle
892818,2025-12-05,Sandown,hurdle,Caelan,6,111,-49.26,-,23.74,-,27.16,-,Betfair Racing Podcasts 'Four Years Old' Handicap Hurdle
892818,2025-12-05,Sandown,hurdle,Galactic Charm,7,118,-67.26,-,14.54,-,18.38,-,Betfair Racing Podcasts 'Four Years Old' Handicap Hurdle
892832,2025-12-05,Exeter,nh_flat,Topsham Tide,10,,-13.35,-,50.92,-,50.60,-,Ludo Sports & Live Lounge Open NH Flat Race (GBB Race)
892832,2025-12-05,Exeter,nh_flat,Regal Icon,11,,-17.85,-,48.97,-,48.64,-,Ludo Sports & Live Lounge Open NH Flat Race (GBB Race)
892832,2025-12-05,Exeter,nh_flat,Shanagolden Girl,12,,-32.85,-,42.47,-,42.11,-,Ludo Sports & Live Lounge Open NH Flat Race (GBB Race)
892832,2025-12-05,Exeter,nh_flat,Dreamfyre Dancer,13,,-42.35,-,38.36,-,37.97,-,Ludo Sports & Live Lounge Open NH Flat Race (GBB Race)
892832,2025-12-05,Exeter,nh_flat,Lakeview Lass,14,,-64.35,-,28.83,-,28.38,-,Ludo Sports & Live Lounge Open NH Flat Race (GBB Race)
892832,2025-12-05,Exeter,nh_flat,Getavispa,15,,-85.35,-,19.74,-,19.23,-,Ludo Sports & Live Lounge Open NH Flat Race (GBB Race)
892926,2025-12-06,Aintree,hurdle,Sandscape,5,97,-2.86,77.17,70.28,93.40,69.59,93.52,William Hill Each Way Extra Novices' Handicap Hurdle (GBB Race)
892926,2025-12-06,Aintree,hurdle,Bombay Pete,6,94,-3.86,76.17,69.99,93.11,69.30,93.23,William Hill Each Way Extra Novices' Handicap Hurdle (GBB Race)
892926,2025-12-06,Aintree,hurdle,The Clonmel Kid,7,106,-15.86,64.17,66.52,89.65,65.75,89.83,William Hill Each Way Extra Novices' Handicap Hurdle (GBB Race)
892926,2025-12-06,Aintree,hurdle,The Great Escape,8,104,-17.61,62.42,66.01,89.14,65.23,89.33,William Hill Each Way Extra Novices' Handicap Hurdle (GBB Race)
892933,2025-12-06,Chepstow,chase,Starcrossed Lover,8,124,-1.37,-,62.84,-,62.44,-,Protectorcomms Sirens And Stallions Handicap Chase (GBB Race)
892928,2025-12-06,Aintree,chase,Gaelic Arc,6,124,-31.45,41.61,53.67,79.42,52.69,79.90,William Hill Racing Winnings Boost Handicap Chase (GBB Race)
892950,2025-12-06,Wetherby,nh_flat,Ringtone,8,,-3.65,4.08,55.65,58.97,54.75,58.38,Watch Racing TV In Stunning HD 'Junior' NH Flat Race (GBB Race)
892929,2025-12-06,Aintree,hurdle,Diamond Jim,7,,-4.06,52.16,57.19,80.32,54.88,80.10,William Hill Best Odds Guaranteed Wirral Juvenile Hurdle (Listed) (GBB Race)
892936,2025-12-07,Kelso,hurdle,My My My Delilah,3,,-37.22,10.19,52.37,68.83,51.46,69.13,EBF Mares' 'National Hunt' Novices' Hurdle (GBB Race)
892936,2025-12-07,Kelso,hurdle,Zhanma Enki,4,,-37.97,9.44,52.11,68.57,51.20,68.87,EBF Mares' 'National Hunt' Novices' Hurdle (GBB Race)
892936,2025-12-07,Kelso,hurdle,Bennys Jenny,5,,-38.47,8.94,51.93,68.39,51.02,68.70,EBF Mares' 'National Hunt' Novices' Hurdle (GBB Race)
892936,2025-12-07,Kelso,hurdle,Tiggerelli,6,,-42.72,4.69,50.46,66.92,49.52,67.24,EBF Mares' 'National Hunt' Novices' Hurdle (GBB Race)
892960,2025-12-07,Huntingdon,chase,Zacony Rebel,1,92,-5.17,-,66.41,-,67.12,-,Sky Bet Build A Bet Handicap Chase (GBB Race)
892960,2025-12-07,Huntingdon,chase,Trapista,2,94,-7.17,-,65.78,-,66.49,-,Sky Bet Build A Bet Handicap Chase (GBB Race)
893025,2025-12-08,Fontwell,hurdle,The Bellhop,1,113,-8.73,69.22,54.53,87.13,53.81,87.63,KSR Lighting Juvenile Hurdle (GBB Race)
893025,2025-12-08,Fontwell,hurdle,Brave Guest,2,,-13.73,64.22,52.44,85.03,51.68,85.62,KSR Lighting Juvenile Hurdle (GBB Race)
893025,2025-12-08,Fontwell,hurdle,Tenadaay,3,,-19.23,58.72,50.14,82.73,49.34,83.41,KSR Lighting Juvenile Hurdle (GBB Race)
893026,2025-12-08,Fontwell,chase,Atreides,1,94,-17.71,65.82,54.06,86.66,54.50,87.49,Southern Cranes And Access Handicap Chase (GBB Race)
893026,2025-12-08,Fontwell,chase,Le Galli Bier,2,106,-26.71,56.82,50.55,83.15,51.02,84.20,Southern Cranes And Access Handicap Chase (GBB Race)
893026,2025-12-08,Fontwell,chase,Koenigsstern,3,105,-32.71,50.82,48.21,80.81,48.70,82.00,Southern Cranes And Access Handicap Chase (GBB Race)
893026,2025-12-08,Fontwell,chase,Easy To Follow,4,107,-63.71,19.82,36.11,68.71,36.72,70.65,Southern Cranes And Access Handicap Chase (GBB Race)
893033,2025-12-08,Musselburgh,chase,Rossbridge,1,101,-50.75,-,42.53,-,43.10,-,Edinburgh Rugby 1872 Cup Novices' Handicap Chase (GBB Race)
893033,2025-12-08,Musselburgh,chase,Disguisedlimit,2,109,-52.00,-,42.06,-,42.63,-,Edinburgh Rugby 1872 Cup Novices' Handicap Chase (GBB Race)
893033,2025-12-08,Musselburgh,chase,Sleeping Satellite,3,108,-54.50,-,41.10,-,41.69,-,Edinburgh Rugby 1872 Cup Novices' Handicap Chase (GBB Race)
893027,2025-12-08,Fontwell,hurdle,Dawn's Desire,6,69,-9.61,113.57,63.55,104.51,63.32,104.24,Mercedes-Benz Of Chichester Handicap Hurdle
893027,2025-12-08,Fontwell,hurdle,Break Heart Hill,7,71,-14.61,108.57,61.89,102.85,61.64,102.68,Mercedes-Benz Of Chichester Handicap Hurdle
893029,2025-12-08,Fontwell,chase,Footloose Man,2,85,-1.16,114.64,64.22,105.18,65.57,104.66,"KSR Lighting, The Ultimate Lighting Solutions Novices' Handicap Chase"
893029,2025-12-08,Fontwell,chase,Daring Plan,3,84,-9.66,106.14,61.21,102.17,62.68,101.96,"KSR Lighting, The Ultimate Lighting Solutions Novices' Handicap Chase"
893029,2025-12-08,Fontwell,chase,Endersen,4,81,-15.16,100.64,59.27,100.23,60.81,100.20,"KSR Lighting, The Ultimate Lighting Solutions Novices' Handicap Chase"
893029,2025-12-08,Fontwell,chase,Diamond Days,5,91,-16.91,98.89,58.65,99.61,60.21,99.65,"KSR Lighting, The Ultimate Lighting Solutions Novices' Handicap Chase"
893030,2025-12-08,Fontwell,hurdle,Crossbeau,4,90,-15.76,62.76,51.94,84.54,51.18,85.15,John And Maryanne Birch Memorial Handicap Hurdle
893030,2025-12-08,Fontwell,hurdle,Smart Casual,5,82,-33.76,44.76,44.47,77.07,43.59,77.97,John And Maryanne Birch Memorial Handicap Hurdle
893030,2025-12-08,Fontwell,hurdle,Our Papa Smurf,6,96,-33.81,44.71,44.45,77.05,43.57,77.95,John And Maryanne Birch Memorial Handicap Hurdle
893030,2025-12-08,Fontwell,hurdle,Master Dunraven,7,90,-46.81,31.71,39.05,71.65,38.08,72.77,John And Maryanne Birch Memorial Handicap Hurdle
893141,2025-12-09,Uttoxeter,hurdle,Jalisco Star,1,107,-44.11,65.62,53.82,88.98,53.40,89.53,TGF Construction Christmas Bonanza Conditional Jockeys' Handicap Hurdle
893141,2025-12-09,Uttoxeter,hurdle,Oh My Johnny,2,119,-53.61,56.12,50.77,85.94,50.33,86.63,TGF Construction Christmas Bonanza Conditional Jockeys' Handicap Hurdle
893141,2025-12-09,Uttoxeter,hurdle,Jolie Baie,3,102,-57.11,52.62,49.65,84.82,49.19,85.57,TGF Construction Christmas Bonanza Conditional Jockeys' Handicap Hurdle
893141,2025-12-09,Uttoxeter,hurdle,North Parade,4,109,-59.36,50.37,48.93,84.09,48.47,84.88,TGF Construction Christmas Bonanza Conditional Jockeys' Handicap Hurdle
893141,2025-12-09,Uttoxeter,hurdle,Carismatic Soldier,5,114,-60.11,49.62,48.69,83.85,48.22,84.65,TGF Construction Christmas Bonanza Conditional Jockeys' Handicap Hurdle
893142,2025-12-09,Uttoxeter,hurdle,Beep Beep Becky,6,,-6.41,78.48,50.87,90.07,49.98,90.54,Camburg Maiden Hurdle (GBB Race)
893142,2025-12-09,Uttoxeter,hurdle,Rest Is The Best,7,,-20.41,64.48,44.41,83.60,43.40,84.39,Camburg Maiden Hurdle (GBB Race)
893142,2025-12-09,Uttoxeter,hurdle,Walkinthepresent,8,,-26.41,58.48,41.64,80.83,40.58,81.75,Camburg Maiden Hurdle (GBB Race)
893142,2025-12-09,Uttoxeter,hurdle,Keno Black,9,,-29.91,54.98,40.02,79.22,38.94,80.21,Camburg Maiden Hurdle (GBB Race)
893142,2025-12-09,Uttoxeter,hurdle,Half Pint Daisy,10,,-37.41,47.48,36.56,75.75,35.41,76.92,Camburg Maiden Hurdle (GBB Race)
893143,2025-12-09,Uttoxeter,chase,Itseemslikeit,1,113,-53.17,57.13,51.17,86.33,51.85,87.29,Avonside Supplies & Etex Handicap Chase (GBB Race)
893143,2025-12-09,Uttoxeter,chase,Ski Lodge,2,115,-60.17,50.13,48.94,84.10,49.65,85.21,Avonside Supplies & Etex Handicap Chase (GBB Race)
893143,2025-12-09,Uttoxeter,chase,Sole Solution,3,119,-61.42,48.88,48.54,83.70,49.26,84.84,Avonside Supplies & Etex Handicap Chase (GBB Race)
893143,2025-12-09,Uttoxeter,chase,Bells Of Peterboro,4,115,-65.42,44.88,47.27,82.43,48.00,83.66,Avonside Supplies & Etex Handicap Chase (GBB Race)
893143,2025-12-09,Uttoxeter,chase,Madaket,5,116,-66.92,43.38,46.79,81.95,47.53,83.21,Avonside Supplies & Etex Handicap Chase (GBB Race)
893143,2025-12-09,Uttoxeter,chase,Popova,6,123,-78.92,31.38,42.96,78.13,43.75,79.65,Avonside Supplies & Etex Handicap Chase (GBB Race)
893144,2025-12-09,Uttoxeter,hurdle,Hara Kiri,6,114,-1.21,83.84,53.36,92.55,52.52,92.91,Pektron Handicap Hurdle
893144,2025-12-09,Uttoxeter,hurdle,Belvedere Blast,7,112,-1.71,83.34,53.13,92.32,52.28,92.69,Pektron Handicap Hurdle
893144,2025-12-09,Uttoxeter,hurdle,Jiair Madrik,8,110,-18.71,66.34,45.29,84.49,44.30,85.23,Pektron Handicap Hurdle
893145,2025-12-09,Uttoxeter,hurdle,Analiese,1,103,-5.62,89.13,60.80,95.97,60.52,96.17,QuinnBet Mares' Handicap Hurdle
893145,2025-12-09,Uttoxeter,hurdle,Hard Dealt,2,101,-7.37,87.38,60.15,95.32,59.87,95.56,QuinnBet Mares' Handicap Hurdle
893145,2025-12-09,Uttoxeter,hurdle,Queen Of Steel,3,86,-17.37,77.38,56.44,91.61,56.13,92.04,QuinnBet Mares' Handicap Hurdle
893145,2025-12-09,Uttoxeter,hurdle,Fay Ce Que Voudras,4,91,-23.87,70.88,54.03,89.19,53.70,89.75,QuinnBet Mares' Handicap Hurdle
893145,2025-12-09,Uttoxeter,hurdle,Pipas Lescribaa,5,98,-29.37,65.38,51.99,87.15,51.64,87.81,QuinnBet Mares' Handicap Hurdle
893145,2025-12-09,Uttoxeter,hurdle,Volakes,6,102,-35.87,58.88,49.58,84.74,49.21,85.52,QuinnBet Mares' Handicap Hurdle
893145,2025-12-09,Uttoxeter,hurdle,Highbury Hill,7,99,-56.87,37.88,41.78,76.95,41.36,78.13,QuinnBet Mares' Handicap Hurdle
893145,2025-12-09,Uttoxeter,hurdle,It's Maisy,8,96,-96.87,-2.12,26.94,62.10,26.41,64.04,QuinnBet Mares' Handicap Hurdle
893230,2025-12-10,Leicester,hurdle,Almeirinda,7,103,-23.08,-,41.02,-,42.25,-,Racing Excellence Conditional Jockeys' Training Series Handicap Hurdle
893224,2025-12-10,Hexham,hurdle,Azahara Palace,1,,-30.00,119.95,35.88,109.84,38.07,108.45,Seasons Greetings From Hexham Bookmakers Mares' Novices' Hurdle (GBB Race)
893224,2025-12-10,Hexham,hurdle,Mad Mag,2,,-32.75,117.20,34.53,108.48,36.76,107.29,Seasons Greetings From Hexham Bookmakers Mares' Novices' Hurdle (GBB Race)
893224,2025-12-10,Hexham,hurdle,Trinity Street,3,,-37.25,112.70,32.31,106.26,34.61,105.38,Seasons Greetings From Hexham Bookmakers Mares' Novices' Hurdle (GBB Race)
893224,2025-12-10,Hexham,hurdle,Moira My Love,4,,-42.25,107.70,29.84,103.80,32.23,103.26,Seasons Greetings From Hexham Bookmakers Mares' Novices' Hurdle (GBB Race)
893224,2025-12-10,Hexham,hurdle,Mystical Martika,5,91,-44.75,105.20,28.61,102.56,31.04,102.20,Seasons Greetings From Hexham Bookmakers Mares' Novices' Hurdle (GBB Race)
893225,2025-12-10,Hexham,hurdle,Tashkhan,1,,-78.40,106.43,28.62,102.57,30.73,102.22,Paxtons Now Stocking Stihl Equipment Maiden Hurdle (GBB Race)
893225,2025-12-10,Hexham,hurdle,Cushendun,2,,-78.90,105.93,28.42,102.37,30.53,102.05,Paxtons Now Stocking Stihl Equipment Maiden Hurdle (GBB Race)
893225,2025-12-10,Hexham,hurdle,Kool Raoul,3,108,-87.40,97.43,25.02,98.97,27.23,99.11,Paxtons Now Stocking Stihl Equipment Maiden Hurdle (GBB Race)
893225,2025-12-10,Hexham,hurdle,Cold Henry,4,,-95.40,89.43,21.82,95.77,24.13,96.35,Paxtons Now Stocking Stihl Equipment Maiden Hurdle (GBB Race)
893225,2025-12-10,Hexham,hurdle,Whiskey On Ice,5,110,-101.90,82.93,19.22,93.17,21.60,94.11,Paxtons Now Stocking Stihl Equipment Maiden Hurdle (GBB Race)
893225,2025-12-10,Hexham,hurdle,Knockeranna Rose,6,,-106.15,78.68,17.52,91.47,19.95,92.64,Paxtons Now Stocking Stihl Equipment Maiden Hurdle (GBB Race)
893246,2025-12-10,Hereford,hurdle,Lovis De Sceaux,8,,-1.74,37.63,64.41,78.18,63.28,78.03,BetWright Bangers N'Cash Maiden Hurdle (GBB Race)
893246,2025-12-10,Hereford,hurdle,Blazing Saint,9,,-4.74,34.63,63.36,77.13,62.20,76.98,BetWright Bangers N'Cash Maiden Hurdle (GBB Race)
893246,2025-12-10,Hereford,hurdle,Crystal Force,10,,-4.84,34.53,63.33,77.10,62.16,76.94,BetWright Bangers N'Cash Maiden Hurdle (GBB Race)
893226,2025-12-10,Hexham,hurdle,King Gris,1,68,-95.08,81.32,21.06,92.44,23.39,93.45,Buttermere Handicap Hurdle
893226,2025-12-10,Hexham,hurdle,Getaway Master,2,90,-96.58,79.82,20.45,91.83,22.80,92.93,Buttermere Handicap Hurdle
893226,2025-12-10,Hexham,hurdle,Pure Sirloin,3,90,-104.08,72.32,17.42,88.80,19.86,90.30,Buttermere Handicap Hurdle
893227,2025-12-10,Hexham,hurdle,Adveram,1,96,-109.29,92.71,26.04,97.43,29.64,97.81,Robert & Helen Carr-Smith Wedding Anniversary Handicap Hurdle
893227,2025-12-10,Hexham,hurdle,Guernesey,2,98,-109.59,92.41,25.94,97.32,29.54,97.72,Robert & Helen Carr-Smith Wedding Anniversary Handicap Hurdle
893227,2025-12-10,Hexham,hurdle,Superior Glance,3,90,-111.34,90.66,25.32,96.70,28.95,97.19,Robert & Helen Carr-Smith Wedding Anniversary Handicap Hurdle
893227,2025-12-10,Hexham,hurdle,Moveonbuy,4,83,-125.34,76.66,20.37,91.75,24.25,92.98,Robert & Helen Carr-Smith Wedding Anniversary Handicap Hurdle
893227,2025-12-10,Hexham,hurdle,West Lawn,5,75,-137.34,64.66,16.13,87.51,20.21,89.37,Robert & Helen Carr-Smith Wedding Anniversary Handicap Hurdle
893227,2025-12-10,Hexham,hurdle,Coventry,6,83,-138.34,63.66,15.78,87.16,19.88,89.07,Robert & Helen Carr-Smith Wedding Anniversary Handicap Hurdle
893235,2025-12-10,Leicester,chase,Jet Plane,1,130,233.71,-,146.99,-,142.91,-,Weatherbys Racing Bank Handicap Chase (GBB Race)
893235,2025-12-10,Leicester,chase,Moonshine Man,2,109,224.21,-,143.65,-,139.86,-,Weatherbys Racing Bank Handicap Chase (GBB Race)
893235,2025-12-10,Leicester,chase,William Cody,3,112,217.21,-,141.19,-,137.62,-,Weatherbys Racing Bank Handicap Chase (GBB Race)
893228,2025-12-10,Hexham,chase,Heeztheboy,1,100,-47.33,137.33,41.00,114.95,43.79,112.69,Ursa Major Event Of Sivola Memorial Handicap Chase (GBB Race)
893228,2025-12-10,Hexham,chase,Walking On A Dream,2,111,-50.58,134.08,39.69,113.65,42.55,111.59,Ursa Major Event Of Sivola Memorial Handicap Chase (GBB Race)
893228,2025-12-10,Hexham,chase,King Of Cong,3,95,-71.58,113.08,31.28,105.24,34.54,104.45,Ursa Major Event Of Sivola Memorial Handicap Chase (GBB Race)
893228,2025-12-10,Hexham,chase,The Jeweller's Pet,4,97,-72.83,111.83,30.78,104.74,34.06,104.02,Ursa Major Event Of Sivola Memorial Handicap Chase (GBB Race)
893228,2025-12-10,Hexham,chase,Halpha Soleil,5,105,-77.83,106.83,28.78,102.74,32.15,102.32,Ursa Major Event Of Sivola Memorial Handicap Chase (GBB Race)
893229,2025-12-10,Hexham,chase,Stick With Me Sam,1,85,-49.20,84.87,20.56,91.94,24.56,93.15,Tant Pis Handicap Chase
893229,2025-12-10,Hexham,chase,Dixie Cowboy,2,93,-57.20,76.87,16.30,87.68,20.52,89.54,Tant Pis Handicap Chase
893229,2025-12-10,Hexham,chase,Cudgel,3,69,-58.95,75.12,15.37,86.75,19.63,88.74,Tant Pis Handicap Chase
893229,2025-12-10,Hexham,chase,Treaty Boy,4,96,-73.95,60.12,7.38,78.76,12.05,81.96,Tant Pis Handicap Chase
893229,2025-12-10,Hexham,chase,Blended Stealth,5,75,-81.95,52.12,3.12,74.50,8.00,78.34,Tant Pis Handicap Chase
893250,2025-12-10,Hereford,hurdle,Calli Black,7,93,-5.45,25.32,62.34,73.33,61.14,73.01,Accasion Marquees Mares' Novices' Limited Handicap Hurdle
893250,2025-12-10,Hereford,hurdle,Jewel Of Windsor,8,88,-13.95,16.82,59.30,70.29,58.01,69.94,Accasion Marquees Mares' Novices' Limited Handicap Hurdle
893250,2025-12-10,Hereford,hurdle,Seventeenothree,9,75,-15.70,15.07,58.67,69.66,57.36,69.31,Accasion Marquees Mares' Novices' Limited Handicap Hurdle
893309,2025-12-11,Warwick,chase,Lazy Sunday,4,111,-6.73,29.06,67.09,78.12,67.83,79.01,Larkshill Engineering Ltd Handicap Chase (GBB Race)
893309,2025-12-11,Warwick,chase,John W Creasy,5,91,-9.48,26.31,66.24,77.28,67.00,78.20,Larkshill Engineering Ltd Handicap Chase (GBB Race)
893309,2025-12-11,Warwick,chase,Malfoy Manor,6,101,-23.48,12.31,61.92,72.96,62.78,74.06,Larkshill Engineering Ltd Handicap Chase (GBB Race)
893324,2025-12-11,Taunton,hurdle,Joker Jack,16,71,-3.89,0.69,69.36,70.71,68.91,70.35,Jetset/Dave Criddle Travel Handicap Hurdle
893461,2025-12-12,Doncaster,chase,Gamesters Guy,1,135,-24.23,-,61.85,-,61.43,-,Bluebell Wood Childrens Hospice 'Chasing Excellence' Novices' Chase (GBB Race)
893461,2025-12-12,Doncaster,chase,Moon Rocket,2,141,-24.73,-,61.70,-,61.27,-,Bluebell Wood Childrens Hospice 'Chasing Excellence' Novices' Chase (GBB Race)
893463,2025-12-12,Doncaster,hurdle,Orphan Ollie,7,,-6.36,-,55.21,-,52.85,-,Bluebell Wood Childrens Hospice Juvenile Maiden Hurdle (GBB Race)
893463,2025-12-12,Doncaster,hurdle,Knighton,8,,-22.36,-,48.47,-,45.76,-,Bluebell Wood Childrens Hospice Juvenile Maiden Hurdle (GBB Race)
893467,2025-12-12,Doncaster,hurdle,Beau Quali,5,121,-5.18,-,62.70,-,61.88,-,Bluebell Wood Recycle Your Christmas Tree Handicap Hurdle
893693,2025-12-14,Carlisle,hurdle,Pitwood Road,1,105,-7.04,-,57.63,-,58.47,-,PricedUp Daily Racing Boosts Handicap Hurdle
893693,2025-12-14,Carlisle,hurdle,Always A Reason,2,93,-7.79,-,57.34,-,58.18,-,PricedUp Daily Racing Boosts Handicap Hurdle
893693,2025-12-14,Carlisle,hurdle,Drop Kick,3,92,-9.54,-,56.64,-,57.50,-,PricedUp Daily Racing Boosts Handicap Hurdle
893693,2025-12-14,Carlisle,hurdle,Lord De Vinci,4,96,-12.29,-,55.56,-,56.43,-,PricedUp Daily Racing Boosts Handicap Hurdle
893693,2025-12-14,Carlisle,hurdle,Half Track,5,93,-17.79,-,53.38,-,54.30,-,PricedUp Daily Racing Boosts Handicap Hurdle
893693,2025-12-14,Carlisle,hurdle,Interchangeable,6,104,-18.79,-,52.98,-,53.91,-,PricedUp Daily Racing Boosts Handicap Hurdle
893693,2025-12-14,Carlisle,hurdle,Shadow Chaser,7,100,-21.29,-,51.99,-,52.94,-,PricedUp Daily Racing Boosts Handicap Hurdle
893693,2025-12-14,Carlisle,hurdle,Sao Carlos,8,103,-35.29,-,46.45,-,47.51,-,PricedUp Daily Racing Boosts Handicap Hurdle
893692,2025-12-14,Carlisle,hurdle,Coylton King,8,,-34.47,-,49.14,-,50.15,-,Download The PricedUp App Maiden Hurdle (GBB Race)
893695,2025-12-14,Carlisle,hurdle,Nab Wood,1,128,-16.38,-,64.86,-,65.59,-,Pertemps Network Handicap Hurdle (GBB Race)
893695,2025-12-14,Carlisle,hurdle,Letos,2,131,-19.63,-,63.88,-,64.63,-,Pertemps Network Handicap Hurdle (GBB Race)
893695,2025-12-14,Carlisle,hurdle,Roaring Conquest,3,130,-19.93,-,63.79,-,64.54,-,Pertemps Network Handicap Hurdle (GBB Race)
893695,2025-12-14,Carlisle,hurdle,Rocheval,4,117,-23.43,-,62.73,-,63.50,-,Pertemps Network Handicap Hurdle (GBB Race)
893695,2025-12-14,Carlisle,hurdle,Hay Meadow,5,123,-41.43,-,57.30,-,58.18,-,Pertemps Network Handicap Hurdle (GBB Race)
893695,2025-12-14,Carlisle,hurdle,Caughtinyourtrance,6,121,-55.43,-,53.07,-,54.04,-,Pertemps Network Handicap Hurdle (GBB Race)
893855,2025-12-15,Plumpton,hurdle,Somkiyr,5,,-4.68,-,54.08,-,52.26,-,Royal Arch Racing Novices' Hurdle (GBB Race)
893856,2025-12-15,Plumpton,chase,All Authorized,5,100,-2.72,-,70.66,-,71.31,-,G.E.White & Sons Agricultural Buildings Handicap Chase (GBB Race)
893857,2025-12-15,Plumpton,hurdle,The Boss Bear,1,,-8.70,-,61.46,-,60.53,-,Maria & Nick's Perfect Wedding Gift Maiden Hurdle (GBB Race)
893857,2025-12-15,Plumpton,hurdle,Manigod,2,,-12.20,-,60.22,-,59.26,-,Maria & Nick's Perfect Wedding Gift Maiden Hurdle (GBB Race)
893857,2025-12-15,Plumpton,hurdle,Masked Mistress,3,,-12.50,-,60.12,-,59.15,-,Maria & Nick's Perfect Wedding Gift Maiden Hurdle (GBB Race)
893857,2025-12-15,Plumpton,hurdle,Dr Waksman,4,,-35.50,-,51.96,-,50.80,-,Maria & Nick's Perfect Wedding Gift Maiden Hurdle (GBB Race)
893857,2025-12-15,Plumpton,hurdle,Le Flying Ferret,5,,-54.50,-,45.23,-,43.90,-,Maria & Nick's Perfect Wedding Gift Maiden Hurdle (GBB Race)
893860,2025-12-15,Plumpton,hurdle,Enjoy D'allen,2,100,-0.25,-,70.45,-,70.62,-,Become A Racehorse Owner At oldgoldracing.com Handicap Hurdle
893860,2025-12-15,Plumpton,hurdle,Drumheller,3,88,-15.25,-,66.03,-,66.22,-,Become A Racehorse Owner At oldgoldracing.com Handicap Hurdle
893859,2025-12-15,Plumpton,hurdle,Grand Conqueror,1,90,-13.74,-,59.55,-,58.57,-,Dawson Hart Solicitors Handicap Hurdle
893859,2025-12-15,Plumpton,hurdle,Eliza Dolittle,2,78,-15.24,-,59.02,-,58.02,-,Dawson Hart Solicitors Handicap Hurdle
893859,2025-12-15,Plumpton,hurdle,Kool Kid,3,103,-16.99,-,58.40,-,57.38,-,Dawson Hart Solicitors Handicap Hurdle
893859,2025-12-15,Plumpton,hurdle,Duhallow Tommy,4,101,-27.99,-,54.48,-,53.38,-,Dawson Hart Solicitors Handicap Hurdle
893859,2025-12-15,Plumpton,hurdle,Golden Identity,5,102,-32.99,-,52.70,-,51.55,-,Dawson Hart Solicitors Handicap Hurdle
893859,2025-12-15,Plumpton,hurdle,Kill The Groove,6,100,-56.99,-,44.17,-,42.81,-,Dawson Hart Solicitors Handicap Hurdle
893859,2025-12-15,Plumpton,hurdle,El Arco,7,84,-69.99,-,39.55,-,38.08,-,Dawson Hart Solicitors Handicap Hurdle
893861,2025-12-15,Plumpton,nh_flat,Martha's Cottage,12,,-29.82,-,48.26,-,47.46,-,Staddon Send-Off Mares' Open NH Flat Race (GBB Race)
894206,2025-12-17,Newbury,hurdle,Fiveosevensix,8,,-9.29,18.29,63.26,72.53,62.74,72.59,Amber River Life Landscaping EBF 'National Hunt' Novices' Hurdle (GBB Race)
894214,2025-12-17,Ludlow,hurdle,Taktics,11,,-11.44,6.97,52.00,59.93,49.29,58.28,Alfa Aggregates EBF Fillies' Junior 'National Hunt' Hurdle (GBB Race)
894208,2025-12-17,Newbury,chase,Walking On Air,8,128,-2.22,16.79,63.70,70.45,63.51,70.64,BetVictor Wishes You A Merry Christmas Handicap Chase (GBB Race)
894438,2025-12-18,Exeter,hurdle,Blowers,1,,-4.36,133.60,53.23,115.06,52.93,113.68,Pricedup.Bet Maiden Hurdle (GBB Race)
894438,2025-12-18,Exeter,hurdle,On The Bayou,2,,-5.11,132.85,52.89,114.72,52.59,113.37,Pricedup.Bet Maiden Hurdle (GBB Race)
894438,2025-12-18,Exeter,hurdle,Lasko Des Obeaux,3,,-27.11,110.85,43.03,104.86,42.67,104.42,Pricedup.Bet Maiden Hurdle (GBB Race)
894438,2025-12-18,Exeter,hurdle,Eton Mes,4,,-41.11,96.85,36.76,98.59,36.36,98.72,Pricedup.Bet Maiden Hurdle (GBB Race)
894438,2025-12-18,Exeter,hurdle,Colby Mayfield,5,,-46.11,91.85,34.52,96.35,34.10,96.68,Pricedup.Bet Maiden Hurdle (GBB Race)
894438,2025-12-18,Exeter,hurdle,Stung By Tariffs,6,,-55.61,82.35,30.26,92.09,29.82,92.82,Pricedup.Bet Maiden Hurdle (GBB Race)
894438,2025-12-18,Exeter,hurdle,Blazing Litten,7,,-56.11,81.85,30.04,91.87,29.59,92.61,Pricedup.Bet Maiden Hurdle (GBB Race)
894438,2025-12-18,Exeter,hurdle,Ourbrowneyedgirl,8,,-56.21,81.75,29.99,91.82,29.55,92.57,Pricedup.Bet Maiden Hurdle (GBB Race)
894439,2025-12-18,Exeter,chase,Hollygrove Cha Cha,1,128,-8.46,135.99,53.58,115.40,53.24,114.00,PricedUp The Jumps 'Chasing Excellence' Mares' Novices' Chase (GBB Race)
894439,2025-12-18,Exeter,chase,Bluey,2,129,-13.21,131.24,51.54,113.37,51.19,112.15,PricedUp The Jumps 'Chasing Excellence' Mares' Novices' Chase (GBB Race)
894439,2025-12-18,Exeter,chase,All The Glory,3,130,-35.21,109.24,42.13,103.96,41.71,103.60,PricedUp The Jumps 'Chasing Excellence' Mares' Novices' Chase (GBB Race)
894440,2025-12-18,Exeter,hurdle,Klycot,1,,-46.37,67.78,32.18,85.07,31.74,86.25,PricedUp Daily Racing Boosts Juvenile Maiden Hurdle (GBB Race)
894440,2025-12-18,Exeter,hurdle,Lord Byron,2,,-47.37,66.78,31.71,84.60,31.28,85.82,PricedUp Daily Racing Boosts Juvenile Maiden Hurdle (GBB Race)
894440,2025-12-18,Exeter,hurdle,Way Of Stars,3,,-53.87,60.28,28.70,81.59,28.25,83.04,PricedUp Daily Racing Boosts Juvenile Maiden Hurdle (GBB Race)
894441,2025-12-18,Exeter,chase,Isaac Des Obeaux,1,127,-80.93,89.85,40.98,96.69,42.77,97.06,"Racing Blogger, 'Christmas Cup' Handicap Chase (GBB Race)"
894441,2025-12-18,Exeter,chase,Operation Manna,2,125,-85.93,84.85,39.35,95.06,41.19,95.62,"Racing Blogger, 'Christmas Cup' Handicap Chase (GBB Race)"
894441,2025-12-18,Exeter,chase,Sheldon,3,117,-98.93,71.85,35.11,90.82,37.08,91.86,"Racing Blogger, 'Christmas Cup' Handicap Chase (GBB Race)"
894441,2025-12-18,Exeter,chase,Gyenyame,4,117,-106.43,64.35,32.67,88.37,34.70,89.69,"Racing Blogger, 'Christmas Cup' Handicap Chase (GBB Race)"
894442,2025-12-18,Exeter,chase,Saint Cyr De Pail,1,97,-57.64,71.35,35.36,88.25,36.47,89.41,Download The PricedUp App Handicap Chase
894442,2025-12-18,Exeter,chase,Valirann Gold,2,86,-64.64,64.35,32.49,85.38,33.64,86.82,Download The PricedUp App Handicap Chase
894599,2025-12-19,Uttoxeter,chase,Better Off Alone,3,105,-4.33,126.77,61.03,110.00,61.37,109.14,Drywall Contracts Handicap Chase (GBB Race)
894600,2025-12-19,Uttoxeter,hurdle,Timmys Jet Away,4,,-9.62,94.90,48.64,97.61,47.72,97.76,Serenity Care Childrens Homes Maiden Hurdle (GBB Race)
894600,2025-12-19,Uttoxeter,hurdle,Glenmuick,5,,-11.87,92.65,47.59,96.56,46.64,96.77,Serenity Care Childrens Homes Maiden Hurdle (GBB Race)
894600,2025-12-19,Uttoxeter,hurdle,Fine As Wine,6,,-22.87,81.65,42.44,91.40,41.40,91.95,Serenity Care Childrens Homes Maiden Hurdle (GBB Race)
894600,2025-12-19,Uttoxeter,hurdle,Mooserwirt,7,,-26.62,77.90,40.68,89.65,39.61,90.30,Serenity Care Childrens Homes Maiden Hurdle (GBB Race)
894600,2025-12-19,Uttoxeter,hurdle,Thereyare,8,,-28.62,75.90,39.74,88.71,38.66,89.42,Serenity Care Childrens Homes Maiden Hurdle (GBB Race)
894600,2025-12-19,Uttoxeter,hurdle,Stay Hopeful,9,,-33.62,70.90,37.40,86.37,36.27,87.23,Serenity Care Childrens Homes Maiden Hurdle (GBB Race)
894600,2025-12-19,Uttoxeter,hurdle,Driver's Pick,10,,-65.62,38.90,22.41,71.37,21.01,73.18,Serenity Care Childrens Homes Maiden Hurdle (GBB Race)
894602,2025-12-19,Uttoxeter,chase,House Of Habsburg,1,86,-57.61,85.62,49.63,95.40,50.33,95.80,Malcolm Harrison Auctions Novices' Handicap Chase
894602,2025-12-19,Uttoxeter,chase,Try The Money,2,77,-77.61,65.62,43.24,89.01,44.03,89.95,Malcolm Harrison Auctions Novices' Handicap Chase
894603,2025-12-19,Uttoxeter,hurdle,Morning Mayhem,1,88,-7.10,89.53,49.27,95.04,48.35,95.33,APB Group Novices' Limited Handicap Hurdle
894603,2025-12-19,Uttoxeter,hurdle,Thankyouandplease,2,95,-14.60,82.03,45.72,91.49,44.74,91.98,APB Group Novices' Limited Handicap Hurdle
894603,2025-12-19,Uttoxeter,hurdle,Newport,3,88,-16.35,80.28,44.89,90.66,43.89,91.20,APB Group Novices' Limited Handicap Hurdle
894603,2025-12-19,Uttoxeter,hurdle,Urblereagh,4,90,-22.85,73.78,41.81,87.58,40.76,88.30,APB Group Novices' Limited Handicap Hurdle
894603,2025-12-19,Uttoxeter,hurdle,L'inoubliable,5,80,-26.85,69.78,39.91,85.68,38.83,86.52,APB Group Novices' Limited Handicap Hurdle
894603,2025-12-19,Uttoxeter,hurdle,Liloo D'ores,6,74,-32.85,63.78,37.07,82.84,35.94,83.84,APB Group Novices' Limited Handicap Hurdle
894603,2025-12-19,Uttoxeter,hurdle,Little Venice,7,88,-35.85,60.78,35.65,81.42,34.49,82.50,APB Group Novices' Limited Handicap Hurdle
894603,2025-12-19,Uttoxeter,hurdle,Mac's Xpress,8,71,-37.35,59.28,34.94,80.71,33.77,81.83,APB Group Novices' Limited Handicap Hurdle
894605,2025-12-19,Uttoxeter,hurdle,Eric Carmen,1,72,-26.44,98.96,52.43,99.61,52.09,99.63,QuinnBet Handicap Hurdle
894605,2025-12-19,Uttoxeter,hurdle,Getaway With You,2,85,-37.44,87.96,48.30,95.47,47.92,95.78,QuinnBet Handicap Hurdle
894605,2025-12-19,Uttoxeter,hurdle,Osterberg,3,94,-48.44,76.96,44.16,91.33,43.75,91.93,QuinnBet Handicap Hurdle
894605,2025-12-19,Uttoxeter,hurdle,Le Beau Gosse,4,95,-50.19,75.21,43.50,90.67,43.09,91.32,QuinnBet Handicap Hurdle
894605,2025-12-19,Uttoxeter,hurdle,Rock On Tommy,5,80,-62.19,63.21,38.99,86.16,38.54,87.12,QuinnBet Handicap Hurdle
894605,2025-12-19,Uttoxeter,hurdle,An Buachaill Rua,6,88,-62.69,62.71,38.80,85.97,38.35,86.95,QuinnBet Handicap Hurdle
894605,2025-12-19,Uttoxeter,hurdle,The Last Drop,7,80,-80.69,44.71,32.03,79.20,31.53,80.65,QuinnBet Handicap Hurdle
894798,2025-12-20,Hereford,hurdle,Run Away Joe,11,,-2.72,44.79,55.30,75.97,53.55,75.93,tigerbet.co.uk Best Odds Guaranteed Novices' Hurdle (GBB Race)
894799,2025-12-20,Hereford,hurdle,Glengolly,1,79,-11.17,60.79,68.06,88.74,67.95,89.09,tigerbet.co.uk New Betting Site Novices' Handicap Hurdle
894799,2025-12-20,Hereford,hurdle,Woodythewoodpecker,2,100,-18.67,53.29,65.91,86.58,65.79,87.00,tigerbet.co.uk New Betting Site Novices' Handicap Hurdle
894799,2025-12-20,Hereford,hurdle,Call Your Bluff,3,83,-19.67,52.29,65.62,86.29,65.50,86.72,tigerbet.co.uk New Betting Site Novices' Handicap Hurdle
894799,2025-12-20,Hereford,hurdle,Bredon Hill Dart,4,86,-21.17,50.79,65.19,85.86,65.07,86.31,tigerbet.co.uk New Betting Site Novices' Handicap Hurdle
894799,2025-12-20,Hereford,hurdle,Shorten Sassy,5,86,-23.17,48.79,64.61,85.29,64.49,85.75,tigerbet.co.uk New Betting Site Novices' Handicap Hurdle
894799,2025-12-20,Hereford,hurdle,Johnny Boy,6,100,-24.67,47.29,64.18,84.86,64.06,85.33,tigerbet.co.uk New Betting Site Novices' Handicap Hurdle
894799,2025-12-20,Hereford,hurdle,Flash In The Pan,7,94,-26.67,45.29,63.61,84.28,63.48,84.78,tigerbet.co.uk New Betting Site Novices' Handicap Hurdle
894799,2025-12-20,Hereford,hurdle,After Midnight,8,71,-30.42,41.54,62.53,83.20,62.40,83.73,tigerbet.co.uk New Betting Site Novices' Handicap Hurdle
894799,2025-12-20,Hereford,hurdle,Pooley's Promise,9,83,-58.42,13.54,54.48,75.16,54.33,75.94,tigerbet.co.uk New Betting Site Novices' Handicap Hurdle
894800,2025-12-20,Hereford,hurdle,New Invention,8,95,-10.86,36.49,51.59,72.27,49.70,72.22,tigerbet.co.uk Bet Online Handicap Hurdle
894802,2025-12-20,Hereford,hurdle,Wewillgowithplanb,8,111,-2.76,68.55,63.55,88.85,62.39,88.99,bettingsites.co.uk New Betting Sites Handicap Hurdle
894803,2025-12-20,Hereford,nh_flat,Simply Dashing,12,,-12.36,45.24,51.78,76.50,49.89,76.62,Merry Christmas From Hereford Racecourse 'Junior' NH Flat Race (GBB Race)
894764,2025-12-21,Lingfield,nh_flat,Wilde's Legacy,1,,262.82,-,164.96,-,163.19,-,Sky Sports Racing Sky 415 Open NH Flat Race (GBB Race)
894764,2025-12-21,Lingfield,nh_flat,Makingplansfor,2,,261.07,-,164.26,-,162.51,-,Sky Sports Racing Sky 415 Open NH Flat Race (GBB Race)
894764,2025-12-21,Lingfield,nh_flat,Below The Belt,3,,257.32,-,162.76,-,161.06,-,Sky Sports Racing Sky 415 Open NH Flat Race (GBB Race)
894764,2025-12-21,Lingfield,nh_flat,Silk Mountain,4,,256.82,-,162.56,-,160.86,-,Sky Sports Racing Sky 415 Open NH Flat Race (GBB Race)
894764,2025-12-21,Lingfield,nh_flat,King Berry,5,,252.32,-,160.77,-,159.11,-,Sky Sports Racing Sky 415 Open NH Flat Race (GBB Race)
894764,2025-12-21,Lingfield,nh_flat,St Aurelia,6,,251.07,-,160.27,-,158.63,-,Sky Sports Racing Sky 415 Open NH Flat Race (GBB Race)
894775,2025-12-21,Fakenham,chase,Bolsover Bill,3,108,-22.43,-,55.58,-,57.60,-,Sky Bet Super Sub Female Jockeys' Handicap Chase (GBB Race)
894776,2025-12-21,Fakenham,chase,Enjoy D'allen,1,112,-15.24,-,68.91,-,70.99,-,Sky Bet Club Handicap Chase (GBB Race)
894776,2025-12-21,Fakenham,chase,Fern Hill,2,110,-41.24,-,61.90,-,64.45,-,Sky Bet Club Handicap Chase (GBB Race)
894776,2025-12-21,Fakenham,chase,Shadows In The Sky,3,109,-51.24,-,59.20,-,61.93,-,Sky Bet Club Handicap Chase (GBB Race)
894776,2025-12-21,Fakenham,chase,To Be Sure,4,91,-92.24,-,48.14,-,51.61,-,Sky Bet Club Handicap Chase (GBB Race)
894777,2025-12-21,Fakenham,hurdle,Lady Harriett,3,76,-5.28,-,66.34,-,66.98,-,Sky Bet For The Fans Handicap Hurdle
894777,2025-12-21,Fakenham,hurdle,Isabel De Clare,4,84,-33.28,-,57.39,-,58.20,-,Sky Bet For The Fans Handicap Hurdle
894770,2025-12-21,Lingfield,hurdle,Known Warrior,6,102,-83.58,-,31.58,-,32.16,-,At The Races App Expert Tips Conditional Jockeys' Novices' Handicap Hurdle
894950,2025-12-22,Musselburgh,chase,O'Faolains Glory,1,103,200.88,-,133.74,-,132.68,-,Virgin Bet Handicap Chase (GBB Race)
894958,2025-12-22,Huntingdon,hurdle,Harthill,9,84,-16.22,13.16,58.34,68.87,56.87,68.37,Racing Blogger Handicap Hurdle
895564,2025-12-26,Fontwell,hurdle,Midsummer Dream,4,,-19.92,-,52.95,-,52.20,-,tigerbet.co.uk Best Odds Guaranteed Novices' Hurdle (GBB Race)
895607,2025-12-26,Wetherby,hurdle,Glen Road,4,119,-0.71,-,66.01,-,65.00,-,William Hill Epic Boosts Daily Handicap Hurdle
895607,2025-12-26,Wetherby,hurdle,Sunray Shadow,5,115,-7.21,-,63.82,-,62.74,-,William Hill Epic Boosts Daily Handicap Hurdle
895607,2025-12-26,Wetherby,hurdle,Be The Difference,6,109,-7.96,-,63.57,-,62.48,-,William Hill Epic Boosts Daily Handicap Hurdle
895607,2025-12-26,Wetherby,hurdle,Golden Glance,7,110,-32.96,-,55.13,-,53.80,-,William Hill Epic Boosts Daily Handicap Hurdle
895573,2025-12-26,Aintree,chase,Snipe,7,122,-14.21,11.35,67.18,74.52,66.97,74.69,William Hill Each Way Extra Handicap Chase (GBB Race)
895573,2025-12-26,Aintree,chase,Dubai Days,8,124,-75.21,-49.65,49.65,56.99,49.33,57.27,William Hill Each Way Extra Handicap Chase (GBB Race)
895585,2025-12-26,Sedgefield,hurdle,Heritier,8,95,-9.59,-,61.67,-,60.36,-,Gary Wood Memorial Handicap Hurdle
895567,2025-12-26,Fontwell,chase,Esperti,1,86,-45.59,-,56.84,-,58.02,-,tigerbet.co.uk Daily Price Boosts Handicap Chase
895567,2025-12-26,Fontwell,chase,Record High,2,98,-46.09,-,56.69,-,57.87,-,tigerbet.co.uk Daily Price Boosts Handicap Chase
895567,2025-12-26,Fontwell,chase,Minella Kaiser,3,87,-53.59,-,54.46,-,55.71,-,tigerbet.co.uk Daily Price Boosts Handicap Chase
895609,2025-12-26,Wetherby,hurdle,Gold Ring,11,73,-2.75,-,54.90,-,53.99,-,William Hill Daily Bet Boosts Handicap Hurdle
892191,2025-12-27,Chepstow,hurdle,Mossy Fen Road,1,,261.31,-,164.77,-,162.42,-,Play Corals Free 'Racing-Super-Series' Novices' Hurdle (GBB Race)
892191,2025-12-27,Chepstow,hurdle,Spectacularsunrise,2,131,252.81,-,161.36,-,159.13,-,Play Corals Free 'Racing-Super-Series' Novices' Hurdle (GBB Race)
892191,2025-12-27,Chepstow,hurdle,Tennessee Tango,3,,249.81,-,160.15,-,157.97,-,Play Corals Free 'Racing-Super-Series' Novices' Hurdle (GBB Race)
892191,2025-12-27,Chepstow,hurdle,Hillwalk,4,,228.81,-,151.72,-,149.84,-,Play Corals Free 'Racing-Super-Series' Novices' Hurdle (GBB Race)
892191,2025-12-27,Chepstow,hurdle,Galashiels,5,,221.31,-,148.71,-,146.94,-,Play Corals Free 'Racing-Super-Series' Novices' Hurdle (GBB Race)
892191,2025-12-27,Chepstow,hurdle,Stone Cold,6,,219.56,-,148.01,-,146.26,-,Play Corals Free 'Racing-Super-Series' Novices' Hurdle (GBB Race)
892191,2025-12-27,Chepstow,hurdle,Phineas Bunce,7,,218.81,-,147.70,-,145.97,-,Play Corals Free 'Racing-Super-Series' Novices' Hurdle (GBB Race)
895800,2025-12-27,Wetherby,hurdle,Kalo Athena,1,79,-36.71,-,58.26,-,57.54,-,William Hill Daily Bet Boosts Conditional Jockeys' Handicap Hurdle
895800,2025-12-27,Wetherby,hurdle,Castanea Breeze,2,87,-39.71,-,57.35,-,56.61,-,William Hill Daily Bet Boosts Conditional Jockeys' Handicap Hurdle
895800,2025-12-27,Wetherby,hurdle,Fancy Nancy Pants,3,71,-44.71,-,55.82,-,55.06,-,William Hill Daily Bet Boosts Conditional Jockeys' Handicap Hurdle
895800,2025-12-27,Wetherby,hurdle,Smart Bucks,4,73,-45.21,-,55.67,-,54.90,-,William Hill Daily Bet Boosts Conditional Jockeys' Handicap Hurdle
895800,2025-12-27,Wetherby,hurdle,Star Vantage,5,88,-47.96,-,54.83,-,54.05,-,William Hill Daily Bet Boosts Conditional Jockeys' Handicap Hurdle
895800,2025-12-27,Wetherby,hurdle,Geordie Night,6,97,-56.96,-,52.08,-,51.25,-,William Hill Daily Bet Boosts Conditional Jockeys' Handicap Hurdle
895800,2025-12-27,Wetherby,hurdle,Getaway Master,7,96,-57.46,-,51.93,-,51.10,-,William Hill Daily Bet Boosts Conditional Jockeys' Handicap Hurdle
895800,2025-12-27,Wetherby,hurdle,Little Wren,8,73,-63.96,-,49.94,-,49.08,-,William Hill Daily Bet Boosts Conditional Jockeys' Handicap Hurdle
895800,2025-12-27,Wetherby,hurdle,Glory Hights,9,89,-64.96,-,49.64,-,48.77,-,William Hill Daily Bet Boosts Conditional Jockeys' Handicap Hurdle
895800,2025-12-27,Wetherby,hurdle,Westerdale,10,77,-65.46,-,49.48,-,48.61,-,William Hill Daily Bet Boosts Conditional Jockeys' Handicap Hurdle
895800,2025-12-27,Wetherby,hurdle,Moveonbuy,11,83,-82.46,-,44.29,-,43.33,-,William Hill Daily Bet Boosts Conditional Jockeys' Handicap Hurdle
895800,2025-12-27,Wetherby,hurdle,Walk My Way,12,69,-85.71,-,43.30,-,42.32,-,William Hill Daily Bet Boosts Conditional Jockeys' Handicap Hurdle
895800,2025-12-27,Wetherby,hurdle,Perfect Poli,13,79,-91.21,-,41.62,-,40.62,-,William Hill Daily Bet Boosts Conditional Jockeys' Handicap Hurdle
895800,2025-12-27,Wetherby,hurdle,Little Soiree,14,94,-94.96,-,40.48,-,39.45,-,William Hill Daily Bet Boosts Conditional Jockeys' Handicap Hurdle
892192,2025-12-27,Chepstow,hurdle,Another Fine Mess,1,104,252.18,-,161.48,-,159.25,-,Coral 'Daily Rewards Shaker' Handicap Hurdle
892192,2025-12-27,Chepstow,hurdle,Razzle Dazzle Boy,2,108,251.98,-,161.40,-,159.17,-,Coral 'Daily Rewards Shaker' Handicap Hurdle
892192,2025-12-27,Chepstow,hurdle,Cheesy Icon,3,113,251.68,-,161.28,-,159.05,-,Coral 'Daily Rewards Shaker' Handicap Hurdle
892192,2025-12-27,Chepstow,hurdle,Activist,4,108,247.68,-,159.66,-,157.49,-,Coral 'Daily Rewards Shaker' Handicap Hurdle
892192,2025-12-27,Chepstow,hurdle,Knight Templar,5,109,241.68,-,157.24,-,155.16,-,Coral 'Daily Rewards Shaker' Handicap Hurdle
892192,2025-12-27,Chepstow,hurdle,Kamaxos,6,116,241.38,-,157.12,-,155.04,-,Coral 'Daily Rewards Shaker' Handicap Hurdle
892192,2025-12-27,Chepstow,hurdle,Close Combat,7,111,238.13,-,155.80,-,153.78,-,Coral 'Daily Rewards Shaker' Handicap Hurdle
892192,2025-12-27,Chepstow,hurdle,Gower Spirit,8,100,237.38,-,155.50,-,153.48,-,Coral 'Daily Rewards Shaker' Handicap Hurdle
892192,2025-12-27,Chepstow,hurdle,Gavin,9,93,232.88,-,153.68,-,151.73,-,Coral 'Daily Rewards Shaker' Handicap Hurdle
892192,2025-12-27,Chepstow,hurdle,Oakley,10,109,232.38,-,153.48,-,151.54,-,Coral 'Daily Rewards Shaker' Handicap Hurdle
892192,2025-12-27,Chepstow,hurdle,Estate Planning,11,92,224.38,-,150.25,-,148.42,-,Coral 'Daily Rewards Shaker' Handicap Hurdle
892192,2025-12-27,Chepstow,hurdle,Cogital,12,91,218.88,-,148.03,-,146.28,-,Coral 'Daily Rewards Shaker' Handicap Hurdle
892192,2025-12-27,Chepstow,hurdle,Zambezi Fix,13,111,210.38,-,144.59,-,142.97,-,Coral 'Daily Rewards Shaker' Handicap Hurdle
892193,2025-12-27,Chepstow,chase,Jour D'Evasion,1,122,202.32,-,142.78,-,141.23,-,Coral Racing Club 'Join For Free' Handicap Chase (GBB Race)
892194,2025-12-27,Chepstow,hurdle,Tenter Le Tout,1,,216.75,-,148.32,-,146.57,-,Coral Finale Juvenile Hurdle (Grade 2) (GBB Race)
892194,2025-12-27,Chepstow,hurdle,Klycot,2,,209.75,-,145.43,-,143.78,-,Coral Finale Juvenile Hurdle (Grade 2) (GBB Race)
892195,2025-12-27,Chepstow,hurdle,King Of The Lake,1,123,212.05,-,131.56,-,131.32,-,Join Coral 'Bet 10 Get 50' Handicap Hurdle (GBB Race)
892195,2025-12-27,Chepstow,hurdle,Royal Rambler,2,126,211.30,-,131.35,-,131.11,-,Join Coral 'Bet 10 Get 50' Handicap Hurdle (GBB Race)
892195,2025-12-27,Chepstow,hurdle,Keable,3,128,202.30,-,128.82,-,128.60,-,Join Coral 'Bet 10 Get 50' Handicap Hurdle (GBB Race)
892195,2025-12-27,Chepstow,hurdle,Doctor Kildare,4,118,200.05,-,128.18,-,127.97,-,Join Coral 'Bet 10 Get 50' Handicap Hurdle (GBB Race)
895821,2025-12-28,Leicester,chase,Ballymackie,1,100,222.06,-,143.18,-,139.43,-,Alpacalypse Session IPA Novices' Handicap Chase
895821,2025-12-28,Leicester,chase,Moor End,2,96,216.06,-,141.05,-,137.49,-,Alpacalypse Session IPA Novices' Handicap Chase
895821,2025-12-28,Leicester,chase,Kapamazov,3,89,210.06,-,138.93,-,135.56,-,Alpacalypse Session IPA Novices' Handicap Chase
895821,2025-12-28,Leicester,chase,Kitsilano,4,91,208.81,-,138.49,-,135.15,-,Alpacalypse Session IPA Novices' Handicap Chase
895825,2025-12-28,Leicester,chase,Heeztheboy,1,107,227.38,-,144.92,-,141.03,-,Aspall Cyder Leicestershire Silver Fox Handicap Chase (GBB Race)
895825,2025-12-28,Leicester,chase,The Bluesman,2,122,225.88,-,144.39,-,140.54,-,Aspall Cyder Leicestershire Silver Fox Handicap Chase (GBB Race)
895825,2025-12-28,Leicester,chase,Miralago,3,119,214.88,-,140.51,-,137.00,-,Aspall Cyder Leicestershire Silver Fox Handicap Chase (GBB Race)
895825,2025-12-28,Leicester,chase,Moonshine Man,4,108,213.13,-,139.90,-,136.44,-,Aspall Cyder Leicestershire Silver Fox Handicap Chase (GBB Race)
895859,2025-12-29,Kelso,chase,Golden Point,1,110,-85.96,-,45.82,-,45.78,-,AJA Amateur Jockeys' Handicap Chase (GBB Race)
895859,2025-12-29,Kelso,chase,Blakey Boy,2,100,-93.96,-,43.49,-,43.45,-,AJA Amateur Jockeys' Handicap Chase (GBB Race)
895859,2025-12-29,Kelso,chase,Court At Slip,3,102,-105.96,-,40.00,-,39.95,-,AJA Amateur Jockeys' Handicap Chase (GBB Race)
895859,2025-12-29,Kelso,chase,Super Citizen,4,103,-107.46,-,39.56,-,39.51,-,AJA Amateur Jockeys' Handicap Chase (GBB Race)
895859,2025-12-29,Kelso,chase,Great Notions,5,114,-111.21,-,38.47,-,38.42,-,AJA Amateur Jockeys' Handicap Chase (GBB Race)
895862,2025-12-29,Kelso,hurdle,Tiggerelli,9,,-23.36,-,46.57,-,45.13,-,Save 50% On Racing TV Maiden Hurdle (GBB Race) (Div 2)
895863,2025-12-29,Kelso,hurdle,Lowlands,3,101,-1.46,-,60.28,-,58.28,-,racingtv.com/sale Mares' Handicap Hurdle
895863,2025-12-29,Kelso,hurdle,She's Notjoeking,4,95,-9.96,-,56.96,-,54.79,-,racingtv.com/sale Mares' Handicap Hurdle
895863,2025-12-29,Kelso,hurdle,Magnolia,5,120,-16.96,-,54.22,-,51.91,-,racingtv.com/sale Mares' Handicap Hurdle
895863,2025-12-29,Kelso,hurdle,Nellie Bluesky,6,100,-17.46,-,54.02,-,51.70,-,racingtv.com/sale Mares' Handicap Hurdle
895863,2025-12-29,Kelso,hurdle,Theatre Light,7,91,-21.46,-,52.45,-,50.06,-,racingtv.com/sale Mares' Handicap Hurdle
895863,2025-12-29,Kelso,hurdle,Theirshegoes,8,98,-26.46,-,50.50,-,48.00,-,racingtv.com/sale Mares' Handicap Hurdle
895863,2025-12-29,Kelso,hurdle,Inspire Hope,9,103,-52.46,-,40.32,-,37.31,-,racingtv.com/sale Mares' Handicap Hurdle
896306,2025-12-31,Warwick,chase,Georges Saint,3,114,-0.49,-,68.58,-,69.29,-,PricedUp Daily Racing Boosts Conditional Jockeys' Handicap Chase (GBB Race)
896306,2025-12-31,Warwick,chase,Immortal Fame,4,118,-4.49,-,67.33,-,68.07,-,PricedUp Daily Racing Boosts Conditional Jockeys' Handicap Chase (GBB Race)
896319,2025-12-31,Uttoxeter,hurdle,Menaggio,4,120,-4.77,110.53,61.66,103.85,61.38,103.62,Simply Logistics Handicap Hurdle
896319,2025-12-31,Uttoxeter,hurdle,Pyramid Place,5,124,-12.27,103.03,58.91,101.11,58.61,101.04,Simply Logistics Handicap Hurdle
896319,2025-12-31,Uttoxeter,hurdle,Galassian,6,114,-28.27,87.03,53.05,95.25,52.71,95.55,Simply Logistics Handicap Hurdle
896320,2025-12-31,Uttoxeter,hurdle,Bollin Thou,1,76,-50.08,58.98,51.75,86.81,51.31,87.46,Feast Streat Great Tasting Food Handicap Hurdle
896320,2025-12-31,Uttoxeter,hurdle,Glengolly,2,86,-56.58,52.48,49.66,84.72,49.20,85.47,Feast Streat Great Tasting Food Handicap Hurdle
896320,2025-12-31,Uttoxeter,hurdle,La Higuera,3,93,-57.83,51.23,49.25,84.32,48.79,85.09,Feast Streat Great Tasting Food Handicap Hurdle
896320,2025-12-31,Uttoxeter,hurdle,Donttellyamumjack,4,83,-82.83,26.23,41.22,76.28,40.68,77.45,Feast Streat Great Tasting Food Handicap Hurdle
896320,2025-12-31,Uttoxeter,hurdle,Sandscape,5,96,-87.83,21.23,39.61,74.67,39.06,75.92,Feast Streat Great Tasting Food Handicap Hurdle
896320,2025-12-31,Uttoxeter,hurdle,Hobb's Delight,6,89,-88.83,20.23,39.29,74.35,38.73,75.62,Feast Streat Great Tasting Food Handicap Hurdle
896320,2025-12-31,Uttoxeter,hurdle,Coventry,7,82,-91.08,17.98,38.56,73.63,38.00,74.93,Feast Streat Great Tasting Food Handicap Hurdle
896320,2025-12-31,Uttoxeter,hurdle,Shesupincourt,8,75,-94.58,14.48,37.44,72.50,36.87,73.86,Feast Streat Great Tasting Food Handicap Hurdle
896320,2025-12-31,Uttoxeter,hurdle,Elfride,9,68,-142.58,-33.52,22.00,57.07,21.29,59.19,Feast Streat Great Tasting Food Handicap Hurdle
896320,2025-12-31,Uttoxeter,hurdle,Kauto D'Amour,10,83,-156.58,-47.52,17.50,52.57,16.75,54.91,Feast Streat Great Tasting Food Handicap Hurdle
896321,2025-12-31,Uttoxeter,hurdle,Lon Chaney,1,,-61.84,46.49,47.62,82.68,47.14,83.54,Simply Logistics Maiden Hurdle (GBB Race)
896321,2025-12-31,Uttoxeter,hurdle,Inishcorker,2,123,-70.34,37.99,44.87,79.93,44.36,80.92,Simply Logistics Maiden Hurdle (GBB Race)
896321,2025-12-31,Uttoxeter,hurdle,Firm But Fair,3,,-79.34,28.99,41.95,77.02,41.42,78.15,Simply Logistics Maiden Hurdle (GBB Race)
896321,2025-12-31,Uttoxeter,hurdle,Arctic Conditions,4,,-106.34,1.99,33.21,68.28,32.61,69.84,Simply Logistics Maiden Hurdle (GBB Race)
896322,2025-12-31,Uttoxeter,hurdle,Sophie Power,5,98,-3.66,85.25,52.06,93.18,51.20,93.53,Malcolm Harrison Handicap Hurdle
896322,2025-12-31,Uttoxeter,hurdle,Churchman,6,78,-5.16,83.75,51.37,92.49,50.49,92.87,Malcolm Harrison Handicap Hurdle
896322,2025-12-31,Uttoxeter,hurdle,Saccary,7,79,-6.16,82.75,50.91,92.02,50.02,92.43,Malcolm Harrison Handicap Hurdle
896322,2025-12-31,Uttoxeter,hurdle,Chosen Bae,8,72,-10.16,78.75,49.06,90.17,48.14,90.68,Malcolm Harrison Handicap Hurdle
896322,2025-12-31,Uttoxeter,hurdle,Jeepydoff Meel,9,75,-12.91,76.00,47.78,88.90,46.84,89.47,Malcolm Harrison Handicap Hurdle
896322,2025-12-31,Uttoxeter,hurdle,In The Purple,10,100,-13.01,75.90,47.74,88.86,46.80,89.43,Malcolm Harrison Handicap Hurdle
896322,2025-12-31,Uttoxeter,hurdle,Catboy,11,77,-16.51,72.40,46.12,87.24,45.15,87.89,Malcolm Harrison Handicap Hurdle
896322,2025-12-31,Uttoxeter,hurdle,Master Dunraven,12,86,-31.51,57.40,39.18,80.30,38.09,81.31,Malcolm Harrison Handicap Hurdle
896310,2025-12-31,Warwick,hurdle,Kaituna River,5,112,-9.15,-,71.48,-,70.23,-,Download The PricedUp App Handicap Hurdle
896323,2025-12-31,Uttoxeter,chase,Wotter Trotter,4,107,-11.69,101.61,58.40,100.60,58.77,100.55,QuinnBet Daily Free Bet Novices' Handicap Chase (GBB Race)
896323,2025-12-31,Uttoxeter,chase,Disguisedlimit,5,112,-20.69,92.61,55.05,97.25,55.44,97.46,QuinnBet Daily Free Bet Novices' Handicap Chase (GBB Race)
896323,2025-12-31,Uttoxeter,chase,Kepler's Law,6,119,-33.69,79.61,50.21,92.41,50.64,92.98,QuinnBet Daily Free Bet Novices' Handicap Chase (GBB Race)
896323,2025-12-31,Uttoxeter,chase,Tune In A Box,7,121,-35.94,77.36,49.37,91.57,49.81,92.21,QuinnBet Daily Free Bet Novices' Handicap Chase (GBB Race)
896324,2025-12-31,Uttoxeter,chase,Express Surprise,1,101,-54.80,55.09,50.61,85.67,51.29,86.67,General Sports Worldwide Handicap Chase
896324,2025-12-31,Uttoxeter,chase,Smurfette,2,100,-55.10,54.79,50.51,85.57,51.20,86.58,General Sports Worldwide Handicap Chase
896324,2025-12-31,Uttoxeter,chase,Fortunefavorsdbold,3,97,-76.10,33.79,43.81,78.87,44.59,80.35,General Sports Worldwide Handicap Chase
896324,2025-12-31,Uttoxeter,chase,Good Work,4,102,-77.35,32.54,43.41,78.47,44.20,79.98,General Sports Worldwide Handicap Chase
896324,2025-12-31,Uttoxeter,chase,Emotional Roller,5,89,-81.60,28.29,42.05,77.12,42.86,78.72,General Sports Worldwide Handicap Chase
896324,2025-12-31,Uttoxeter,chase,Gata Ban,6,95,-86.60,23.29,40.46,75.52,41.29,77.23,General Sports Worldwide Handicap Chase
896324,2025-12-31,Uttoxeter,chase,Nine Nine Nine,7,83,-98.60,11.29,36.63,71.69,37.51,73.67,General Sports Worldwide Handicap Chase
896325,2025-12-31,Uttoxeter,nh_flat,Capla Resdev,8,,-2.15,91.29,53.86,96.06,53.03,96.27,QuinnBet Mares' Open Maiden NH Flat Race (GBB Race)
896325,2025-12-31,Uttoxeter,nh_flat,Roberta Bishop,9,,-9.65,83.79,50.48,92.68,49.58,93.06,QuinnBet Mares' Open Maiden NH Flat Race (GBB Race)
896325,2025-12-31,Uttoxeter,nh_flat,Arbor Rose,10,,-12.90,80.54,49.01,91.21,48.09,91.67,QuinnBet Mares' Open Maiden NH Flat Race (GBB Race)
896325,2025-12-31,Uttoxeter,nh_flat,Maggi Breeze,11,,-38.90,54.54,37.27,79.47,36.14,80.55,QuinnBet Mares' Open Maiden NH Flat Race (GBB Race)
896325,2025-12-31,Uttoxeter,nh_flat,Maria Mes,12,,-64.90,28.54,25.52,67.72,24.18,69.42,QuinnBet Mares' Open Maiden NH Flat Race (GBB Race)
